Time,HeartRate,StressLevel,FatigueIndex,PostureAngle,Temperature,ReactionTime,Kills,Deaths,HRV,Stress_MA,FatigueTrend,PostureDrift,PerformanceDrop,PredictedDrop,Alert
2025-08-19 10:00:00,0.5159252477732217,0.5901190685753008,0.15880322565140004,0.30121919492974625,0.5511901884867663,0.6857011505644315,0,0,0.0,0.40051871712371495,0.49786946468795074,0.19878080507025375,0,0,✅ Stable performance.
2025-08-19 10:00:01,0.4420127383280952,0.39393391861853794,0.16437804604899708,0.41832047041485465,0.5408454913572895,0.7307549236728352,0,0,0.0,0.40051871712371495,0.49786946468795074,0.08167952958514535,0,0,✅ Stable performance.
2025-08-19 10:00:02,0.5364461095540869,0.32915932330895376,0.3031576420322091,0.5563468817166961,0.6445676683656911,0.6466882236972713,0,0,0.0,0.40051871712371495,0.49786946468795074,0.05634688171669611,0,0,✅ Stable performance.
2025-08-19 10:00:03,0.6414695313075052,0.2486285607387173,0.20103469681224323,0.4906777566533287,0.41485801392658583,0.28960722867446,0,0,0.0,0.40051871712371495,0.49786946468795074,0.00932224334667131,0,0,✅ Stable performance.
2025-08-19 10:00:04,0.4346018799024933,0.2196860323744055,0.24044057456239842,0.35102981663481225,0.2901263911302596,0.5510089376838867,0,0,0.0,0.40051871712371495,0.49786946468795074,0.14897018336518775,0,0,✅ Stable performance.
2025-08-19 10:00:05,0.43591930041563853,0.24158640569945103,0.16212262402390418,0.47811189723625835,0.5535704560663688,0.4046937534278017,0,0,0.0,0.40051871712371495,0.49786946468795074,0.021888102763741646,0,0,✅ Stable performance.
2025-08-19 10:00:06,0.6520721187957583,0.42671266510114836,0.16300846441765626,0.25029083467343316,0.570815647740929,0.544107266499871,0,0,0.0,0.40051871712371495,0.49786946468795074,0.24970916532656684,0,0,✅ Stable performance.
2025-08-19 10:00:07,0.5572097055004488,0.4508725023229934,0.25643387081269164,0.6475907290281917,0.7383180699508789,0.7170917426705778,0,0,0.0,0.40051871712371495,0.49786946468795074,0.1475907290281917,0,0,✅ Stable performance.
2025-08-19 10:00:08,0.4119783936487391,0.24188092979678666,0.13518933839407432,0.446770425621394,0.35573604350472454,0.6183785903699364,0,0,0.0,0.40051871712371495,0.49786946468795074,0.05322957437860598,0,0,✅ Stable performance.
2025-08-19 10:00:09,0.5331912803238905,0.48950383140761156,0.1822409791978437,0.6428918971064399,0.6918939145713692,0.741678358262261,0,0,0.0,0.40051871712371495,0.49786946468795074,0.1428918971064399,0,0,✅ Stable performance.
2025-08-19 10:00:10,0.41531699673016464,0.3516938948316561,0.20503655676817525,0.3991786829966122,0.8599995606344963,0.6237326508028487,0,0,0.0,0.40051871712371495,0.49786946468795074,0.10082131700338781,0,0,✅ Stable performance.
2025-08-19 10:00:11,0.4163512331216064,0.41467930119855495,0.20923733492802263,0.3996165596428649,0.4794666228215183,0.38383246954713957,0,0,0.0,0.40051871712371495,0.49786946468795074,0.10038344035713509,0,0,✅ Stable performance.
2025-08-19 10:00:12,0.5015020212226333,0.5612220628255424,0.19504755920666858,0.36397089327049015,0.3528832484633986,0.20501006423404533,0,0,0.0,0.40051871712371495,0.49786946468795074,0.13602910672950985,0,0,✅ Stable performance.
2025-08-19 10:00:13,0.2474622570234255,0.4896839315865532,0.2241267311337289,0.6069847202716061,0.47541764540306986,0.595509891812404,0,0,0.0,0.40051871712371495,0.49786946468795074,0.1069847202716061,0,0,✅ Stable performance.
2025-08-19 10:00:14,0.2710809710032014,0.3731469352094168,0.2393120484912797,0.37208275237539734,0.5337732163691604,0.5424513493264804,0,0,0.0,0.40051871712371495,0.49786946468795074,0.12791724762460266,0,0,✅ Stable performance.
2025-08-19 10:00:15,0.41012463213373285,0.31088077745847126,0.241734656594812,0.572677158080066,0.6099833599813911,0.43084186839609195,0,0,0.0,0.40051871712371495,0.49786946468795074,0.07267715808006603,0,0,✅ Stable performance.
2025-08-19 10:00:16,0.358043713653144,0.18481845986706952,0.15604610750991052,0.420523536676614,0.44985355057679,0.3249864587427025,0,0,0.0,0.40051871712371495,0.49786946468795074,0.07947646332338598,0,0,✅ Stable performance.
2025-08-19 10:00:17,0.5165654877660306,0.328084668075758,0.19146206166831836,0.18445034960890982,0.7474113295716642,0.46626967363275407,0,0,0.0,0.40051871712371495,0.49786946468795074,0.3155496503910902,0,0,✅ Stable performance.
2025-08-19 10:00:18,0.37304811799105786,0.3788869761172306,0.26574147828006145,0.39269247312344113,0.3773369445836616,0.5452941716145359,0,0,0.0,0.40051871712371495,0.49786946468795074,0.10730752687655887,0,0,✅ Stable performance.
2025-08-19 10:00:19,0.31459252459362874,0.3012820472848816,0.25106921318636455,0.30250170364077533,0.29074566287989523,0.6711433805822884,0,0,0.0,0.40051871712371495,0.49786946468795074,0.19749829635922467,0,0,✅ Stable performance.
2025-08-19 10:00:20,0.656846685255543,0.38687430329076955,0.13802739985507412,0.48220512311092234,0.6852425302399312,0.6013348409444663,0,0,0.0,0.40051871712371495,0.49786946468795074,0.01779487688907766,0,0,✅ Stable performance.
2025-08-19 10:00:21,0.4577367267777255,0.40768518829587685,0.22457788606819376,0.30082771822614207,0.21652705683248064,0.8089607021205698,0,0,0.0,0.40051871712371495,0.49786946468795074,0.19917228177385793,0,0,✅ Stable performance.
2025-08-19 10:00:22,0.4937659050335623,0.37751440181919216,0.10842614720329952,0.6143625930393526,0.5035356819804062,0.42226171255145517,0,0,0.0,0.40051871712371495,0.49786946468795074,0.11436259303935259,0,0,✅ Stable performance.
2025-08-19 10:00:23,0.3182433223059522,0.334999741917654,0.2100176733965149,0.46368997357081554,0.964000498327938,0.7026186633091762,0,0,0.0,0.40051871712371495,0.49786946468795074,0.03631002642918446,0,0,✅ Stable performance.
2025-08-19 10:00:24,0.4238177974781192,0.4168654671966728,0.30289279775225164,0.45087231173605957,0.5301624066335995,0.5806616686021369,0,0,0.0,0.40051871712371495,0.49786946468795074,0.04912768826394043,0,0,✅ Stable performance.
2025-08-19 10:00:25,0.5027242195568173,0.4441940649569409,0.16094332967295982,0.5743507263229382,0.3764726110045933,0.6753547841573939,0,0,0.0,0.40051871712371495,0.49786946468795074,0.07435072632293815,0,0,✅ Stable performance.
2025-08-19 10:00:26,0.35448217858337894,0.2909600922557154,0.16695533188328637,0.619982064346654,0.5238755104615147,0.5098925709065534,0,0,0.0,0.40051871712371495,0.49786946468795074,0.11998206434665404,0,0,✅ Stable performance.
2025-08-19 10:00:27,0.536618640163361,0.541093237974627,0.24720649185796484,0.4742049893192237,0.5247899324176686,0.7305015299595494,0,0,0.0,0.40051871712371495,0.49786946468795074,0.025795010680776276,0,0,✅ Stable performance.
2025-08-19 10:00:28,0.4222023651003588,0.39014118677157383,0.13219844564029593,0.3629318653333513,0.554100938995195,0.6169266685117012,0,0,0.0,0.40051871712371495,0.49786946468795074,0.1370681346666487,0,0,✅ Stable performance.
2025-08-19 10:00:29,0.4600564416242574,0.4018849622944848,0.17803428852798261,0.214375022625497,0.6236338426612069,0.4743583377118077,0,0,0.10324056397179157,0.3772891646390849,0.49786946468795074,0.285624977374503,0,0,✅ Stable performance.
2025-08-19 10:00:30,0.42457432659543737,0.47082144232565576,0.2398276155227786,0.37554662681619755,0.387791719253864,0.5719843205599944,0,0,0.10268808689390214,0.37331257709743004,0.49786946468795074,0.12445337318380245,0,0,✅ Stable performance.
2025-08-19 10:00:31,0.7165543913444019,0.4233216131263502,0.17862478488067715,0.3857446684136874,0.7657574364970614,0.5387024489982943,0,0,0.11354907069652233,0.37429216691435724,0.49786946468795074,0.11425533158631263,0,0,✅ Stable performance.
2025-08-19 10:00:32,0.4967422447340122,0.49531366339132454,0.1988740965260551,0.4930427459180162,0.5658092691350367,0.6452969345396793,0,0,0.11285442182421003,0.37983064491710283,0.49786946468795074,0.006957254081983777,0,0,✅ Stable performance.
2025-08-19 10:00:33,0.3742602198198932,0.42871241652018244,0.2482154000238118,0.42605022128884995,0.6325790492237342,0.40117307162776705,0,0,0.1083710255269339,0.3858334401098184,0.49786946468795074,0.07394977871115005,0,0,✅ Stable performance.
2025-08-19 10:00:34,0.598251959165147,0.33875626253595625,0.2324169373063445,0.5790974662733364,0.4447586692446537,0.5694497415785467,0,0,0.11165946852877973,0.38980244778187,0.49786946468795074,0.07909746627333636,0,0,✅ Stable performance.
2025-08-19 10:00:35,0.35738118696917787,0.4361503525206102,0.22501407156574288,0.3863711766440052,0.7101483736890075,0.6315660827890497,0,0,0.11303554799840401,0.39628791267590874,0.49786946468795074,0.11362882335599478,0,0,✅ Stable performance.
2025-08-19 10:00:36,0.5279828394011956,0.28562737926793386,0.1950505564089272,0.46873209694394813,0.49619961908325605,0.5785735509737191,0,0,0.10761860486065421,0.3915850698148016,0.49786946468795074,0.03126790305605187,0,0,✅ Stable performance.
2025-08-19 10:00:37,0.27227412827439146,0.41085597057765233,0.23084324475733328,0.6525862386433134,0.5703058114347295,0.7707648941531522,0,0,0.11021657908798609,0.3902511854232902,0.49786946468795074,0.15258623864331344,0,0,✅ Stable performance.
2025-08-19 10:00:38,0.34829405188835594,0.39667700093555397,0.20648707361035404,0.5278227863142972,0.4024859978687587,0.6869621183285846,0,0,0.11135821512890652,0.39541105446124913,0.49786946468795074,0.027822786314297243,0,0,✅ Stable performance.
2025-08-19 10:00:39,0.5301736331621307,0.3791883142727461,0.2358975067330875,0.4682881942658379,0.39363858882011193,0.5726488749198055,0,0,0.11126934954603727,0.39173387055675357,0.49786946468795074,0.0317118057341621,0,0,✅ Stable performance.
2025-08-19 10:00:40,0.5955329424546423,0.38714624885610693,0.1884941436023557,0.3880065414344793,0.6272299316493628,0.6054389844497949,0,0,0.11488832000281003,0.39291561569090194,0.49786946468795074,0.11199345856552068,0,0,✅ Stable performance.
2025-08-19 10:00:41,0.5295313457134989,0.2118150954502361,0.2045458147607339,0.38337148614981853,0.4703397041086297,0.6169911448557859,0,0,0.11585170433912516,0.38615347549929135,0.49786946468795074,0.11662851385018147,0,0,✅ Stable performance.
2025-08-19 10:00:42,0.49670622517708707,0.34512750922590385,0.16450989247356662,0.3511671080429686,0.41347609586164413,0.6327351518228337,1,0,0.11577626035646119,0.3789503237126367,0.49786946468795074,0.14883289195703142,0,0,✅ Stable performance.
2025-08-19 10:00:43,0.4759070569616686,0.4092844901141115,0.2125909202223119,0.39703423480914424,0.4426746850326162,0.30669777698051304,0,0,0.1096029489019384,0.376270342330222,0.49786946468795074,0.10296576519085576,0,0,✅ Stable performance.
2025-08-19 10:00:44,0.3375775064168365,0.4159856391997401,0.17412477616263783,0.5891318586876726,0.6287197719535,0.5296378178253434,0,0,0.10640600544222505,0.3776982991298994,0.49786946468795074,0.0891318586876726,0,0,✅ Stable performance.
2025-08-19 10:00:45,0.4286217047458045,0.2972324859074042,0.15930601545743675,0.4443105625386288,0.4446355119518328,0.3566090554039474,0,0,0.10618425155897011,0.3772433560781972,0.49786946468795074,0.05568943746137123,0,0,✅ Stable performance.
2025-08-19 10:00:46,0.46048346858230693,0.5265707840864701,0.22827491397976218,0.27721828939588367,0.5155227039043435,0.7607217138932476,0,0,0.10453874488524621,0.38863510021884384,0.49786946468795074,0.22278171060411633,0,0,✅ Stable performance.
2025-08-19 10:00:47,0.6414465066401485,0.3133825151785499,0.22631236400133217,0.7391307805927343,0.5339149931174156,0.564842446285899,0,0,0.10924704098385109,0.3881450284556036,0.49786946468795074,0.2391307805927343,0,0,✅ Stable performance.
2025-08-19 10:00:48,0.5580512264301098,0.4969457200526737,0.25515258057733414,0.5245842987414253,0.2660516257411949,0.5454624643947394,0,0,0.10914491581381663,0.3920803199201183,0.49786946468795074,0.024584298741425314,0,0,✅ Stable performance.
2025-08-19 10:00:49,0.30959333279703616,0.4427194361871685,0.1947861339726069,0.26874870047922794,0.3279063666944708,0.7049207796231931,0,0,0.10939450276803514,0.39679489955019454,0.49786946468795074,0.23125129952077206,0,0,✅ Stable performance.
2025-08-19 10:00:50,0.5579898079003125,0.3353772690156197,0.23707857341465602,0.4117241440793258,0.5784462415167497,0.6355180329661729,0,0,0.10497860752469798,0.3950783317410229,0.49786946468795074,0.08827585592067422,0,0,✅ Stable performance.
2025-08-19 10:00:51,0.4750856760475266,0.5775310892609512,0.24454932830795778,0.4936099887703942,0.4296658801103934,0.40865382408474415,0,0,0.10497406441217809,0.40073986177319204,0.49786946468795074,0.006390011229605808,0,0,✅ Stable performance.
2025-08-19 10:00:52,0.4416167952933583,0.28063631682435203,0.2395816587073107,0.7297120360131903,0.6783136078018548,0.5633715432508908,0,0,0.10495585415194146,0.3975105922733641,0.49786946468795074,0.22971203601319035,0,0,✅ Stable performance.
2025-08-19 10:00:53,0.5953836504938506,0.4919154173610002,0.17639380279708022,0.31301948195554763,0.6658493261883813,0.5247170790159379,0,0,0.10371338463732178,0.4027411147881423,0.49786946468795074,0.18698051804445237,0,0,✅ Stable performance.
2025-08-19 10:00:54,0.6461542670764227,0.5000582318042979,0.22547817967220313,0.6217796431133067,0.6315220296249788,0.31856422833928866,0,0,0.10779372343830433,0.40551420694172974,0.49786946468795074,0.12177964311330669,0,0,✅ Stable performance.
2025-08-19 10:00:55,0.6354225938486227,0.3329379790923355,0.23655053898283313,0.6845116756382996,0.7840861067239691,0.47277401337624925,0,0,0.1113210247388888,0.4018056707462429,0.49786946468795074,0.18451167563829962,0,0,✅ Stable performance.
2025-08-19 10:00:56,0.42673564204258607,0.5392465300064329,0.21903596614695353,0.3840495666132431,0.5203141399376414,0.5468960362649915,0,0,0.10911870462340827,0.41008188533793355,0.49786946468795074,0.11595043338675692,0,0,✅ Stable performance.
2025-08-19 10:00:57,0.4905941762257673,0.37499534854010474,0.11468667850445854,0.43606985764994244,0.6217789792146107,0.5569288447986189,0,0,0.10875254544591069,0.40454528902344944,0.49786946468795074,0.06393014235005756,0,0,✅ Stable performance.
2025-08-19 10:00:58,0.5675321455381599,0.4288693629279857,0.22736856124314317,0.32365688193298103,0.45082301494456223,0.35693197523996156,0,0,0.10897070374763307,0.4058362282286632,0.49786946468795074,0.17634311806701897,0,0,✅ Stable performance.
2025-08-19 10:00:59,0.6449122198261721,0.4260321838771221,0.33030415063578766,0.44704047882070963,0.8717759809050349,0.7422012444905466,0,0,0.11224711527583936,0.4066411356147511,0.20775465470893595,0.05295952117929037,0,0,✅ Stable performance.
2025-08-19 10:01:00,0.47360242785240136,0.38656912585294523,0.20200915384953277,0.4717618711290137,0.8068004110433433,0.5588081477765048,0,0,0.1114848031727864,0.4038327250656607,0.20847475351223815,0.028238128870986312,0,0,✅ Stable performance.
2025-08-19 10:01:01,0.5094071611316924,0.48108082731597823,0.1839407810160722,0.5749074404659713,0.533478716573637,0.5792361360968932,1,0,0.10378075277759548,0.40575803220531503,0.20880079909502275,0.07490744046597131,0,0,✅ Stable performance.
2025-08-19 10:01:02,0.4013503661813729,0.4793488720552213,0.23934558251586455,0.6386895011685838,0.5854199138757177,0.6323463619235923,0,0,0.10512873494339431,0.40522587249411157,0.20773726476975035,0.1386895011685838,0,0,✅ Stable performance.
2025-08-19 10:01:03,0.3917145104131683,0.22514680267618192,0.23663058367507958,0.3663546786737073,0.720255813883198,0.4584684644505852,0,0,0.10451109830258185,0.3984403520326449,0.20833052955079762,0.1336453213262927,0,0,✅ Stable performance.
2025-08-19 10:01:04,0.6307031223057948,0.5304340242878153,0.2809819500440281,0.1857300746621755,0.5114355932873704,0.6404958913082355,0,0,0.105820854247851,0.40482961075770685,0.20900621914215814,0.3142699253378245,0,0,✅ Stable performance.
2025-08-19 10:01:05,0.6961128908565664,0.23375080119643257,0.15878530259921933,0.47403520926590215,0.4408115498645482,0.5200498328219536,0,0,0.10899371956699287,0.39808295904690094,0.20895059711841338,0.025964790734097853,0,0,✅ Stable performance.
2025-08-19 10:01:06,0.5278828211262643,0.5032546204341658,0.25858124164486973,0.5206691311752749,0.6529831135030353,0.44259643395590653,0,0,0.10899293740690658,0.4053372004191086,0.21054347673886695,0.020669131175274913,0,0,✅ Stable performance.
2025-08-19 10:01:07,0.6562819710106864,0.5126705136827584,0.25186685070014964,0.5141329275218909,0.5427050066558623,0.6576232749213622,0,0,0.10333844817083603,0.4087310185226122,0.2104673597369912,0.014132927521890881,0,0,✅ Stable performance.
2025-08-19 10:01:08,0.5811960431622005,0.2909033569784802,0.2155719394120055,0.4287870268930245,0.5571983038613064,0.7919354366797522,0,0,0.09895960669030103,0.4052052303907097,0.21180706975395674,0.0712129731069755,0,0,✅ Stable performance.
2025-08-19 10:01:09,0.46287310110925595,0.3589185712045415,0.23994715077657366,0.49566414727020325,0.41618633153953555,0.67976642865392,0,0,0.09957053778599256,0.4045295722884362,0.2127688392802689,0.004335852729796752,0,0,✅ Stable performance.
2025-08-19 10:01:10,0.5830640068333026,0.28942953315140646,0.2748191775818634,0.7016905130227125,0.2937305379822792,0.7087502533088637,0,0,0.09927658494924621,0.4012723484316129,0.21393188296049706,0.20169051302271246,0,0,✅ Stable performance.
2025-08-19 10:01:11,0.7234004084995591,0.37850789697112647,0.2672955911248244,0.5337351614276602,0.5645656003448183,0.49758866879129604,0,0,0.10593003509670894,0.4068287751489759,0.21489952056377706,0.0337351614276602,0,0,✅ Stable performance.
2025-08-19 10:01:12,0.5378581662918276,0.3691965715814259,0.16686237514117183,0.4218692961411752,0.6572764494239167,0.3400537267651216,0,0,0.10578279491210911,0.4076310772274933,0.2144297674960188,0.07813070385882481,0,0,✅ Stable performance.
2025-08-19 10:01:13,0.7283871344588,0.47796605322693403,0.26535476870408886,0.4030799557209268,0.5005308490701221,0.7917107113708359,0,0,0.11131592400003043,0.40992046266458737,0.2151169014555248,0.09692004427907319,0,0,✅ Stable performance.
2025-08-19 10:01:14,0.23353945600234338,0.5310308746119609,0.22144594773614507,0.4520195050703877,0.7309477336090358,0.8742641503731892,0,0,0.1191030447879899,0.41375530384499476,0.21481913310960588,0.047980494929612316,0,0,✅ Stable performance.
2025-08-19 10:01:15,0.6421821893044077,0.5395683810789956,0.2286576015100031,0.7196599749307397,0.43425596316666404,0.799414825863926,0,0,0.11897577445695882,0.4218331670173811,0.21460118219152574,0.21965997493073974,0,0,✅ Stable performance.
2025-08-19 10:01:16,0.5559993296007928,0.3437831973421698,0.22900726478076844,0.45002717776516077,0.3856301995075615,0.5246265407439854,0,0,0.11802048659329975,0.41574024745923777,0.2158172014793734,0.04997282223483923,0,0,✅ Stable performance.
2025-08-19 10:01:17,0.5111300155572174,0.37907781262554724,0.21816878441222712,0.4742500862114536,0.5225124953551248,0.40485073941505,0,0,0.11670882115350749,0.41793009070747106,0.2162623135251052,0.025749913788546408,0,0,✅ Stable performance.
2025-08-19 10:01:18,0.5582843543776117,0.23165618077790498,0.28559982732894973,0.40572944558844704,0.5203829990647626,0.4178620050811943,0,0,0.11671008201779876,0.4090871060649787,0.21659328600925332,0.09427055441155296,0,0,✅ Stable performance.
2025-08-19 10:01:19,0.3127805885257975,0.31941299335038115,0.22216207310259223,0.6399931742281555,0.6385638641270193,0.32745770260156415,0,0,0.11649448651129025,0.4049768913037525,0.21611150034119045,0.1399931742281555,0,0,✅ Stable performance.
2025-08-19 10:01:20,0.5230690104900388,0.4964851633097458,0.17070418329735076,0.7675257332162908,0.42440759612951906,0.5580364733505754,0,0,0.11648271394950827,0.41034715444689,0.2166561133985617,0.2675257332162908,0,0,✅ Stable performance.
2025-08-19 10:01:21,0.592227985232392,0.5615582823548232,0.20733851553947913,0.5439393318611772,0.7214751915576687,0.8086112125013902,0,0,0.11623609735928621,0.40981472755001913,0.21636879055641647,0.043939331861177156,0,0,✅ Stable performance.
2025-08-19 10:01:22,0.7258259942267087,0.2765651128120078,0.23628326279994571,0.4894450730563036,0.8044831666866661,0.5530216315477885,0,0,0.11925506538242159,0.40967902074960766,0.21849974248302723,0.010554926943696419,0,0,✅ Stable performance.
2025-08-19 10:01:23,0.49012963120371,0.3407535740847106,0.2891427847957308,0.48263180147622764,0.5264057765393266,0.6179649384119907,0,0,0.11948845252140569,0.40464029264039797,0.21981849433968084,0.01736819852377236,0,0,✅ Stable performance.
2025-08-19 10:01:24,0.45653439058239,0.3973594243041073,0.25817029844977635,0.12395565910686024,0.7050649912013465,0.7749564658977559,0,0,0.11916920608999579,0.4012169990570583,0.21907311935130627,0.37604434089313976,0,0,✅ Stable performance.
2025-08-19 10:01:25,0.49365271545135503,0.4280161158819607,0.18582231888643883,0.5875741012044151,0.3853817096128367,0.5146346913684352,0,0,0.11815811471756052,0.40438627028337915,0.2194877691715309,0.08757410120441511,0,0,✅ Stable performance.
2025-08-19 10:01:26,0.6623174348218885,0.3190396480078354,0.35294209727919196,0.49705884601838113,0.6808775849673103,0.8714873776976413,0,0,0.11836199526609015,0.3970460408834259,0.22258754859479601,0.0029411539816188714,0,0,✅ Stable performance.
2025-08-19 10:01:27,0.5935670779223103,0.442406104446409,0.2422548856156027,0.5406399596060898,0.6770038694682614,0.8651336895429833,0,0,0.11820828508631319,0.39929306608030274,0.22250502182408996,0.04063995960608979,0,0,✅ Stable performance.
2025-08-19 10:01:28,0.492595784717865,0.3526160652929084,0.29311917558811085,0.3717818612304482,0.6515203446441662,0.5545650058738383,0,0,0.11859248947688301,0.39675128949246674,0.22518703398988688,0.1282181387695518,0,0,✅ Stable performance.
2025-08-19 10:01:29,0.6168987887917101,0.3985547729121721,0.222097435630755,0.4202265796303273,0.5296745334504718,0.48926517304710515,0,0,0.11789848484054108,0.3958353757936351,0.2259214197749331,0.07977342036967272,0,0,✅ Stable performance.
2025-08-19 10:01:30,0.5683075188645963,0.45462842480036997,0.2566846381663453,0.4162906128254349,0.12231797919951948,0.6757305493463375,0,0,0.11717305277866816,0.39810401909188264,0.22620237015232586,0.08370938717456511,0,0,✅ Stable performance.
2025-08-19 10:01:31,0.6722720673578286,0.4006422269810938,0.27232361977844943,0.62853249964571,0.44287654123028597,0.5229094358975561,0,0,0.11905039616824617,0.39542273241405307,0.22776401740062205,0.12853249964571,0,0,✅ Stable performance.
2025-08-19 10:01:32,0.475027132607422,0.35636141094734314,0.29159344876169835,0.4210705769623906,0.44506825756762813,0.40456976586448956,0,0,0.11652441851456871,0.39132315037712384,0.2293093399378828,0.07892942303760941,0,0,✅ Stable performance.
2025-08-19 10:01:33,0.5200633616276669,0.38903901960741694,0.28388564706435315,0.7857215503380175,0.3962275254366383,0.7611543478386265,0,0,0.11255305888500408,0.3967862242748316,0.22990384405522515,0.2857215503380175,0,0,✅ Stable performance.
2025-08-19 10:01:34,0.5130954267381647,0.3911637040794665,0.27496060042054715,0.541013343552919,0.5487770228587818,0.7516771041435824,1,0,0.11208172173146877,0.39214388026788677,0.23061290510712854,0.04101334355291897,0,0,✅ Stable performance.
2025-08-19 10:01:35,0.3868142909736767,0.3629988970117872,0.21592993247864922,0.28819453000421147,0.4737557358912472,0.5964903398196724,0,0,0.11305445507393955,0.3964521501283985,0.2304615027890103,0.21180546999578853,0,0,✅ Stable performance.
2025-08-19 10:01:36,0.5959305202922172,0.37412039373328976,0.20343048556200793,0.458138857163064,0.4175252949157917,0.3890195004596091,0,0,0.11334873979021126,0.392147675905036,0.230601168274895,0.04186114283693598,0,0,✅ Stable performance.
2025-08-19 10:01:37,0.5924052881832944,0.5598647170504717,0.24898168179747726,0.3806391113412806,0.38506246018924095,0.3938960390894217,0,0,0.1118510043450292,0.3937208160172931,0.23090347555889737,0.11936088865871941,0,0,✅ Stable performance.
2025-08-19 10:01:38,0.5626985850026769,0.4560919447941239,0.2793412285197772,0.1520922970284282,0.43264845024281984,0.5894279177496471,0,0,0.11170525715985827,0.39922710227781455,0.23211771147405444,0.3479077029715718,0,0,✅ Stable performance.
2025-08-19 10:01:39,0.5349030955878804,0.370451968197084,0.22188230848534976,0.7141386969003718,0.6872925314464884,0.5006252435457521,0,0,0.11062360967568312,0.39961154884423267,0.23188412483659213,0.2141386969003718,0,0,✅ Stable performance.
2025-08-19 10:01:40,0.39559894137529206,0.4696954404510736,0.2866104604313558,0.581350712045686,0.4402014915944692,0.5238502684098101,0,0,0.11385139350374796,0.4056204124208882,0.23351939678374212,0.081350712045686,0,0,✅ Stable performance.
2025-08-19 10:01:41,0.5140269427220809,0.36661805102439904,0.3063162180414018,0.5561753900918145,0.4604517784277742,0.7232292195696113,0,0,0.10866300910110464,0.405224084222664,0.23521557017175326,0.05617539009181449,0,0,✅ Stable performance.
2025-08-19 10:01:42,0.5238237245188722,0.5173124637586641,0.1882028534348782,0.5016865368661443,0.4685250776861678,0.6809878039736734,0,0,0.1086816946302971,0.4101612806285719,0.2356104528544418,0.0016865368661442837,0,0,✅ Stable performance.
2025-08-19 10:01:43,0.46992723204753517,0.43696421921980944,0.19250638282019158,0.2724413771656735,0.5788226776244967,0.7753288366529709,0,0,0.10289715679093324,0.40879455282833443,0.23527571056440647,0.22755862283432648,0,0,✅ Stable performance.
2025-08-19 10:01:44,0.546406511675325,0.38926978559957714,0.22766718368619512,0.4055363263584182,0.595076538100384,0.4288412152761596,0,0,0.08681131174031335,0.4040691831945883,0.23616808402313244,0.09446367364158181,0,0,✅ Stable performance.
2025-08-19 10:01:45,0.6139090999290728,0.4447716925810278,0.2504000886623781,0.601889491771118,0.10978580344139166,0.523543293548572,0,0,0.08577301620318799,0.4009092935779893,0.23768631857654812,0.10188949177111795,0,0,✅ Stable performance.
2025-08-19 10:01:46,0.7900167003832952,0.24291238479315008,0.20912462318602212,0.32144790054478145,0.6734495226419699,0.6847620074850771,0,0,0.09752185853063824,0.3975469331596887,0.2373671470633191,0.17855209945521855,0,0,✅ Stable performance.
2025-08-19 10:01:47,0.5877293369635546,0.2873232531090195,0.30329662643918825,0.10210959028913891,0.7309392105999901,0.6392850932892622,0,0,0.0976484882177238,0.39448844784247117,0.23865021810395007,0.3978904097108611,0,0,✅ Stable performance.
2025-08-19 10:01:48,0.5980428527874837,0.2806074993600945,0.25722335419320996,0.4435375727332631,0.38625646697544047,0.7978897213889304,0,0,0.09808937285349759,0.3961201584618775,0.23868473099754797,0.05646242726673689,0,0,✅ Stable performance.
2025-08-19 10:01:49,0.5591789259512723,0.4142943094763707,0.23832588215078074,0.45618165408894384,0.39705323399813874,0.6352564826012774,0,0,0.08751669659069851,0.39928286899941046,0.23941039346718418,0.043818345911056156,0,0,✅ Stable performance.
2025-08-19 10:01:50,0.3411268262645022,0.5732514999485092,0.16489157216677375,0.49726580684981103,0.46941836752291666,0.8440724587966826,0,0,0.09576207311812691,0.40184174688736923,0.2382072767797195,0.0027341931501889682,0,0,✅ Stable performance.
2025-08-19 10:01:51,0.5657557670890205,0.6231300146192633,0.17122977616028112,0.5851100946138241,0.42703563931125155,0.6527333977418255,0,0,0.09547633221407954,0.4038941379628505,0.2369852842439249,0.08511009461382413,0,0,✅ Stable performance.
2025-08-19 10:01:52,0.5764611693537374,0.46380511014407577,0.2514045481172032,0.5716416697687401,0.5628722997078093,0.7291100411673068,0,0,0.0896324863045458,0.4101354712072528,0.23718233240075642,0.07164166976874009,0,0,✅ Stable performance.
2025-08-19 10:01:53,0.8615744980435698,0.4500844474944457,0.1310578229168274,0.5155184117346923,0.2620072336188297,0.5264214614200746,0,0,0.10612371009059911,0.413779833654244,0.23642673273608553,0.015518411734692261,0,0,✅ Stable performance.
2025-08-19 10:01:54,0.5473501904270901,0.21989422658472613,0.2886529933282292,0.6542964345746203,0.3768662937763567,0.5758329571957943,0,1,0.10447033899590522,0.4078643270635979,0.23747964629701931,0.15429643457462028,0,0,✅ Stable performance.
2025-08-19 10:01:55,0.6062529487889525,0.3457326200265978,0.23044694924886594,0.25215237559922166,0.7451932468646718,0.7069901209842675,0,0,0.10406171133540167,0.4051215438684192,0.23737791980145317,0.24784762440077834,0,0,✅ Stable performance.
2025-08-19 10:01:56,0.5667868944963759,0.32122162480917615,0.400842808568675,0.5519346197181663,0.4031633036332174,0.8096790399571154,0,0,0.10235920909840954,0.4051942764284639,0.2404080338418152,0.051934619718166264,0,0,✅ Stable performance.
2025-08-19 10:01:57,0.43279773880578754,0.3379152401748884,0.3544174912412002,0.5700020650885746,0.7041941693850147,0.6804111400883075,0,0,0.1047022350553212,0.40171124761941324,0.2444035473874276,0.07000206508857465,0,0,✅ Stable performance.
2025-08-19 10:01:58,0.7069991184587188,0.3831856181415211,0.2302827438694752,0.29354563979355497,0.5810883547281405,0.5615772929151357,0,0,0.10762466144068399,0.4027302327143669,0.24445211709786643,0.20645436020644503,0,0,✅ Stable performance.
2025-08-19 10:01:59,0.6610183149029565,0.3527909422302873,0.23437186582674166,0.25453741285801845,0.28103368771775994,0.7752106987387144,0,0,0.10870511195810419,0.40120477169163743,0.24285324568438235,0.24546258714198155,0,0,✅ Stable performance.
2025-08-19 10:02:00,0.6659665924716378,0.20207001896242124,0.2898013102748653,0.36667377723912953,0.6199003184965384,0.2531147808093249,0,0,0.11032356202186516,0.3927861581637058,0.24431644829147123,0.13332622276087047,0,0,✅ Stable performance.
2025-08-19 10:02:01,0.46480972371089213,0.4747910256117534,0.32551438369212204,0.3791774497432945,0.515520989110231,0.3657079335644029,0,0,0.10994248738033979,0.39525778478472784,0.24667600833607206,0.12082255025670552,0,0,✅ Stable performance.
2025-08-19 10:02:02,0.7390349191851768,0.2927256974260194,0.15878781894587568,0.5887990658828275,0.46869565603545693,0.6734481239659058,0,0,0.11348045467750977,0.393136594334017,0.2453333789432389,0.08879906588282749,0,0,✅ Stable performance.
2025-08-19 10:02:03,0.4070253603556975,0.42392468641111497,0.15170401717139853,0.38614073280198546,0.5657874795089732,0.5758067953610573,0,0,0.11695112411863916,0.3942994498941403,0.24391793616817753,0.11385926719801454,0,0,✅ Stable performance.
2025-08-19 10:02:04,0.642898096650869,0.6074082669749974,0.2102545687828702,0.3503174481108853,0.5976249022546609,0.6623137032637401,0,0,0.11739364765233688,0.401507601990658,0.24273914648049158,0.14968255188911472,0,0,✅ Stable performance.
2025-08-19 10:02:05,0.833130269659333,0.3080615408413577,0.27082670684073884,0.3865711055732648,0.629917263524423,0.5831642292121719,0,0,0.12176415716079524,0.399676356784977,0.24460650321785024,0.1134288944267352,0,0,✅ Stable performance.
2025-08-19 10:02:06,0.45648961283160094,0.14697124772536702,0.26686702582888183,0.6429041028880165,0.695159641658532,0.657257328123005,0,0,0.12391385234157262,0.39210471858471296,0.2447445996209171,0.14290410288801647,0,0,✅ Stable performance.
2025-08-19 10:02:07,0.5069672795085847,0.37139957781198896,0.29584543767415084,0.47911488189336104,0.5884071010067706,0.4546175859847381,0,0,0.1245705703384009,0.3858225472767635,0.24547757607048382,0.020885118106638956,0,0,✅ Stable performance.
2025-08-19 10:02:08,0.586067344851682,0.5100959634998572,0.18270550712814929,0.4506271246165614,0.34114337908590775,0.6571900995868092,0,0,0.12455786874168814,0.38762268123362126,0.2449298021990862,0.0493728753834386,0,0,✅ Stable performance.
2025-08-19 10:02:09,0.5147980551315126,0.5958347454220594,0.12721670901942722,0.46088561242799253,0.46617579126300823,0.7191995861749911,0,0,0.12484446259041433,0.39513544047445376,0.24305096150313377,0.03911438757200747,0,0,✅ Stable performance.
2025-08-19 10:02:10,0.39090378324655406,0.2770450405547583,0.2862581305544347,0.6685968676318019,0.9397931428050712,0.7522772959042645,0,0,0.12508121568117828,0.38871376047790995,0.24324161071934328,0.16859686763180193,0,0,✅ Stable performance.
2025-08-19 10:02:11,0.5829006718737724,0.4496699223236522,0.20228112576252205,0.3661953230321182,0.6322598124979475,0.8682727018201724,0,0,0.12453712269907066,0.391482156187885,0.2421580362966382,0.13380467696788179,0,0,✅ Stable performance.
2025-08-19 10:02:12,0.4490633952650527,0.35346895432199466,0.14310006481280824,0.6720706021636924,0.8602591845320959,0.6094482447507525,0,0,0.1263969224545062,0.38602070587332943,0.2417619977911655,0.1720706021636924,0,0,✅ Stable performance.
2025-08-19 10:02:13,0.6311585486080853,0.38940516456958646,0.2516111639516656,0.5083668569680619,0.725265002979842,0.613809043706274,0,0,0.12516559358157933,0.38443540405165527,0.24153293771195847,0.008366856968061942,0,0,✅ Stable performance.
2025-08-19 10:02:14,0.4662336853437028,0.6644343347017034,0.2843502796860867,0.4534169681404481,0.5653501347913856,0.3509433869564452,0,0,0.12677711865313188,0.3936075556883928,0.2425813432444575,0.04658303185955193,0,0,✅ Stable performance.
2025-08-19 10:02:15,0.7588924264216927,0.24970296716048468,0.2389221572905454,0.8476824011417023,0.5736124969195537,0.4960117245001259,0,0,0.13087402692493327,0.3871052648410414,0.24275241917413318,0.34768240114170235,0,0,✅ Stable performance.
2025-08-19 10:02:16,0.4825507988938238,0.4253739661494574,0.22246611320894114,0.32079317266707275,0.5267611928713896,0.5455003310391497,0,0,0.12607436066792238,0.3931873175529183,0.2426433999812694,0.17920682733292725,0,0,✅ Stable performance.
2025-08-19 10:02:17,0.5372610386131624,0.44676931717654333,0.23772393953222665,0.42478521567018657,0.2909398032816415,0.7273770083427602,0,0,0.12620766811033812,0.3985021863551691,0.24296931923326942,0.07521478432981343,0,0,✅ Stable performance.
2025-08-19 10:02:18,0.6718552205754633,0.5085786324939348,0.2274964316409392,0.29460207999129606,0.5343335523189938,0.4843698591109411,0,0,0.12745993388850466,0.40610122412629707,0.2420009293051359,0.20539792000870394,0,0,✅ Stable performance.
2025-08-19 10:02:19,0.42968627243925983,0.40979831534708955,0.17895673278542634,0.6182865321636477,0.6996538934067127,0.6902265394171889,0,0,0.13013588256279765,0.4059513576553211,0.24128084029984978,0.1182865321636477,0,0,✅ Stable performance.
2025-08-19 10:02:20,0.6024887331137743,0.43080505395041024,0.21095857315436947,0.7274301106222802,0.4487106033884358,0.5735059028820013,0,0,0.12286839873682553,0.4012031427887177,0.24195174679746678,0.22743011062228025,0,0,✅ Stable performance.
2025-08-19 10:02:21,0.730416686933981,0.3608351432578209,0.2730901208760381,0.7245758960968907,0.5889362202096455,0.5478281211150311,0,0,0.12593415959070847,0.392459980410003,0.24304760688640942,0.22457589609689066,0,0,✅ Stable performance.
2025-08-19 10:02:22,0.38510086492809714,0.42691269412451077,0.2634435713156288,0.6585063699621085,0.6498782360873601,0.6101497029515706,0,0,0.13105365417716874,0.39123023320935085,0.24350027869500412,0.15850636996210854,0,0,✅ Stable performance.
2025-08-19 10:02:23,0.5974057902015542,0.365680772450259,0.25609615316660117,0.44790575458062554,0.40573322727847616,0.5165273150298639,0,0,0.1196739329071425,0.38841677737454466,0.2429495015011853,0.05209424541937446,0,0,✅ Stable performance.
2025-08-19 10:02:24,0.606288660253294,0.4621571889856051,0.19826925739704754,0.42307334967761445,0.4692728905379919,0.5109863476662506,0,0,0.1197988605889407,0.396492209454574,0.24195115081697313,0.07692665032238555,0,0,✅ Stable performance.
2025-08-19 10:02:25,0.6680790070969231,0.3630389663956366,0.23928504200438952,0.22960446766985365,0.39073038918000336,0.3243781576559308,0,0,0.12096229601285863,0.39706908766687526,0.24284219620227232,0.27039553233014635,0,0,✅ Stable performance.
2025-08-19 10:02:26,0.42884151191139486,0.4377100393902187,0.1398404664104865,0.7787902479620201,0.41786441191476875,0.5374739933908159,1,0,0.12377620899781437,0.40095203481957664,0.2392905023544606,0.2787902479620201,0,0,✅ Stable performance.
2025-08-19 10:02:27,0.4188718783397338,0.3970737186315022,0.2579510705483551,0.546660048019306,0.35334580987822584,0.5035365081978749,0,0,0.12432526354294168,0.40292398410146374,0.2395521054366731,0.04666004801930601,0,0,✅ Stable performance.
2025-08-19 10:02:28,0.6370607553806018,0.5126050250772168,0.32080364136622036,0.4043008186663539,0.4070129512466787,0.4982687844607616,0,0,0.1222566036271132,0.40723796433265363,0.24001351319964162,0.09569918133364608,0,0,✅ Stable performance.
2025-08-19 10:02:29,0.610303380066963,0.3948606276411514,0.17598766799489307,0.6739296340222274,0.7285948436379885,0.6347205887607867,0,0,0.12123101667319836,0.4086402871796825,0.23924501707237725,0.1739296340222274,0,0,✅ Stable performance.
2025-08-19 10:02:30,0.6046752165920508,0.22269675317931187,0.22073140955256693,0.3330708163192666,0.4049297120485673,0.6700835018604865,0,0,0.11995294883091083,0.4093278449869121,0.23864579659548096,0.1669291836807334,0,0,✅ Stable performance.
2025-08-19 10:02:31,0.6159090299388237,0.5261921500713992,0.26681665077541755,0.5374222134980822,0.5493614686629722,0.6077070142416972,0,0,0.11892631332293772,0.41104121580223363,0.23855401377876373,0.03742221349808217,0,0,✅ Stable performance.
2025-08-19 10:02:32,0.49414763942141793,0.30942676991373813,0.3133369621827416,0.4516081351174641,0.46212489852778793,0.7193459565189018,0,0,0.11500899771258505,0.41159791821849095,0.23891640566911446,0.048391864882535884,0,0,✅ Stable performance.
2025-08-19 10:02:33,0.6020669247763659,0.334623366135118,0.2286171182678163,0.5718003832938012,0.6952446272725807,0.6579325603081594,0,0,0.11162875430601844,0.4086212075426244,0.2379952635225055,0.07180038329380123,0,0,✅ Stable performance.
2025-08-19 10:02:34,0.6090942859074315,0.3404338705956508,0.21674935124098532,0.4677643483369853,0.7135833650214733,0.5305842227114288,0,0,0.11098145448659803,0.3997220609966462,0.23702507603617948,0.032235651663014675,0,0,✅ Stable performance.
2025-08-19 10:02:35,0.4895461915997601,0.5374438093170818,0.15324922920493234,0.2622325487148749,0.6516080489102185,0.5060395194956693,0,0,0.09932674195847473,0.40736813661250365,0.2359803976482842,0.2377674512851251,0,0,✅ Stable performance.
2025-08-19 10:02:36,0.7950216403050032,0.18643257860213047,0.2572008114125982,0.48837893159854984,0.5742678140963204,0.619500712840251,0,0,0.10701429855132996,0.4086835143083957,0.23687656974579405,0.011621068401450163,0,0,✅ Stable performance.
2025-08-19 10:02:37,0.6298885640328491,0.7137748533659994,0.35446622557583646,0.6325681839531345,0.49980271492050665,0.6576700263444424,0,0,0.10713005129347643,0.4200960234935295,0.23863464547543337,0.13256818395313452,0,0,✅ Stable performance.
2025-08-19 10:02:38,0.4323740780921723,0.5056056809066052,0.2665638652883394,0.47285424006782684,0.36661584993866203,0.7782106620388451,0,0,0.10985439242265634,0.4199463474070877,0.23842168942157607,0.027145759932173164,0,0,✅ Stable performance.
2025-08-19 10:02:39,0.651050096688869,0.422323891412916,0.2519155118523764,0.5920132033844316,0.8012411433052709,0.7479801382492828,0,0,0.1106310544255478,0.41416265227344956,0.2389222428110265,0.09201320338443164,0,0,✅ Stable performance.
2025-08-19 10:02:40,0.45752332616672065,0.3945105999383714,0.26946709497136767,0.32229093518104124,0.42652704785967277,0.4945399785138529,0,0,0.10760221051228402,0.41807817091957006,0.23863652005336006,0.17770906481895876,0,0,✅ Stable performance.
2025-08-19 10:02:41,0.6659709730294763,0.4285554074857657,0.25314189785704466,0.47329210395787014,0.6238256027799594,0.5588223039426943,0,0,0.1090265825425289,0.4173743537583071,0.23775028138362073,0.026707896042129864,0,0,✅ Stable performance.
2025-08-19 10:02:42,0.7096926482571597,0.45211224283793383,0.2133792980629246,0.38466346380814764,0.6787073763346623,0.6718952234980189,0,0,0.1092796264787247,0.4206624633755051,0.23816988879408818,0.11533653619185236,0,0,✅ Stable performance.
2025-08-19 10:02:43,0.47488835603447166,0.4645215585950057,0.2955275310812727,0.5878452058598373,0.45485965542294604,0.7299628638684417,0,0,0.11050651499691723,0.42316634317635243,0.23988690793177286,0.08784520585983735,0,0,✅ Stable performance.
2025-08-19 10:02:44,0.6859343194365259,0.4555604466003449,0.2659851300744316,0.48184791779764824,0.6757197231076368,0.7110894446228888,0,0,0.11029947406843102,0.4162038802396405,0.2405255403715768,0.01815208220235176,0,0,✅ Stable performance.
2025-08-19 10:02:45,0.6203660274289833,0.40895806812552493,0.25591123513698305,0.579414604287559,0.6377660408242658,0.5643994844436218,0,0,0.10546546617326118,0.4215123836051418,0.24061739281282024,0.07941460428755898,0,0,✅ Stable performance.
2025-08-19 10:02:46,0.6685055383552938,0.38026615796926744,0.20659578979784407,0.6383231280351107,0.7713598158476587,0.3903128653473258,0,0,0.10511733771069522,0.4200087899991355,0.24057524558968393,0.1383231280351107,0,0,✅ Stable performance.
2025-08-19 10:02:47,0.7954711353980686,0.38487267163464883,0.32087300637995086,0.5796434757557805,0.46677171145997187,0.42762522151384674,0,0,0.11150622757304816,0.41794556848107234,0.2408681852553633,0.07964347575578046,0,0,✅ Stable performance.
2025-08-19 10:02:48,0.5412960708763364,0.38050917196473194,0.2892662656713248,0.5176441120264799,0.35358718180619375,0.6136221687324501,0,0,0.11086643799333402,0.41367658646343225,0.24140223377999853,0.017644112026479863,0,0,✅ Stable performance.
2025-08-19 10:02:49,0.4806767644412093,0.5133770096867065,0.22871860515776055,0.3293008204626009,0.46176157889962877,0.6238016419617227,0,0,0.10871616736427873,0.41712920960808614,0.24124211249678154,0.1706991795373991,0,0,✅ Stable performance.
2025-08-19 10:02:50,0.4641840263293646,0.4593556722280862,0.3067894083316789,0.4767697978536276,0.5607828554277305,0.41303546665947066,0,0,0.11108797519111832,0.4180808968840087,0.2436070764328633,0.023230202146372392,0,0,✅ Stable performance.
2025-08-19 10:02:51,0.472495991519311,0.10596113653357198,0.23215314234977802,0.39820703182558814,0.5399012346646792,0.5802624689444058,0,0,0.10946963149005555,0.40958509665986703,0.2446224658693549,0.10179296817441186,0,0,✅ Stable performance.
2025-08-19 10:02:52,0.559581070786999,0.4655900776529761,0.2182650282649429,0.4262106528378804,0.47729405210088904,0.6660744975653159,0,0,0.10338345193090148,0.4108743427774826,0.2440701405384839,0.0737893471621196,0,0,✅ Stable performance.
2025-08-19 10:02:53,0.608686186472071,0.4194736194718775,0.21971356563793676,0.42169659786092106,0.26718156524314374,0.4053491927907027,0,0,0.10345848995101004,0.41266743767820313,0.2455477362505024,0.07830340213907894,0,0,✅ Stable performance.
2025-08-19 10:02:54,0.6005875061714645,0.39812912435541026,0.16947881247900293,0.3320099300788706,0.597049567169277,0.7353748981707338,0,0,0.10342000368918865,0.41053316885719665,0.2435614999030153,0.16799006992112941,0,0,✅ Stable performance.
2025-08-19 10:02:55,0.6653322942211202,0.36114815469111144,0.28194287777577415,0.18720953677269758,0.8052355215012907,0.5185203238537404,0,0,0.10334335912560177,0.41047014180037916,0.2444197653784638,0.3127904632273024,0,0,✅ Stable performance.
2025-08-19 10:02:56,0.568382565728953,0.5124112719986014,0.1671420334594027,0.378199444433295,0.5961857295235342,0.7576985578541271,0,0,0.0992237137021769,0.4129601828873252,0.2405247524599759,0.121800555566705,0,0,✅ Stable performance.
2025-08-19 10:02:57,0.7385483755188529,0.4947526462122858,0.19761060443448844,0.5058310546603537,0.6162693874610934,0.49571317380737656,0,0,0.09762543566297202,0.41621614714001803,0.23791130434653068,0.005831054660353718,0,0,✅ Stable performance.
2025-08-19 10:02:58,0.5344682760104582,0.3227122332176391,0.15558691416530626,0.27745473488293415,0.6111834410714962,0.42357503965266785,0,0,0.09801725432158591,0.40988638741136546,0.23666637385146122,0.22254526511706585,0,0,✅ Stable performance.
2025-08-19 10:02:59,0.8875686643695586,0.44070522871245355,0.25539634860114463,0.47950582028233146,0.5868699255473038,0.5067298273048186,0,0,0.11164527541589157,0.41141454078040884,0.23701678189770128,0.020494179717668537,0,0,✅ Stable performance.
2025-08-19 10:03:00,0.6388779946548442,0.3028343265458714,0.25251732884855205,0.7587008148358958,0.6609781104968433,0.5598254704098307,0,0,0.11182551258185033,0.41408579322596084,0.2363953822072627,0.2587008148358958,0,0,✅ Stable performance.
2025-08-19 10:03:01,0.46264295977321646,0.26203818352110697,0.24403205982428383,0.6287448783101359,0.5866380181761053,0.516918810937846,0,0,0.11478466400216232,0.4052806610076178,0.2350373434761321,0.12874487831013592,0,0,✅ Stable performance.
2025-08-19 10:03:02,0.43675119841492727,0.3373282775410035,0.20857150437152958,0.7206676008864061,0.4884889919372428,0.5421478384146845,0,0,0.11706825705247917,0.4062107112618599,0.23586707156655964,0.22066760088640613,0,0,✅ Stable performance.
2025-08-19 10:03:03,0.620204926492874,0.4862393472382759,0.20242222005468274,0.5351268071175763,0.4214929892779793,0.6225933601934368,0,0,0.11713547159876928,0.41126457729863186,0.2367123749479477,0.03512680711757632,0,0,✅ Stable performance.
2025-08-19 10:03:04,0.5359730553496733,0.49531250453760867,0.2845859195252998,0.6501451355966097,0.49731948468540654,0.5487041157065593,0,0,0.1176745555487134,0.41642719843003045,0.23795123079365485,0.1501451355966097,0,0,✅ Stable performance.
2025-08-19 10:03:05,0.6464311936439606,0.4513085420097293,0.23417334838400308,0.3699296532496281,0.5753760620470185,0.5640726274223127,0,0,0.11623868873646975,0.41355602285311865,0.2373403414860426,0.13007034675037188,0,0,✅ Stable performance.
2025-08-19 10:03:06,0.6172850389699043,0.47250957868479976,0.27785237966769105,0.38172574502910184,0.48801688585061465,0.32372863125160634,0,0,0.1104269038665334,0.4230919228558744,0.23752343071668944,0.11827425497089816,0,0,✅ Stable performance.
2025-08-19 10:03:07,0.5519549015089622,0.45161782871149586,0.21810554790612907,0.07138830258891904,0.575405059214376,0.6310381472020257,0,0,0.11051206417203562,0.4143533553673909,0.2362277658872224,0.42861169741108096,0,0,✅ Stable performance.
2025-08-19 10:03:08,0.4596115302139614,0.3358518404777048,0.27175463797235067,0.652905943528141,0.5927062492663207,0.5606950406801581,0,0,0.10925056815466798,0.4086948940197609,0.23771191806795908,0.15290594352814102,0,0,✅ Stable performance.
2025-08-19 10:03:09,0.37980337742159054,0.4431922544673941,0.3281989213210561,0.705376277137522,0.6473260436218147,0.8092862678673531,0,0,0.11541901953690342,0.4093905061215768,0.24106162160631958,0.20537627713752205,0,0,✅ Stable performance.
2025-08-19 10:03:10,0.5057023754411234,0.48004095252276824,0.29267682809634843,0.3952312347245024,0.7096511254177802,0.43630965459696647,0,0,0.11390957763088833,0.41224151787439006,0.2411685998986848,0.10476876527549761,0,0,✅ Stable performance.
2025-08-19 10:03:11,0.6593810650643854,0.47542913298135747,0.24308136578734163,0.43956047435096,0.5426451473126175,0.30923747465048945,0,0,0.11375748465700966,0.4138039753909098,0.24184860389909846,0.06043952564903998,0,0,✅ Stable performance.
2025-08-19 10:03:12,0.5825858400764126,0.5188913371474644,0.2768955238374184,0.36550045823587807,0.3505496948331843,0.6641501437551587,0,0,0.11134771133246434,0.41602994520122744,0.24407852821617532,0.13449954176412193,0,0,✅ Stable performance.
2025-08-19 10:03:13,0.40892097536815064,0.4708303847201064,0.2523358352145677,0.5338713648010689,0.4839940162988663,0.6244308283775646,0,0,0.11415474020131886,0.4162402394053975,0.24409060607055696,0.03387136480106889,0,0,✅ Stable performance.
2025-08-19 10:03:14,0.5763064397358446,0.43514482075415833,0.26509662179727117,0.6438374576100183,0.5379397591690713,0.4262361143487272,0,0,0.11238568394697705,0.4155597185438579,0.24376971177241008,0.14383745761001832,0,0,✅ Stable performance.
2025-08-19 10:03:15,0.6007050320408851,0.5070150238316428,0.248755578576566,0.2189968465616996,0.27736015011353654,0.3499814207861919,0,0,0.11217690405413691,0.41882828373406183,0.2439336021271771,0.2810031534383004,0,0,✅ Stable performance.
2025-08-19 10:03:16,0.449591902512428,0.39734787407509403,0.257152889511178,0.5378394678044112,0.7243266156774784,0.7986234800592868,0,0,0.11304388830833136,0.4193976742709227,0.2445117150655477,0.037839467804411164,0,0,✅ Stable performance.
2025-08-19 10:03:17,0.5717617957587178,0.31181253487722826,0.27630783608061266,0.43619457442303977,0.5515680958554108,0.780589958615977,0,0,0.10460777443661756,0.4169623363790087,0.24515478000802077,0.06380542557696023,0,0,✅ Stable performance.
2025-08-19 10:03:18,0.5596749063423521,0.38369330360562365,0.2163687520692627,0.4939815417416611,0.584694467879213,0.20989417183689318,0,0,0.10454294507047457,0.41706847410037173,0.24496931868182617,0.00601845825833891,0,0,✅ Stable performance.
2025-08-19 10:03:19,0.4165818685714,0.32550973551935514,0.2155762643203177,0.5451809412558069,0.7211192502495947,0.5067172420205897,0,0,0.10688023421742664,0.41080623162812674,0.24557964420740772,0.04518094125580685,0,0,✅ Stable performance.
2025-08-19 10:03:20,0.5935913448470349,0.33248217250256185,0.19727659659971242,0.4493010033513052,0.4444823426911326,0.8171702727909405,0,0,0.10550945851831901,0.4065771149706093,0.2453516112648301,0.050698996648694816,0,0,✅ Stable performance.
2025-08-19 10:03:21,0.6168359098610794,0.38554813292844825,0.18702368768754385,0.4618365127634707,0.6114047629754631,0.5041077921827053,0,0,0.10449478267103143,0.4158966815171051,0.2439171707116885,0.03816348723652929,0,0,✅ Stable performance.
2025-08-19 10:03:22,0.6778946727701449,0.32075800790000386,0.20650662692316174,0.4454976764360037,0.5166026549657747,0.501979560470573,0,0,0.10636339016341656,0.4110689458586727,0.24296822163848075,0.05450232356399631,0,0,✅ Stable performance.
2025-08-19 10:03:23,0.673600686775035,0.369203847036096,0.2756774054958485,0.6209315754253235,0.5063140012182332,0.5323829274795471,0,0,0.10777748358913171,0.40939328677748,0.2432945758439682,0.12093157542532351,0,0,✅ Stable performance.
2025-08-19 10:03:24,0.3846900489478484,0.21063853330462146,0.22339842300250423,0.5392204056841203,0.424791630158734,0.4097856210416504,0,0,0.11305994081714439,0.4031436004091204,0.24371339527072583,0.03922040568412033,0,0,✅ Stable performance.
2025-08-19 10:03:25,0.4359497599184281,0.4213293707372939,0.2940520406101096,0.5098612468794528,0.7627154730186292,0.32437964402293107,0,0,0.1139605692099573,0.4051496409439931,0.24462617858082114,0.009861246879452779,0,0,✅ Stable performance.
2025-08-19 10:03:26,0.6072162793312124,0.40012054753622245,0.27044052345763925,0.2888954024131811,0.47978057283122455,0.7277028703150166,0,0,0.11428219150849332,0.4014066167952472,0.2468028461982737,0.21110459758681888,0,0,✅ Stable performance.
2025-08-19 10:03:27,0.6061949097854409,0.31829113689318095,0.17061314396956484,0.42109725718181856,0.6287906303472521,0.3041703306768845,0,0,0.10965419224602747,0.3955245664846103,0.24534721408862717,0.07890274281818144,0,0,✅ Stable performance.
2025-08-19 10:03:28,0.6054601325217401,0.4659245668432405,0.3021206524740084,0.6103173114154101,0.27192094550277757,0.6099123717473587,0,0,0.10992522962478952,0.40029831093879703,0.24503583094042367,0.11031731141541012,0,0,✅ Stable performance.
2025-08-19 10:03:29,1.0000000000000002,0.49375701376265585,0.3102453241639658,0.4827671689228974,0.695400239508071,0.7034261807603774,0,0,0.12268930028305246,0.4020667037738038,0.2472734585432415,0.017232831077102606,0,0,✅ Stable performance.
2025-08-19 10:03:30,0.6102753521395301,0.2392440135631026,0.22034577676409395,0.5748898808753111,0.6776879173035759,0.3614672025989023,0,0,0.1221873319700888,0.39994702667437815,0.2472670313301003,0.07488988087531112,0,0,✅ Stable performance.
2025-08-19 10:03:31,0.6762593968564541,0.3237275221433786,0.2913820062720426,0.7388852287165131,0.5453380483701671,0.43854716552734097,0,0,0.12243454778181061,0.4020033379617872,0.24767645392171073,0.23888522871651308,0,0,✅ Stable performance.
2025-08-19 10:03:32,0.6538216790641871,0.3230857650212702,0.2278810358782894,0.6310484855913687,0.5003734175472667,0.7511990533340163,0,0,0.12075784171573167,0.4015285875444628,0.2462521884833032,0.13104848559136872,0,0,✅ Stable performance.
2025-08-19 10:03:33,0.617032511131324,0.30600968988911353,0.2759229852076225,0.4909836395510885,0.587279312847421,0.6516910410347816,0,0,0.12071930851872,0.39552093229949065,0.24704061959896662,0.00901636044891152,0,0,✅ Stable performance.
2025-08-19 10:03:34,0.5015592253858172,0.4829474841931749,0.20814806464391378,0.40148125368790355,0.8491008520261931,0.4834505913443652,0,0,0.12127536314499432,0.39510876495467623,0.24689726482234878,0.09851874631209645,0,0,✅ Stable performance.
2025-08-19 10:03:35,0.6278730656402531,0.38061738612271967,0.1820511809863896,0.09888291636953062,0.28741444322549414,0.7496002571818918,0,0,0.12094473739971845,0.39275239309177595,0.24737729735203973,0.4011170836304694,0,0,✅ Stable performance.
2025-08-19 10:03:36,0.44542494588115655,0.37354851586893895,0.2528991627539264,0.4522369005743334,0.6402354183186367,0.7502272906283576,0,0,0.12289156036309443,0.3894536909979139,0.2473056032077285,0.04776309942566659,0,0,✅ Stable performance.
2025-08-19 10:03:37,0.5079514370462443,0.19961376355932467,0.26618709354228937,0.4288849149950882,0.40546474203957095,0.613098389555256,0,0,0.12335808253809771,0.38105355549284153,0.24583428434050272,0.07111508500491182,0,0,✅ Stable performance.
2025-08-19 10:03:38,0.47751776077659835,0.4635418030209227,0.2528230747967573,0.5350139664561944,0.5290708067793388,0.44207355203150867,0,0,0.12286250840550506,0.3853098875776154,0.24560527116564304,0.03501396645619437,0,0,✅ Stable performance.
2025-08-19 10:03:39,0.5437249917546336,0.2760741605146528,0.2138390501878159,0.45438201791193933,0.49747106915600936,0.5132665382657422,0,0,0.11775834331412115,0.3797392844458575,0.2449706634712337,0.04561798208806067,0,0,✅ Stable performance.
2025-08-19 10:03:40,0.8072497790127813,0.40599326302663286,0.2533791436138434,0.42971860043734544,0.47245898479702886,0.6156339014304864,0,0,0.12448162975125307,0.37727102812931956,0.24470253094860828,0.07028139956265456,0,0,✅ Stable performance.
2025-08-19 10:03:41,0.3107771724461874,0.42773769379581916,0.28717235297089333,0.2135706882773265,0.5303812055649195,0.5461566959400588,0,0,0.13309653166457805,0.3756813134898016,0.24526970520050578,0.2864293117226735,0,0,✅ Stable performance.
2025-08-19 10:03:42,0.6122833709599522,0.5360658595838651,0.27179648245718613,0.33792953335630926,0.37461463718842314,0.7110876468531353,0,0,0.13329160231254675,0.37625379757101496,0.24624332494041015,0.16207046664369074,0,0,✅ Stable performance.
2025-08-19 10:03:43,0.3388762002188168,0.2691179600880888,0.28349970411473,0.547796771178843,0.6744954308852242,0.3499777456497257,0,0,0.13682349471514038,0.369530050083281,0.24604286115763443,0.047796771178842956,0,0,✅ Stable performance.
2025-08-19 10:03:44,0.4729885229391424,0.09804878441791748,0.24120241118351404,0.7313883942209962,0.2831301838007385,0.3551719973672869,0,0,0.13796064617699194,0.35829351553873967,0.2456298158427858,0.23138839422099622,0,0,✅ Stable performance.
2025-08-19 10:03:45,0.6568634906935704,0.4183849544753695,0.33362758556349004,0.46273449875088524,0.6066532748582438,0.6001997631503717,0,0,0.13881520722685525,0.35533917989353053,0.24692508834989424,0.03726550124911476,0,0,✅ Stable performance.
2025-08-19 10:03:46,0.5344041160415729,0.5800511181510855,0.2165665416213994,0.5257466393741623,0.4865679205507165,0.5018432072943362,0,0,0.13716064578940323,0.361429288029397,0.2470912675469535,0.025746639374162328,0,0,✅ Stable performance.
2025-08-19 10:03:47,0.39803248458323903,0.5238946352939438,0.30008674192493073,0.6182889301258814,0.36951988357780285,0.4820225368868345,0,0,0.14076826023837044,0.36849869137662083,0.2467448298060365,0.11828893012588138,0,0,✅ Stable performance.
2025-08-19 10:03:48,0.43989524233922994,0.4209659415274626,0.3351368003400492,0.3570513888976823,0.5598859691739704,0.31512331588527076,0,0,0.14263100934264059,0.36974111264068216,0.2475093387171819,0.1429486111023177,0,0,✅ Stable performance.
2025-08-19 10:03:49,0.6040712722954775,0.3508363814367953,0.3004211689509523,0.5315247958662299,0.31600946848425115,0.576602155708468,0,0,0.1401392190118841,0.37058533417126344,0.24870438144706844,0.031524795866229915,0,0,✅ Stable performance.
2025-08-19 10:03:50,0.4359302202386064,0.48071225966373105,0.2665830715817224,0.3674814753662181,0.5373369420775722,0.5660264440614855,0,0,0.1420869403573269,0.37552633707663574,0.24803427583456916,0.1325185246337819,0,0,✅ Stable performance.
2025-08-19 10:03:51,0.54700373961564,0.30264538002955316,0.2506279492232713,0.6053033316924141,0.3345946450809878,0.6693297589068123,0,0,0.14174087295821552,0.3727629119800059,0.2483421892824607,0.10530333169241413,0,0,✅ Stable performance.
2025-08-19 10:03:52,0.5256474378536529,0.44763577693562195,0.3291807027301894,0.4996123940577859,0.5957727633578309,0.5838222566325231,0,0,0.14010364721946614,0.37699217094785986,0.2501907838568815,0.0003876059422140976,0,0,✅ Stable performance.
2025-08-19 10:03:53,0.4419312136904556,0.4505470159166627,0.20656109253624932,0.521397165534776,0.4036987365582041,0.5543466576703968,0,0,0.1397416052591834,0.3797036099105454,0.24997157597185335,0.021397165534775997,0,0,✅ Stable performance.
2025-08-19 10:03:54,0.7720098927022001,0.506020990749888,0.22953714440180717,0.36124324650972106,0.46931570252405796,0.745907090853186,0,0,0.1420480271053707,0.3895496918253877,0.2509725481705668,0.13875675349027894,0,0,✅ Stable performance.
2025-08-19 10:03:55,0.591975032742033,0.6759660038911077,0.2584989877676596,0.5819269751809255,0.5725787234136996,0.3817639631189531,0,0,0.1401755212150431,0.39803757959718145,0.2505818166704315,0.08192697518092551,0,0,✅ Stable performance.
2025-08-19 10:03:56,0.2757997010997719,0.4392415967178767,0.340593082539302,0.7860256358737003,0.42474315189798917,0.6522026323135213,0,0,0.14953570954565026,0.3993416145699032,0.25347266748842984,0.28602563587370033,0,0,✅ Stable performance.
2025-08-19 10:03:57,0.5366725296806276,0.34910363742925016,0.29803229508720325,0.327863882075472,0.5237969780439156,0.3292986132122695,0,0,0.14924742690614756,0.4003686979211055,0.25514636233264176,0.172136117924528,0,0,✅ Stable performance.
2025-08-19 10:03:58,0.4350213794241291,0.3974425687808006,0.23097514398110253,0.4268484163088191,0.3219867841938404,0.45111301115427627,0,0,0.15039402796301085,0.3980859646523575,0.2564028328295717,0.07315158369118091,0,0,✅ Stable performance.
2025-08-19 10:03:59,0.6132577909718733,0.2230924095110882,0.264195565258826,0.5114944053370478,0.6192829678073108,0.3963635436945929,0,0,0.12454622577398969,0.38906381117730526,0.25654948644053305,0.01149440533704782,0,0,✅ Stable performance.
2025-08-19 10:04:00,0.41720157025810023,0.3305286868910942,0.2493283119447128,0.5936859397893532,0.7764817694295885,0.6881205693507981,0,0,0.12544007804306018,0.39210663362157167,0.2564963361588024,0.09368593978935325,0,0,✅ Stable performance.
2025-08-19 10:04:01,0.4963270769548247,0.35907175618868964,0.2448885381593071,0.39428768325232877,0.9188839851900505,0.5641753348580243,0,0,0.12233547714559868,0.3932847747564154,0.2565106107977194,0.10571231674767123,0,0,✅ Stable performance.
2025-08-19 10:04:02,0.5685672763364937,0.3475911602065408,0.3296559843202792,0.057478807941429455,0.5444694691881935,0.5717679505415156,0,0,0.1201211647763098,0.394101621262591,0.25852868546353197,0.44252119205857054,0,0,✅ Stable performance.
2025-08-19 10:04:03,0.6101210814207703,0.4152354872033722,0.21245786855072132,0.6785418229414364,0.6410916312776953,0.41185743650629303,0,0,0.11993207656473913,0.39774248117306643,0.25869594627179926,0.1785418229414364,0,0,✅ Stable performance.
2025-08-19 10:04:04,0.3641491422065093,0.31775800676177995,0.3618175864220716,0.5898489297303411,0.28500400778323165,0.5299059078272956,0,0,0.12317096878668736,0.39223616525868654,0.25998314072007883,0.08984892973034109,0,0,✅ Stable performance.
2025-08-19 10:04:05,0.46552415232508926,0.5121030667324472,0.3231235467660405,0.21897083845134224,0.7401388138957636,0.46206839372911035,0,0,0.12153510700955208,0.3966190212790108,0.26146564402644606,0.28102916154865776,0,0,✅ Stable performance.
2025-08-19 10:04:06,0.447678169854282,0.40002070649181976,0.3365886644084506,0.38717331325192017,0.6394315852262413,0.6298324147744501,0,0,0.12149563917928345,0.3975014276331068,0.26244458210545873,0.11282668674807983,0,0,✅ Stable performance.
2025-08-19 10:04:07,0.42533143891963787,0.3990699678861386,0.2592321238984592,0.7095034111282774,0.46474968474218326,0.4287727721683736,0,0,0.12243691429810631,0.4041499677773339,0.26313002503866423,0.20950341112827742,0,0,✅ Stable performance.
2025-08-19 10:04:08,0.7106806807718928,0.36721052834870826,0.27521558216722297,0.6916686355569901,0.7033281526813302,0.7682567605411508,0,0,0.12787501794834266,0.40093892528826014,0.2631877074419121,0.1916686355569901,0,0,✅ Stable performance.
2025-08-19 10:04:09,0.548273861101348,0.4155190683858979,0.21138854601639917,0.6162388578881921,0.4965567466726517,0.32865014123254144,0,0,0.12791498863987627,0.40558708888396827,0.26124086785350115,0.1162388578881921,0,0,✅ Stable performance.
2025-08-19 10:04:10,0.34967998864520244,0.4825098264667635,0.257146535010751,0.45109209619157253,0.468341052053745,0.45577065811522144,0,0,0.11862143007514558,0.4081376409986393,0.26064869630207455,0.048907903808427466,0,0,✅ Stable performance.
2025-08-19 10:04:11,0.6065745519160186,0.31328697842890996,0.30839591636770514,0.48947685272348185,0.5977221348746222,0.8190730647411681,0,0,0.11473240615840948,0.40432261715307566,0.2617372721450806,0.010523147276518152,0,0,✅ Stable performance.
2025-08-19 10:04:12,0.7480150902041041,0.33418835109247436,0.34884984569607375,0.45778634062174817,0.38443114229386355,0.5100938600746696,0,0,0.12146168056138354,0.39759336687002933,0.26293651084272485,0.04221365937825183,0,0,✅ Stable performance.
2025-08-19 10:04:13,0.617668898886345,0.36962739712233356,0.22902237038833773,0.6443274135970412,0.6734480741568105,0.3814112449712834,0,0,0.11833537245832748,0.4009436814378375,0.262547953095621,0.14432741359704115,0,0,✅ Stable performance.
2025-08-19 10:04:14,0.3140891893846198,0.26541290765267855,0.2664384330006534,0.34742949528133105,0.3854520251095863,0.6057874758914232,0,0,0.124020168648879,0.4065224855456629,0.26257031661567737,0.15257050471866895,0,0,✅ Stable performance.
2025-08-19 10:04:15,0.4354743583416958,0.31807421402785024,0.2774822874597469,0.35780608924169677,0.38627472963637244,0.5042058415698265,0,0,0.12195656179667581,0.4031787941974122,0.26304909509706376,0.14219391075830323,0,0,✅ Stable performance.
2025-08-19 10:04:16,0.6416849208534336,0.3523779126455341,0.2155913069832051,0.6268512734299883,0.40573193131978336,0.45147746971231495,0,0,0.12427095539943442,0.39558968734722716,0.2623564020549309,0.12685127342998825,0,0,✅ Stable performance.
2025-08-19 10:04:17,0.4064826810355573,0.48743891807127276,0.31528174780220575,0.47061055278838815,0.637112708319326,0.41344628487731505,0,0,0.12401113504220883,0.39437449677313813,0.26300596725029074,0.029389447211611852,0,0,✅ Stable performance.
2025-08-19 10:04:18,0.5416400756932604,0.42625613290019254,0.24984828774861167,0.6813977721214397,0.44633532263888087,0.9786827458021312,0,0,0.12332972144655269,0.39455083648556244,0.2635639595116132,0.1813977721214397,0,0,✅ Stable performance.
2025-08-19 10:04:19,0.5795634357386983,0.41935899113675446,0.2766118053983473,0.37770031510836244,0.34497456248526825,0.536947746352995,0,0,0.12280960751480026,0.3968349234755611,0.2645812185295804,0.12229968489163756,0,0,✅ Stable performance.
2025-08-19 10:04:20,0.37669515176302704,0.48508979621679726,0.264117372983061,0.46906732398554585,0.4478733462623796,0.29208368697670584,0,0,0.12459893175467865,0.3969808413606633,0.26569523146930285,0.030932676014454152,0,0,✅ Stable performance.
2025-08-19 10:04:21,0.4781840925351799,0.38626282116006033,0.24758143491412749,0.3405302234664562,0.5273901982775535,0.7922332348782974,0,0,0.12459798847706804,0.3997680893983469,0.2667045272564126,0.15946977653354377,0,0,✅ Stable performance.
2025-08-19 10:04:22,0.09994340665346235,0.439046484992889,0.28702962954753986,0.47827330667201284,0.36812710061689424,0.6631265821185,1,0,0.14542039261018608,0.39948177966692244,0.26804657730015224,0.021726693327987157,0,0,✅ Stable performance.
2025-08-19 10:04:23,0.36130569400271995,0.3896778247067504,0.2769349185146228,0.2581408815807773,0.3721874303145847,0.46162940834848687,0,0,0.14721117122349275,0.397452806626592,0.2680675358504651,0.2418591184192227,0,0,✅ Stable performance.
2025-08-19 10:04:24,0.4514600808623359,0.42653623493996284,0.269456021950547,0.4049413280130505,0.8244968347923924,0.43725254491234833,0,0,0.13770170385951588,0.3948033147662612,0.26883516249959916,0.0950586719869495,0,0,✅ Stable performance.
2025-08-19 10:04:25,0.33226054595702603,0.3417241342388418,0.2519593536019195,0.26440645547844266,0.41254148533248713,0.672254323599053,0,0,0.13882798207004268,0.38366191911118563,0.26813361771612937,0.23559354452155734,0,0,✅ Stable performance.
2025-08-19 10:04:26,0.6722006048212625,0.1561182841723571,0.3046921868465408,0.5799849029621442,0.4870521824211358,0.5376255151349716,0,0,0.13805942971230867,0.37422447535966835,0.26870447877261106,0.07998490296214422,0,0,✅ Stable performance.
2025-08-19 10:04:27,0.30806595407037785,0.3865720837813696,0.37173033535346367,0.5833428090853809,0.4809259838674236,0.2920236478420887,0,0,0.14156706041139086,0.3754734235714057,0.2720564319623427,0.08334280908538094,0,0,✅ Stable performance.
2025-08-19 10:04:28,0.4240698835926775,0.5422748136099941,0.29637735219226213,0.22085004816348697,0.4734239713380122,0.8351689182119357,0,0,0.1417031538594761,0.3803011650657121,0.2719607102909803,0.27914995183651303,0,0,✅ Stable performance.
2025-08-19 10:04:29,0.490393123692207,0.49262154022415927,0.3395224199173186,0.6747931591679972,0.6179620899564475,0.5102618238216015,0,0,0.13948929127249585,0.3892854694228145,0.27244866188686945,0.1747931591679972,0,0,✅ Stable performance.
2025-08-19 10:04:30,0.6443563922224136,0.4965397484591171,0.22053893153554532,0.847166055279005,0.663262127095603,0.7925055927951226,0,0,0.14230689539228134,0.39481917147508194,0.2724518811330603,0.347166055279005,0,0,✅ Stable performance.
2025-08-19 10:04:31,0.3021800727329462,0.5236130721806218,0.29827161837936333,0.4839982393728617,0.4894208885651765,0.7607442415452554,0,0,0.14608578135233868,0.4003038820081463,0.27256670800151567,0.016001760627138317,0,0,✅ Stable performance.
2025-08-19 10:04:32,0.6087947448605093,0.40886575909614375,0.23584864908757788,0.3822036668965252,0.36043296325157526,0.42732197199051725,0,0,0.14713223384638527,0.40234636863779977,0.27269950155500383,0.11779633310347482,0,0,✅ Stable performance.
2025-08-19 10:04:33,0.4708914491824978,0.41973157074055956,0.21720433728099248,0.8955974626313128,0.7084930028172884,0.7248713893576737,0,0,0.14502634130662156,0.4024962380890393,0.27172085742289326,0.3955974626313128,0,0,✅ Stable performance.
2025-08-19 10:04:34,0.3520835973127048,0.338234810456565,0.2544155319060921,0.281781881185978,0.5186158174919511,0.4784543512092878,0,1,0.14535814985582246,0.4031787982121988,0.2724919818772629,0.21821811881402198,0,0,✅ Stable performance.
2025-08-19 10:04:35,0.5218049669122529,0.36839271439729504,0.35131258762117895,0.4801612548757168,0.7716866756898972,0.30069433453153727,0,0,0.14561184764819332,0.3983884531343604,0.2753130053211761,0.019838745124283186,0,0,✅ Stable performance.
2025-08-19 10:04:36,0.48932759333372644,0.4615771149771142,0.33955193095543895,0.5037929756261588,0.22055186675991179,0.5116356676286815,0,0,0.1455351366376572,0.4004403334172036,0.27675721812453463,0.0037929756261587677,0,0,✅ Stable performance.
2025-08-19 10:04:37,0.39331851222468495,0.5203884437168816,0.304534894246133,0.6764615674032539,0.5589183905636288,0.6319069364276007,0,0,0.1460433139234124,0.40448428261156166,0.27739634813626535,0.17646156740325392,0,0,✅ Stable performance.
2025-08-19 10:04:38,0.4713845604163216,0.3860553724319001,0.21608314877037282,0.5304766487298624,0.7977864143960582,0.5060570193204867,0,0,0.13915051554447525,0.4051124440810014,0.2767840160358256,0.030476648729862443,0,0,✅ Stable performance.
2025-08-19 10:04:39,0.41614857849983866,0.35498107351485886,0.2832376628169289,0.4033116453107999,0.48286288307083014,0.5288300890886106,0,0,0.13860973537006832,0.4030945109186334,0.2779406595796442,0.09668835468920012,0,0,✅ Stable performance.
2025-08-19 10:04:40,0.47393165051874586,0.40005279588565973,0.3084702144528689,0.3362678411556397,0.5005742818495307,0.7410164969000546,0,0,0.13693695554171068,0.40034594323259665,0.2788588440936279,0.16373215884436032,0,0,✅ Stable performance.
2025-08-19 10:04:41,0.5376123122411822,0.46012067489291153,0.30249554410816837,0.4265428176814119,0.5727952877769487,0.589320361674055,0,0,0.13509110618796757,0.4052403997813967,0.2791142306125825,0.07345718231858811,0,0,✅ Stable performance.
2025-08-19 10:04:42,0.6457534813564152,0.25561451838664584,0.20186257207665753,0.32800970786068184,0.4543723663690491,0.4503909421938377,0,0,0.12885965475494904,0.40262127202453574,0.2779486654395737,0.17199029213931816,0,0,✅ Stable performance.
2025-08-19 10:04:43,0.3098804235581947,0.1703819046862762,0.2498698774711576,0.48426770807946795,0.4885728891334207,0.6764315323991477,0,0,0.12828632275386853,0.39597975561000054,0.27738816832884755,0.01573229192053205,0,0,✅ Stable performance.
2025-08-19 10:04:44,0.7079275553224609,0.34494631505084167,0.2915154002861718,0.39359881728387025,0.4850044077267168,0.6026578092559141,0,0,0.13375351219227502,0.39863086918993923,0.27822671814722516,0.10640118271612975,0,0,✅ Stable performance.
2025-08-19 10:04:45,0.22262252471974175,0.27792875740858414,0.3218673525909235,0.25584596423197636,0.4448596758212817,0.20489921894187924,0,0,0.14082288125699594,0.3972926873026304,0.278030714264349,0.24415403576802364,0,0,✅ Stable performance.
2025-08-19 10:04:46,0.4345984864159058,0.3491859802352689,0.185579934681523,0.6631281039730141,0.7021742566873037,0.6363997864911741,0,0,0.13650420397250526,0.3971862895556216,0.277514270815351,0.16312810397301414,0,0,✅ Stable performance.
2025-08-19 10:04:47,0.5209668592808345,0.3852219681182529,0.2876136455839838,0.40345406933596895,0.5957458641359503,0.6310572639320258,0,0,0.1368215903904443,0.39377905789052087,0.2773063858763353,0.09654593066403105,0,0,✅ Stable performance.
2025-08-19 10:04:48,0.48324106987084914,0.3546751590976987,0.3032058014733807,0.28931242260308654,0.566573604916651,0.5766863046130255,0,0,0.1359538781353365,0.39139302543043775,0.2767742025618908,0.21068757739691346,0,0,✅ Stable performance.
2025-08-19 10:04:49,0.37486118639439736,0.5452467534470746,0.3388674810267001,0.45225553563390264,0.643914857988305,0.7041752601460429,0,0,0.13449619683856232,0.39558928417411515,0.27741497442981994,0.04774446436609736,0,0,✅ Stable performance.
2025-08-19 10:04:50,0.4226653464043235,0.43267447646023205,0.3313632794342176,0.4873115641409034,0.49518722853068775,0.4753897705833461,0,0,0.13394156368740182,0.39384210684889626,0.2784946445606949,0.012688435859096625,0,0,✅ Stable performance.
2025-08-19 10:04:51,0.3876020729242424,0.43004743596108286,0.32618248478424244,0.2184494817413194,0.4245128084477643,0.6229641106702413,0,0,0.1342444987553647,0.39530159400893033,0.2797538868200444,0.2815505182586806,0,0,✅ Stable performance.
2025-08-19 10:04:52,0.3748746257062914,0.4622207144043402,0.25739041213016184,0.5263150175797686,0.4482969225068074,0.3445385238896437,0,0,0.11836474944407852,0.3960740683226454,0.27855738197671065,0.026315017579768618,0,0,✅ Stable performance.
2025-08-19 10:04:53,0.5440483157605798,0.2861166882219231,0.2023208492305495,0.3220497402535938,0.5320790299128833,0.6332896422759065,0,0,0.11815579307065231,0.3926220304398178,0.27848671125494895,0.17795025974640621,0,0,✅ Stable performance.
2025-08-19 10:04:54,0.48438125775815877,0.503911178742027,0.2784018368551012,0.7306656134459444,0.3850054102959066,0.8594239465602858,0,0,0.118230016291902,0.39520119523321995,0.27930112279583713,0.23066561344594438,0,0,✅ Stable performance.
2025-08-19 10:04:55,0.3586849035369002,0.39242357134645406,0.3484695845900556,0.5548055074523628,0.46248637942313,0.42822202077193516,0,0,0.11733486994110526,0.3968911764701403,0.2808006327428771,0.05480550745236279,0,0,✅ Stable performance.
2025-08-19 10:04:56,0.5460552445702997,0.4670480617241213,0.36839423832730556,0.4179387355634048,0.4602884946521941,0.46260421852958955,0,0,0.11165093131987616,0.4072555023885325,0.2812639853393438,0.08206126443659523,0,0,✅ Stable performance.
2025-08-19 10:04:57,0.4745805589447931,0.2928142766959845,0.3345824856874296,0.3667884954540779,0.8263349031349847,0.46988669057672516,0,0,0.10805113944049279,0.404130242152353,0.28187315518268097,0.13321150454592212,0,0,✅ Stable performance.
2025-08-19 10:04:58,0.5331784566742437,0.24462412339839357,0.32085559033408345,0.461631943945358,0.14732949003633244,0.5927584093537415,0,0,0.10853189989524395,0.394208552478633,0.28337116262189727,0.038368056054642,0,0,✅ Stable performance.
2025-08-19 10:04:59,0.5101731742324971,0.4817889658025029,0.31870405023475135,0.5679654019710147,0.5069332307427756,0.41824910685856653,0,0,0.10874127708964514,0.39384746666457776,0.28427963737149603,0.06796540197101475,0,0,✅ Stable performance.
2025-08-19 10:05:00,0.3360675657754395,0.43764095260975167,0.2722496490988704,0.47340568270732586,0.7710451456976157,0.6353604351797535,0,0,0.10596001559228549,0.39188417346959886,0.2846616596573987,0.02659431729267414,0,0,✅ Stable performance.
2025-08-19 10:05:01,0.3666244396757601,0.309794844564249,0.2938860903806848,0.44501121646872344,0.5487217777396429,0.6976133390641786,0,0,0.10333405155363481,0.3847568992157198,0.28547828552775495,0.054988783531276564,0,0,✅ Stable performance.
2025-08-19 10:05:02,0.5202404969916858,0.3130336918725306,0.3841760999711387,0.4858299094524714,0.6362695517264689,0.6519039410876064,0,0,0.10012656079766129,0.3815624969749327,0.286386954121936,0.014170090547528602,0,0,✅ Stable performance.
2025-08-19 10:05:03,0.5027334104539105,0.512543478441477,0.25392824201168473,0.38772291639592593,0.5456696524797415,0.31507084664414897,0,0,0.10045606944415501,0.38465622723162995,0.28707812701295204,0.11227708360407407,0,0,✅ Stable performance.
2025-08-19 10:05:04,0.42666125726940773,0.2810588107132672,0.3821286004582275,0.42633776702558235,0.43932704011803647,0.7193097501343353,0,0,0.09867085125439251,0.38275036057352,0.28741664391355465,0.07366223297441765,0,0,✅ Stable performance.
2025-08-19 10:05:05,0.4417598232115112,0.5642672953255964,0.2856217718195883,0.16817953850643663,0.22106059194522398,0.7108551065504041,0,0,0.09801451209478126,0.38927951327113003,0.2867916143311138,0.33182046149356337,0,0,✅ Stable performance.
2025-08-19 10:05:06,0.5779571781802915,0.3099379265352131,0.36832830362040153,0.6214367595618295,0.5603118494144805,0.69517370620732,0,0,0.10032893453670728,0.38422487365640007,0.28732060831797956,0.12143675956182953,0,0,✅ Stable performance.
2025-08-19 10:05:07,0.3552269695428907,0.46383919256083833,0.23204946631222706,0.5214484192641762,0.4243183561647883,0.628280048578072,0,0,0.10143707393134602,0.38233989861786527,0.28686756402487573,0.021448419264176177,0,0,✅ Stable performance.
2025-08-19 10:05:08,0.4888647960386203,0.36713815242510156,0.3320189454667928,0.36259771413664366,0.4208904840132641,0.6059509733125557,0,0,0.10156229073980033,0.3817093246176386,0.2878142867465352,0.13740228586335634,0,0,✅ Stable performance.
2025-08-19 10:05:09,0.398829179845678,0.46031874310823434,0.2662187472326356,0.7584736405095449,0.4626629463506968,0.7247543023792133,0,0,0.1018649902978379,0.3852205802707511,0.2887281234334725,0.2584736405095449,0,0,✅ Stable performance.
2025-08-19 10:05:10,0.3957355567120282,0.34558859978858075,0.2326274130552637,0.49007374440883344,0.7737021337210321,0.8551021200379365,0,0,0.10246191440323367,0.3834051070675152,0.2883194714008811,0.009926255591166555,0,0,✅ Stable performance.
2025-08-19 10:05:11,0.5504498343690623,0.3837207093927706,0.31465099339347674,0.32368142617632767,0.8651871096606389,0.43433857620159877,0,0,0.10283998426129656,0.3808584415508438,0.28842372268464384,0.17631857382367233,0,0,✅ Stable performance.
2025-08-19 10:05:12,0.5168135551148834,0.40409191753957213,0.35453139932418426,0.6041052677951106,0.5619409300667355,0.7314442657130693,0,0,0.09720078345252874,0.38580768818927474,0.2885184152451124,0.10410526779511065,0,0,✅ Stable performance.
2025-08-19 10:05:13,0.5141579393115971,0.29978125442185277,0.26214425658616736,0.5361520317439945,0.46740647970186355,0.5611318424864689,0,0,0.0939833658180713,0.3901209998471273,0.2890704466817429,0.036152031743994506,0,0,✅ Stable performance.
2025-08-19 10:05:14,0.5712043046024318,0.4740824345420126,0.22977404911437846,0.5356382251861436,0.3686463751161959,0.5547753890611569,0,0,0.08431849267047167,0.39442553716349965,0.28845937361697166,0.03563822518614357,0,0,✅ Stable performance.
2025-08-19 10:05:15,0.4177899504382929,0.3486786433528415,0.30046612754200713,0.4141083147485385,0.5967802541358385,0.34898943278262073,0,0,0.07251117156043926,0.39678386669497484,0.2888424376183426,0.08589168525146151,0,0,✅ Stable performance.
2025-08-19 10:05:16,0.4948665335850422,0.37714000846599816,0.3010201179413522,0.5439219504671287,0.7789757670143427,0.5320859803465532,0,0,0.07258833571965476,0.39771566763599914,0.29026625113431176,0.043921950467128656,0,0,✅ Stable performance.
2025-08-19 10:05:17,0.3760878454718022,0.3005650625391488,0.33314138437939256,0.43840395567208557,0.4975458860641715,0.4278697056742431,0,0,0.07341646572829345,0.3948937707833624,0.29056391174393154,0.061596044327914434,0,0,✅ Stable performance.
2025-08-19 10:05:18,0.4500337021096663,0.14376663412046897,0.3535386501913484,0.5595433742086988,0.20205873787124418,0.5058935175342403,0,0,0.07327631790149562,0.38786348661745473,0.2922920844513105,0.05954337420869882,0,0,✅ Stable performance.
2025-08-19 10:05:19,0.39499548037025556,0.38089722373998314,0.30342168118095564,0.19497154859513044,0.6247132227741541,0.41310757796986786,0,0,0.0725860010509771,0.3823851689605517,0.292738915714354,0.30502845140486956,0,0,✅ Stable performance.
2025-08-19 10:05:20,0.4206982076081447,0.6412615421612916,0.3995011246057499,0.4129056818171368,0.66842660759368,0.508079727070589,0,0,0.07261969500529476,0.389338071150587,0.29499531157473213,0.08709431818286317,0,0,✅ Stable performance.
2025-08-19 10:05:21,0.4785164180588153,0.47846042878980244,0.3182712147142577,0.7323139350297398,0.3120041455559943,0.5143399437050822,0,0,0.07148107782897946,0.39095183757821095,0.296173474571401,0.23231393502973985,0,0,✅ Stable performance.
2025-08-19 10:05:22,0.3098695120645534,0.39807396202656053,0.29007167080860446,0.3635441320511661,0.5562958598264434,0.5878957952490758,0,0,0.07506901894605121,0.38881361249895163,0.29622417525908534,0.1364558679488339,0,0,✅ Stable performance.
2025-08-19 10:05:23,0.6535166981982488,0.37371091707917325,0.2271481467752644,0.38772597321445534,0.5943801913294267,0.3375480426576697,0,0,0.08173174003841689,0.3917334201275267,0.295394395730096,0.11227402678554466,0,0,✅ Stable performance.
2025-08-19 10:05:24,0.2852473638861748,0.40224658928120466,0.2949270573360538,0.4108186112757535,0.5216978344908596,0.3623021537070761,0,0,0.0877360211210811,0.3883446004788326,0.29581891298652113,0.08918138872424652,0,0,✅ Stable performance.
2025-08-19 10:05:25,0.2594073987580128,0.454711911517521,0.29157420470276174,0.297213178727306,0.42221629993772636,0.6266815752668844,0,0,0.0932180659483549,0.39042087848453483,0.29647916050486856,0.20278682127269398,0,0,✅ Stable performance.
2025-08-19 10:05:26,0.5392975479324398,0.28191871846911554,0.3567423104088484,0.15003331049494495,0.6726596751398124,0.45709907218819046,0,0,0.09299153390237928,0.3842499003760346,0.2973466625642403,0.34996668950505505,0,0,✅ Stable performance.
2025-08-19 10:05:27,0.49471903419469276,0.5114321694668873,0.33218477041957395,0.44302196475485456,0.4759159266945914,0.7309183239906165,0,0,0.09323213953165838,0.39153716346839806,0.2966875698153421,0.05697803524514544,0,0,✅ Stable performance.
2025-08-19 10:05:28,0.4737129351461262,0.47153813154412444,0.25042565175605674,0.497309659372712,0.32595742264743377,0.6066941022198071,0,0,0.09208775462281447,0.3991009637399224,0.29592170814140534,0.0026903406272880126,0,0,✅ Stable performance.
2025-08-19 10:05:29,0.4730643461179813,0.47181857257079346,0.31834034577969583,0.469404104386391,0.24773655849365328,0.6624963255636429,0,0,0.09150933583607367,0.3987686172988654,0.29556867357244504,0.03059589561360898,0,0,✅ Stable performance.
2025-08-19 10:05:30,0.3960276239274807,0.44384757388097273,0.34363770366705304,0.45571928744583357,0.7066090777577338,0.7800899856104262,0,0,0.08958077431241201,0.39897550467457277,0.2976203197746368,0.044280712554166435,0,0,✅ Stable performance.
2025-08-19 10:05:31,0.2900409551323906,0.401961665769399,0.38679623167144833,0.48355890834254334,0.6173129717795689,0.5284406402193926,0,0,0.09310486455864762,0.4020477320480778,0.29909572999617157,0.016441091657456663,0,0,✅ Stable performance.
2025-08-19 10:05:32,0.4041978046381609,0.46728612359668203,0.35510338069421604,0.6287130143957929,0.5440266382341248,0.4897109500357095,0,0,0.09244918806198746,0.4071894797722162,0.3010833088562822,0.12871301439579286,0,0,✅ Stable performance.
2025-08-19 10:05:33,0.31386999613790856,0.4591814133741378,0.3491040336605433,0.44896859988833215,0.47080160812696503,0.7012500838457449,0,0,0.09478886440640096,0.40541074426997153,0.30328163712927475,0.051031400111667846,0,0,✅ Stable performance.
2025-08-19 10:05:34,0.5085137400167965,0.36459592890589765,0.31439951929718396,0.3921341813666075,0.4585028412501986,0.6482714368626701,0,0,0.0956023263785392,0.40819531487639255,0.30428137025245955,0.10786581863339251,0,0,✅ Stable performance.
2025-08-19 10:05:35,0.37445906760410996,0.3426398227103099,0.33114433845905467,0.43553477205795366,0.3827147460385616,0.5463416615767216,0,0,0.09638283893808831,0.400807732455883,0.3039452327664242,0.06446522794204634,0,0,✅ Stable performance.
2025-08-19 10:05:36,0.29298460675984916,0.4101856295261987,0.37453750184464646,0.5630107905108681,0.472024084598444,0.7772765098803467,0,0,0.09628613240456009,0.4041493225555825,0.3045283256145776,0.06301079051086811,0,0,✅ Stable performance.
2025-08-19 10:05:37,0.3516220945922113,0.5549020151495188,0.2457569055568124,0.6863695006242998,0.2379483199406982,0.5426974042056933,0,0,0.0963845712788405,0.40718474997520526,0.30354869246975563,0.1863695006242998,0,0,✅ Stable performance.
2025-08-19 10:05:38,0.43754175448702814,0.27608929243460995,0.29525732769140345,0.384125205204938,0.4297997451692681,0.5785370309281546,0,0,0.09575075212804365,0.40414978797552215,0.3048682621184395,0.11587479479506202,0,0,✅ Stable performance.
2025-08-19 10:05:39,0.32076085799718546,0.253247473424756,0.2744343752358956,0.49183925260524264,0.4887301402635251,0.5768474279550837,0,0,0.09761202796811948,0.39724741231940625,0.3047215406587556,0.008160747394757362,0,0,✅ Stable performance.
2025-08-19 10:05:40,0.28907319091269135,0.41647608412365167,0.33235398723147025,0.5273090477566198,0.6163725929181001,0.4370368198819998,0,0,0.10062359745704469,0.3996103284639086,0.30511960353839895,0.027309047756619798,0,0,✅ Stable performance.
2025-08-19 10:05:41,0.41430407335146047,0.40508877018560185,0.3752409586991598,0.3301355155834189,0.5262973162908069,0.5850918016257425,0,0,0.09764671076930419,0.40032259715700297,0.30633202711491553,0.16986448441658109,0,0,✅ Stable performance.
2025-08-19 10:05:42,0.4134110733697052,0.41733416643704085,0.2842146542020231,0.4802072840684173,0.6420230060005503,0.7780520826295461,0,0,0.09581883588653002,0.4007640054535852,0.3077045618170049,0.019792715931582716,0,0,✅ Stable performance.
2025-08-19 10:05:43,0.32329233721054385,0.42439531979085005,0.19488166878606122,0.26004798427941367,0.7188471030346077,0.6388301790305235,0,0,0.09526039220616903,0.4049178076325518,0.3067880916722533,0.23995201572058633,0,0,✅ Stable performance.
2025-08-19 10:05:44,0.32651971945026714,0.3776797745365195,0.294119368529766,0.21510380191931455,0.67851393700029,0.578286872398424,0,0,0.09114107805273174,0.40170438563236865,0.3068314911429798,0.28489619808068545,0,0,✅ Stable performance.
2025-08-19 10:05:45,0.40880145784498323,0.5489863438602083,0.3607376110033162,0.5315147759141823,0.5970532892522091,0.5500808546221756,0,0,0.09109289669753808,0.40838130898261427,0.3074793287831864,0.03151477591418228,0,0,✅ Stable performance.
2025-08-19 10:05:46,0.20873824541403097,0.23990960215234847,0.3422789381713962,0.4203128213305152,0.5334762553534635,0.6221401872278147,0,0,0.09557616481935209,0.4038069621054926,0.31009097884135095,0.07968717866948483,0,0,✅ Stable performance.
2025-08-19 10:05:47,0.21255241569594685,0.31715029752197543,0.33714027403588737,0.5071497007872319,0.39587639473994507,0.6834140876123864,0,0,0.10088062852778448,0.40435980327158677,0.3109164226488827,0.007149700787231872,0,0,✅ Stable performance.
2025-08-19 10:05:48,0.29319581956421836,0.3896745239850953,0.302064815173091,0.4745314710086519,0.6344018846628132,0.6628585982548694,0,0,0.10140273883381964,0.41255673293374107,0.31089740621054457,0.025468528991348105,0,0,✅ Stable performance.
2025-08-19 10:05:49,0.35204673766294525,0.2356811188845833,0.252446462077282,0.33253222470874233,0.7646761180302466,0.5252000903275083,0,0,0.10146885091925018,0.4077161961052277,0.3094570558947209,0.16746777529125767,0,0,✅ Stable performance.
2025-08-19 10:05:50,0.4132009250256439,0.38241455955679293,0.34249623359095105,0.47047828064178754,0.5792541316366981,0.6212500496034514,0,0,0.10136754618832675,0.39908796335174446,0.30964260513066644,0.02952171935821246,0,0,✅ Stable performance.
2025-08-19 10:05:51,0.5502007608719695,0.5661470165728019,0.2753509456294528,0.29450281202850004,0.7975996694187271,0.6439455710209732,0,0,0.10463329406442119,0.4020108496111777,0.3087954128114199,0.20549718797149996,0,0,✅ Stable performance.
2025-08-19 10:05:52,0.47606951695568545,0.4020886488295962,0.4266033914216632,0.6832503454559449,0.32035923440060676,0.4264172057390154,0,0,0.10521917240992128,0.40214467250461233,0.31161562913294494,0.18325034545594487,0,0,✅ Stable performance.
2025-08-19 10:05:53,0.35456980680241545,0.4230700905718684,0.34625743379182256,0.2763001842411841,0.3718433406959383,0.5983507830006272,0,0,0.0922729706522089,0.4037899782877021,0.31401457220896617,0.22369981575881592,0,0,✅ Stable performance.
2025-08-19 10:05:54,0.37033712240405836,0.273983523482742,0.28903317686785557,0.4481776327104412,0.6503787132987457,0.257601686023726,0,0,0.09071201303737647,0.39951454276108667,0.31419176120917874,0.0518223672895588,0,0,✅ Stable performance.
2025-08-19 10:05:55,0.2528964302810217,0.3383638591960523,0.28782984824757807,0.32277358156571756,0.5684674093524631,0.6443249998340657,0,0,0.09101253988052622,0.3956362743503711,0.3131810989368041,0.17722641843428244,0,0,✅ Stable performance.
2025-08-19 10:05:56,0.36857101082376276,0.3624803619676063,0.3140854189077864,0.561688495430233,0.7139465291465301,0.6703337906636153,0,0,0.08574260691580053,0.3983216624669874,0.31227595194647884,0.061688495430233026,0,0,✅ Stable performance.
2025-08-19 10:05:57,0.3356683811604162,0.3682284903243766,0.3070910517588347,0.4280821271387394,0.5296872098652106,0.6830892869647287,0,0,0.08275667745700849,0.3935482064955704,0.3118177613810022,0.07191787286126061,0,0,✅ Stable performance.
2025-08-19 10:05:58,0.40721568177415146,0.5281643795003769,0.3752413552578763,0.40034385101358483,0.41151431882266243,0.515958241011129,0,0,0.08065472822998267,0.39543574809411214,0.31272419079639874,0.09965614898641517,0,0,✅ Stable performance.
2025-08-19 10:05:59,0.27009919121579795,0.4557691060725125,0.32905399359003723,0.6035814398036456,0.5022238684414426,0.6189484717059672,0,0,0.07973783707431009,0.3949007658775028,0.3128966898523202,0.10358143980364565,0,0,✅ Stable performance.
2025-08-19 10:06:00,0.4287718517895742,0.2888542043062968,0.2834851167788649,0.48154259205833627,0.31937334239370196,0.7820297949800372,0,0,0.08050112315941976,0.3897343202250136,0.31308394764698677,0.018457407941663728,0,0,✅ Stable performance.
2025-08-19 10:06:01,0.5479812320626973,0.42465047784320054,0.4149222566035368,0.5537216572896555,0.3753881944969768,0.7805401170532398,0,0,0.08645999545957701,0.390490613960807,0.3151012170840343,0.0537216572896555,0,0,✅ Stable performance.
2025-08-19 10:06:02,0.3526612970486469,0.44982217484967857,0.32319915754321515,0.3318024712799259,0.6666307045651152,0.5694759249532626,0,0,0.08621492375315142,0.3899084823359068,0.3140849347102356,0.1681975287200741,0,0,✅ Stable performance.
2025-08-19 10:06:03,0.4123092608312664,0.5140149038521267,0.3595092433871052,0.269063727745523,0.6528164472809626,0.5941218836489841,0,0,0.08604879588458055,0.3917362653518398,0.31584461806649256,0.230936272254477,0,0,✅ Stable performance.
2025-08-19 10:06:04,0.4456623091459151,0.5580540686568374,0.2909894528378788,0.4930650433184014,0.582151017375482,0.7362399511569444,0,0,0.08325324491782694,0.39818487001020453,0.3143256322728201,0.006934956681598603,0,0,✅ Stable performance.
2025-08-19 10:06:05,0.31555428235484295,0.29849058081721314,0.3398900782187993,0.4299465541608183,0.29325848995919257,0.35421559026697835,0,0,0.08376069074230563,0.3967132286137679,0.31523010404614027,0.07005344583918172,0,0,✅ Stable performance.
2025-08-19 10:06:06,0.3888426887313281,0.3189142488789662,0.3376233150101892,0.5699867036390955,0.4821504610207046,0.5264857053313172,0,0,0.08274542440806545,0.39367084925886014,0.3147183542359701,0.06998670363909554,0,0,✅ Stable performance.
2025-08-19 10:06:07,0.36300067368754774,0.2742422141085384,0.2279188694696782,0.46534438680457413,0.3620240828420709,0.7691016493486971,0,0,0.08269343456100814,0.3843155225574941,0.314649510955261,0.03465561319542587,0,0,✅ Stable performance.
2025-08-19 10:06:08,0.3723084855702621,0.3765980140893019,0.4234986082189742,0.5075637603413234,0.6949212739581139,0.7163890895883223,0,0,0.08166559513404464,0.3876658132793172,0.3161741720011307,0.0075637603413234444,0,0,✅ Stable performance.
2025-08-19 10:06:09,0.2683925905650706,0.4466358374446335,0.38760059436352595,0.2366839841230446,0.4509171152236888,0.6277566131871035,0,0,0.08321722893921285,0.39411209207997977,0.3181972027866455,0.2633160158769554,0,0,✅ Stable performance.
2025-08-19 10:06:10,0.36213080226843153,0.4987334516589102,0.30354212413155557,0.7569480208661781,0.3813270264713622,0.3534797776286074,0,0,0.08199254027453816,0.3968540043311551,0.31937911463791696,0.2569480208661781,0,0,✅ Stable performance.
2025-08-19 10:06:11,0.41749115953005145,0.39240489763574776,0.2686219215375185,0.45285066257879336,0.5359621702846535,0.566442573809155,0,0,0.0820580143447718,0.39643120857949327,0.3186119634403177,0.04714933742120664,0,0,✅ Stable performance.
2025-08-19 10:06:12,0.5296914959938435,0.36801524767451566,0.34144700787194526,0.580527673083068,0.44309454489419675,0.4874541418052436,0,0,0.08692377091100663,0.39478724462074244,0.3183938902494471,0.08052767308306796,0,0,✅ Stable performance.
2025-08-19 10:06:13,0.4707043583924573,0.4151757992248741,0.3287373307739439,0.3533184308309738,0.7375063887725366,0.622165327895239,0,0,0.08829206286515853,0.39447992726854325,0.31950377481924336,0.1466815691690262,0,0,✅ Stable performance.
2025-08-19 10:06:14,0.6114543249355848,0.3164857098369977,0.3425194118528419,0.522813163598534,0.42997340045818255,0.45535716459900466,0,0,0.09763157360428514,0.39244012511189247,0.3213828641982177,0.022813163598534025,0,0,✅ Stable performance.
2025-08-19 10:06:15,0.26475476612322724,0.6089538721694774,0.33464835285584127,0.28417055731684915,0.33787278792612563,0.42370699118639643,0,0,0.09995401511366696,0.3944390427222014,0.3219525679534483,0.21582944268315085,0,0,✅ Stable performance.
2025-08-19 10:06:16,0.4583411032601117,0.23923389728819414,0.3507150511328895,0.5441548538477066,0.2333979837060034,0.2717080964775952,0,0,0.09544438007274116,0.39441651922672966,0.32278081683997395,0.044154853847706566,0,0,✅ Stable performance.
2025-08-19 10:06:17,0.3760516435943073,0.4184740578895725,0.39810180525863986,0.42444620817907186,0.5275642849937143,0.7524607346973287,0,0,0.08951176583204393,0.3977939779056496,0.32386349052129476,0.07555379182092814,0,0,✅ Stable performance.
2025-08-19 10:06:18,0.6131193767527467,0.602360621922964,0.3544751991669382,0.4815070238809569,0.4539378947499868,0.5152672949521753,0,0,0.09587733114743148,0.40488351450357846,0.3238790996708879,0.018492976119043103,0,0,✅ Stable performance.
2025-08-19 10:06:19,0.2572801324154008,0.4006799844559998,0.2739207825864652,0.5805850146665463,0.33375909385301883,0.5967293769989186,0,0,0.09918630982872234,0.4103834766892925,0.32338741802764637,0.08058501466654633,0,0,✅ Stable performance.
2025-08-19 10:06:20,0.2529334048204843,0.38099609649985056,0.39486521878904124,0.29458592133940975,0.6966807887604163,0.5734157399832673,0,0,0.10280365103199744,0.4103361945873943,0.3233101529307012,0.20541407866059025,0,0,✅ Stable performance.
2025-08-19 10:06:21,0.280795750606748,0.3642554577189573,0.40910132294928936,0.37577744309900707,0.6243244634961296,0.41760584583073346,0,0,0.10065895761989545,0.40360647595893284,0.3248239880679517,0.12422255690099293,0,0,✅ Stable performance.
2025-08-19 10:06:22,0.09958110188141167,0.38196083182375923,0.4850069501219356,0.544933577864656,0.527920344014988,0.3895753165962079,0,0,0.11206203083062145,0.40293554872540494,0.3280729093898406,0.044933577864656016,0,0,✅ Stable performance.
2025-08-19 10:06:23,0.2883374150650082,0.537284847467653,0.2715629303558078,0.78802688182029,0.7209528776469534,0.42669217961840666,0,0,0.11312522708590751,0.4067427072885978,0.3288131557828497,0.28802688182029,0,0,✅ Stable performance.
2025-08-19 10:06:24,0.2601161914091854,0.17881380886704934,0.34021525129675784,0.4567261252611883,0.6236716926449879,0.46796275614782035,0,0,0.11498141064451974,0.4035703834680746,0.3295679590155281,0.043273874738811724,0,0,✅ Stable performance.
2025-08-19 10:06:25,0.3673147286686447,0.5533433701296326,0.2242997341012511,0.5647573435793922,0.41776872420362965,0.6273678869447459,0,0,0.11287263187363132,0.41073636716586065,0.3284467178388362,0.06475734357939222,0,0,✅ Stable performance.
2025-08-19 10:06:26,0.3894414406999984,0.25760428475498554,0.35639564570111726,0.461335093418378,0.3877766104318754,0.45735072890828943,0,0,0.11290931202538271,0.40724049792544,0.3284409400937074,0.03866490658162203,0,0,✅ Stable performance.
2025-08-19 10:06:27,0.5707008240025098,0.37333476707655855,0.30166169159527456,0.7649195889888016,0.6452193336444974,0.829208371648746,0,0,0.11821595425838682,0.4074107071505127,0.3279322221133024,0.26491958898880164,0,0,✅ Stable performance.
2025-08-19 10:06:28,0.4605038673009567,0.35707555797013385,0.42557751486631723,0.21833763975840847,0.5867757046170845,0.7239880689294924,0,0,0.11901433821643949,0.40170774643283796,0.3308514198318067,0.2816623602415915,0,0,✅ Stable performance.
2025-08-19 10:06:29,0.2790476433320095,0.458855326977072,0.2910079952455968,0.4912003345831599,0.5553620672326556,0.6919846778318599,0,0,0.11873195312591167,0.40181062046298993,0.3303958806562384,0.008799665416840075,0,0,✅ Stable performance.
2025-08-19 10:06:30,0.24046510776448393,0.24018756481162526,0.24561311046961917,0.23636376475842447,0.41449151665104367,0.5562401935206873,0,0,0.12120827761760186,0.4001883991465009,0.3287621374362812,0.26363623524157553,0,0,✅ Stable performance.
2025-08-19 10:06:31,0.4047084640414218,0.44621726660819433,0.3068425939543126,0.10584255008838062,0.6161047151969927,0.7952422231365723,0,0,0.11699800474250978,0.400907292105334,0.32742957680766227,0.3941574499116194,0,0,✅ Stable performance.
2025-08-19 10:06:32,0.1895482169949314,0.6024309623286853,0.2319649110500381,0.5212505358498558,0.4271056606072188,0.5418546757184912,0,0,0.1216473430486835,0.4059942516879676,0.3253772689802592,0.02125053584985581,0,0,✅ Stable performance.
2025-08-19 10:06:33,0.5624973838197536,0.26368259954071893,0.36862779095771686,0.497848671743518,0.5176946187172438,0.5691704013614869,0,0,0.12656643044884072,0.39764984154425403,0.32570266493521216,0.00215132825648201,0,0,✅ Stable performance.
2025-08-19 10:06:34,0.48481248859100967,0.4189706167610396,0.22815218454099168,0.4349849330184461,0.7324052565866883,0.5986058837320598,0,0,0.12754988132046105,0.3930137264810607,0.3242652093559423,0.0650150669815539,0,0,✅ Stable performance.
2025-08-19 10:06:35,0.28906874338757915,0.3338017822203391,0.333162734534422,0.461450259578279,0.4402279426340927,0.6764012123761927,0,0,0.12805424177185915,0.3941907665278316,0.32429884929053177,0.03854974042172099,0,0,✅ Stable performance.
2025-08-19 10:06:36,0.14128096260509904,0.4425887206193036,0.2281827831039106,0.9361850091929118,0.313786279567454,0.6669058753405266,0,0,0.13476227295500073,0.39831324891917613,0.3218596039781862,0.4361850091929118,0,0,✅ Stable performance.
2025-08-19 10:06:37,0.5042524640447952,0.40191477774157525,0.3163920024913447,0.4389347874072076,0.3859292363238347,0.5042448912882849,0,0,0.13716521650146618,0.40256900104027743,0.32303685559376166,0.061065212592792406,0,0,✅ Stable performance.
2025-08-19 10:06:38,0.3299003215111487,0.33585130909556904,0.41490931912985984,0.5527557290555887,0.6696601905968218,0.4957802733048813,0,0,0.1373473281718945,0.4012107775404863,0.32503105545106936,0.052755729055588674,0,0,✅ Stable performance.
2025-08-19 10:06:39,0.489755152282785,0.4487872284871074,0.35110632453287927,0.3809813747569537,0.5671423439517094,0.6673439465760578,0,0,0.13778533902876933,0.40128249057523546,0.3263089212726857,0.1190186252430463,0,0,✅ Stable performance.
2025-08-19 10:06:40,0.15385001021994027,0.5804348109786743,0.2902327683342992,0.5209202463021336,0.513967063864845,0.678363257980295,0,0,0.14357509664248053,0.4040058692192276,0.32560690095773287,0.020920246302133627,0,0,✅ Stable performance.
2025-08-19 10:06:41,0.2714012184381318,0.38090962082727015,0.33218079275704804,0.441889046906109,0.4612619905091213,0.5162062809436097,0,0,0.1443116308911369,0.4036226933256116,0.32488923152536425,0.05811095309389103,0,0,✅ Stable performance.
2025-08-19 10:06:42,0.34270960837728337,0.4719757942148182,0.33497532942768093,0.4163656422188535,0.5991117839832043,0.34157960185382963,0,0,0.14086323916996973,0.4070880448769551,0.3257352427791253,0.08363435778114647,0,0,✅ Stable performance.
2025-08-19 10:06:43,0.347344306675913,0.27067270421288364,0.35803952173908526,0.7466461437726952,0.4141301312587915,0.5434182711708011,0,0,0.13921517105568082,0.402271275043222,0.32845454032834226,0.24664614377269523,0,0,✅ Stable performance.
2025-08-19 10:06:44,0.2881604857019764,0.3043563623181991,0.26639860490433004,0.6515784745079771,0.5742028041213572,0.6649484027090664,0,0,0.13075122092069075,0.4018669634592621,0.32799252760125175,0.15157847450797712,0,0,✅ Stable performance.
2025-08-19 10:06:45,0.4149934716024477,0.44724062778803775,0.36470340538219426,0.49744109847107554,0.4304663738096881,0.8378277138885633,0,0,0.1305701939084983,0.39647652197988076,0.32805862417423304,0.002558901528924462,0,0,✅ Stable performance.
2025-08-19 10:06:46,0.2144463001615493,0.5484116028535966,0.2001889787311453,0.135821437465645,0.4073995691051113,0.3985136424186235,0,0,0.1309872434692241,0.40678244549872755,0.3256904581835622,0.364178562534355,0,0,✅ Stable performance.
2025-08-19 10:06:47,0.32381210475025424,0.435561334878566,0.3042478513145499,0.42370026958653284,0.44346424378360494,0.5113470573637733,0,0,0.1308222700033604,0.4073520213983607,0.32514225113820655,0.07629973041346716,0,0,✅ Stable performance.
2025-08-19 10:06:48,0.3546942451222719,0.36869419694768457,0.3116619054316196,0.8776268343475637,0.4797934080263828,0.5167837047468427,0,0,0.1200864798328295,0.39956314056585135,0.32530220264251536,0.3776268343475637,0,0,✅ Stable performance.
2025-08-19 10:06:49,0.4011665939322968,0.3999291405423354,0.3680754574792151,0.4430108140410276,0.5250631431434916,0.7720614761420741,0,0,0.12001898223718083,0.39953811243539583,0.32722935256588087,0.0569891859589724,0,0,✅ Stable performance.
2025-08-19 10:06:50,0.4243175340278329,0.2749592266030283,0.337874177430953,0.6406204586331241,0.564470422758633,0.568632102347649,0,0,0.12014272881591528,0.3960035501055018,0.3271523182965476,0.1406204586331241,0,0,✅ Stable performance.
2025-08-19 10:06:51,0.2065702372098479,0.46045153263553673,0.26679800072575155,0.6908013830445552,0.020555789617441533,0.44102530781671034,0,0,0.12212986506984709,0.39921008593605445,0.3270097692148193,0.19080138304455518,0,0,✅ Stable performance.
2025-08-19 10:06:52,0.15787698671728645,0.48823330623234096,0.2881600157491715,0.509621305440175,0.41987646785374766,0.6554654178301147,0,0,0.1186444315729785,0.40275250174967375,0.32470237962027776,0.009621305440175032,0,0,✅ Stable performance.
2025-08-19 10:06:53,0.49084013347323907,0.35479096671669197,0.347677191138849,0.3524695566210414,0.47755298042888716,0.5145552344158575,0,0,0.1214238199010682,0.3966693723913084,0.32472604224272816,0.1475304433789586,0,0,✅ Stable performance.
2025-08-19 10:06:54,0.3786858239049571,0.35299578522404984,0.3341233421897072,0.11639936245607352,0.7404614781445353,0.39464773524137575,0,0,0.12048539495122502,0.4024754382698752,0.3254775449980924,0.3836006375439265,0,0,✅ Stable performance.
2025-08-19 10:06:55,0.25049996760106574,0.42658782296520487,0.309454022422604,0.5785389887197061,0.3821234045923365,0.4431540625804593,0,0,0.12175860833966805,0.39825025336439424,0.32583794790100945,0.0785389887197061,0,0,✅ Stable performance.
2025-08-19 10:06:56,0.5228290754521943,0.35632802639594047,0.31470205705024873,0.35647923694368044,0.5543985084850793,0.8273874603735711,0,0,0.1257966732202297,0.401541044752426,0.3258482252033838,0.14352076305631956,0,0,✅ Stable performance.
2025-08-19 10:06:57,0.35265174258719334,0.3933867385374178,0.37388566500526854,0.5032786372636946,0.7390708938112764,0.6299427352236273,0,0,0.11868503746103842,0.4022094438011214,0.3269614687574911,0.003278637263694595,0,0,✅ Stable performance.
2025-08-19 10:06:58,0.4785719946845777,0.6099721789166516,0.3135261551252997,0.29202594426989537,0.349829991878595,0.5895055548882955,0,0,0.119348891652721,0.4106393311660053,0.3259328820886148,0.20797405573010463,0,0,✅ Stable performance.
2025-08-19 10:06:59,0.34677434477587177,0.3752974299254004,0.3353397401887631,0.4378885166538984,0.5864441662403892,0.5371902918186309,0,0,0.11873595729532264,0.4078540679309495,0.3260376445319269,0.062111483346101615,0,0,✅ Stable performance.
2025-08-19 10:07:00,0.5828597969289997,0.3641659847978778,0.4485746504157003,0.48217791320950143,0.4206220590834655,0.6164767435549499,0,0,0.12462313420969724,0.4119866819304913,0.32878913675920746,0.01782208679049857,0,0,✅ Stable performance.
2025-08-19 10:07:01,0.5466269608935357,0.3352458194364841,0.2692272077889334,0.5169737705019273,0.4618802382551519,0.6147342028368927,0,0,0.12912090716399327,0.4082876336914343,0.3263608859456308,0.016973770501927277,0,0,✅ Stable performance.
2025-08-19 10:07:02,0.30913038554501626,0.4744191971499937,0.24815272167585295,0.31202545855146235,0.42050575806530865,0.6164796669895802,0,0,0.12542480894665034,0.4040205748521446,0.3251101120145081,0.18797454144853765,0,0,✅ Stable performance.
2025-08-19 10:07:03,0.45371412210728446,0.3818775826781897,0.3802578601159726,0.6545008117676234,0.4303828228824731,0.5905419075561311,0,0,0.12102584588189892,0.4079604076233936,0.32545592229332254,0.15450081176762342,0,0,✅ Stable performance.
2025-08-19 10:07:04,0.4150623365879311,0.33506269616785744,0.30747974243279347,0.38875463086888296,0.9091395514280527,0.7008252695004831,0,0,0.11923768919645654,0.4051634769369542,0.32573076045323773,0.11124536913111704,0,0,✅ Stable performance.
2025-08-19 10:07:05,0.5007597472862642,0.5321304032273012,0.325833537731824,0.22911563019044534,0.6488891681951339,0.5771226700468923,0,0,0.12117633489821952,0.41177443097051963,0.3254964847784549,0.27088436980955466,0,0,✅ Stable performance.
2025-08-19 10:07:06,0.22431356095402966,0.5419603004513638,0.30302111383385566,0.4610311040322297,0.6845532405274515,0.4306966047677019,0,0,0.11672070915550717,0.4150868169649216,0.3249197814255159,0.03896889596777031,0,0,✅ Stable performance.
2025-08-19 10:07:07,0.4199525865367044,0.3399576434261295,0.3294224443234921,0.48227513501243724,0.6000313215367052,0.4841618923381279,0,0,0.11435007023183907,0.41302157915440674,0.3266115076730795,0.01772486498756276,0,0,✅ Stable performance.
2025-08-19 10:07:08,0.4641227992955068,0.2133460048639384,0.42267287558814115,0.5009733255917332,0.3091747805466527,0.28426517470639856,0,0,0.11548979536054774,0.4089380690133524,0.32659774546256565,0.0009733255917332428,0,0,✅ Stable performance.
2025-08-19 10:07:09,0.13042453075094995,0.5007513689836922,0.3831859115356864,0.6789778049161552,0.5865803929133304,0.8702127008002021,0,0,0.12123397539789117,0.4106702070299052,0.32652416741543505,0.17897780491615523,0,0,✅ Stable performance.
2025-08-19 10:07:10,0.1986873767010402,0.3315370174239996,0.38652418282058565,0.44215346459535,0.6805598812726488,0.6999412297164829,0,0,0.11887137858031185,0.402373613911416,0.3279072017269188,0.05784653540465001,0,0,✅ Stable performance.
2025-08-19 10:07:11,0.09737202577716064,0.4790625599162769,0.27293517305806086,0.4594613126104745,0.4135348165722661,0.4523258208360481,0,0,0.12731421033586618,0.4056453785477163,0.3279790892522612,0.040538687389525485,0,0,✅ Stable performance.
2025-08-19 10:07:12,0.30716504245209575,0.20298961822881645,0.2865223576415061,0.3137495597027202,0.665644110053746,0.5325166913888391,0,0,0.12759439877438658,0.3966791726815162,0.3270636784150872,0.18625044029727977,0,0,✅ Stable performance.
2025-08-19 10:07:13,0.4242207123605568,0.48925973382993093,0.20245963011633453,0.5987447440807947,0.6294659750907412,0.48058498171989195,0,0,0.12823726033241245,0.4039654070020845,0.3249590500707937,0.0987447440807947,0,0,✅ Stable performance.
2025-08-19 10:07:14,0.5173429174390396,0.2788828070719219,0.3042780406579245,0.5044873077404097,0.7885590877936233,0.7993768587702208,0,0,0.1308536511053335,0.4031162884938752,0.3243216938842118,0.0044873077404097295,0,0,✅ Stable performance.
2025-08-19 10:07:15,0.34828348490357697,0.4730764119066525,0.39291575965280157,0.4149568801778778,0.4739193658764389,0.3660527494748014,0,0,0.13051802383708203,0.4039774812978291,0.3252928173308278,0.0850431198221222,0,0,✅ Stable performance.
2025-08-19 10:07:16,0.5326263404330676,0.4014273067836434,0.3712614447423936,0.1950115126967602,0.3796825562418853,0.5904879280420627,0,0,0.1310862406806145,0.39907800476216393,0.32563525722431946,0.3049884873032398,0,0,✅ Stable performance.
2025-08-19 10:07:17,0.17635023040624653,0.3046060580603355,0.3346719744288252,0.6911672744408981,0.4817034806124125,0.5578683723393376,0,0,0.13564350108541137,0.39471282886822295,0.3245780933771559,0.1911672744408981,0,0,✅ Stable performance.
2025-08-19 10:07:18,0.13824792431638144,0.35929636870732196,0.3449661420119851,0.29530596508011087,0.7308287258716764,0.6946876772399002,0,0,0.14193914567321456,0.3943995679268775,0.32441960909124007,0.20469403491988913,0,0,✅ Stable performance.
2025-08-19 10:07:19,0.3336896924310504,0.4686318456956701,0.31197039769057383,0.3895867369178374,0.2783807816735502,0.5585293258363977,0,0,0.14179780405889153,0.3966896580986553,0.3250537693429752,0.1104132630821626,0,0,✅ Stable performance.
2025-08-19 10:07:20,0.3860008161643329,0.41058944531152347,0.3569861375608897,0.5302700636526843,0.24511649625716947,0.316563794036576,0,0,0.14134878648892063,0.4012106653889385,0.32442245132250597,0.030270063652684254,0,0,✅ Stable performance.
2025-08-19 10:07:21,0.3368667877786842,0.4584412980472484,0.3853756260362876,0.2999165881881103,0.5442237167233563,0.5370112386283683,0,0,0.13856025482363823,0.4011436575693289,0.32402702304062264,0.2000834118118897,0,0,✅ Stable performance.
2025-08-19 10:07:22,0.0960547334890689,0.5976440584515486,0.26662089131318956,0.25592418785274873,0.4704807537353828,0.4315415707019803,0,0,0.1420961687798249,0.4047906826433025,0.3203872553938102,0.24407581214725127,0,0,✅ Stable performance.
2025-08-19 10:07:23,0.33070883749217694,0.2435758388288949,0.36273113369703697,0.16252698452245884,0.5329030970561099,0.5853834939110649,0,0,0.1399523522862265,0.40108351171370926,0.32190672544949733,0.33747301547754116,0,0,✅ Stable performance.
2025-08-19 10:07:24,0.187004305036913,0.5617212574968624,0.3947040114743593,0.5839957818898238,0.6628696729592791,0.7835251766551348,0,0,0.14309614100221546,0.4080410274561363,0.3228148714524573,0.08399578188982382,0,0,✅ Stable performance.
2025-08-19 10:07:25,0.4211917698009908,0.4104355937523213,0.32766077209991384,0.39641507412077903,0.45523547138215914,0.3193113412333969,0,0,0.14252065536110056,0.4075026198157069,0.32453755541910173,0.10358492587922097,0,0,✅ Stable performance.
2025-08-19 10:07:26,0.38559833150809353,0.3101215951676872,0.38378433577556786,0.9108475975085577,0.27219839849257266,0.45669175638718285,0,0,0.1390298764632625,0.4059624054414318,0.32499403358700923,0.4108475975085577,0,0,✅ Stable performance.
2025-08-19 10:07:27,0.2311399851852569,0.266968637426101,0.4898155460146227,0.32987225038829004,0.8152350631508551,0.49289879783095425,0,0,0.14065261602331341,0.4017484687377212,0.328129931160665,0.17012774961170996,0,0,✅ Stable performance.
2025-08-19 10:07:28,0.2819541335495084,0.3810879609222967,0.3441992027631068,0.3406727347581997,0.39359746607894763,0.5179206103781804,0,0,0.13873497101071938,0.3941189948045761,0.32677362595894494,0.1593272652418003,0,0,✅ Stable performance.
2025-08-19 10:07:29,0.2176997616184444,0.49216501119244593,0.36941521353417395,0.3934215168779125,0.38502961121493273,0.6820038702448932,0,0,0.14042774955165788,0.39801458084681085,0.3280804129304212,0.10657848312208751,0,0,✅ Stable performance.
2025-08-19 10:07:30,0.33613513139085316,0.3872450879622466,0.3131805254722945,0.5132021177510593,0.6848280036778434,0.5483581719502797,0,0,0.1322894570095369,0.39878388428562317,0.3292065365137991,0.013202117751059284,0,0,✅ Stable performance.
2025-08-19 10:07:31,0.45710652548401365,0.5511154930247348,0.359479456406923,0.40752353503962535,0.47853451890367893,0.6345640268669281,0,0,0.12805868004386384,0.40597954007189824,0.33008381755467586,0.09247646496037465,0,0,✅ Stable performance.
2025-08-19 10:07:32,0.22755861328568527,0.2548824309948441,0.37376399814739203,0.5678974726790331,0.5230448539194157,0.4822091190852573,0,0,0.12920148060536524,0.39866164786672653,0.3324471356729652,0.06789747267903312,0,0,✅ Stable performance.
2025-08-19 10:07:33,0.40447273580237053,0.39879110521539457,0.3608260525332401,0.3322080294301091,0.5987555641620275,0.6073749501620349,0,0,0.1277387784963946,0.39922543195130006,0.33231710669922393,0.16779197056989092,0,0,✅ Stable performance.
2025-08-19 10:07:34,0.28235860722668726,0.2747606555586881,0.30043268815574675,0.2725044654197921,0.6820366530767612,0.6875142797531639,0,0,0.12653958306348684,0.39721536393099444,0.33352178175946984,0.22749553458020788,0,0,✅ Stable performance.
2025-08-19 10:07:35,0.2516848092009836,0.4363631882624968,0.3620690613289185,0.21078319057741712,0.4856080087511949,0.4666271168202869,0,0,0.12189359915623821,0.3940231234321676,0.3340035538727114,0.2892168094225829,0,0,✅ Stable performance.
2025-08-19 10:07:36,0.33339411728601487,0.4886887390097301,0.4251942883199842,0.1477676468482323,0.7425255047466894,0.6880350848432155,0,0,0.12103139984323893,0.3922474047174465,0.337287078959646,0.3522323531517677,0,0,✅ Stable performance.
2025-08-19 10:07:37,0.22389067254867134,0.3579238206318947,0.3748497982312851,0.4004323982448694,0.2357702564766173,0.5814038639611934,0,0,0.1200963036757765,0.392846277290972,0.33826137555531166,0.09956760175513057,0,0,✅ Stable performance.
2025-08-19 10:07:38,0.28142873306019744,0.13957861433728658,0.40085088808060715,0.43259334730756116,0.6371525195066718,0.7266662199181577,0,0,0.11615825645382058,0.39038736427341697,0.33802706837115737,0.06740665269243884,0,0,✅ Stable performance.
2025-08-19 10:07:39,0.20559772337911353,0.41989481467964945,0.34123444874784004,0.38363731581106153,0.4154577223183149,0.5442807282418252,0,0,0.11323993211106159,0.3876921457966155,0.3378625371080734,0.11636268418893847,0,0,✅ Stable performance.
2025-08-19 10:07:40,0.5807978673654939,0.443673855173351,0.39091357784111336,0.6613888644535533,0.7220542125612148,0.629509097780206,0,0,0.12273021189936989,0.39143004038826057,0.3395405505998537,0.16138886445355327,0,0,✅ Stable performance.
2025-08-19 10:07:41,0.35272480438718845,0.4404294754961698,0.3677154764022105,0.6591110237699676,0.5515218757414733,0.5678035024244104,0,0,0.1160680328168949,0.3901422709075903,0.3401327953272731,0.15911102376996755,0,0,✅ Stable performance.
2025-08-19 10:07:42,0.2661813026875657,0.5235782191822155,0.30654006662847894,0.42758263374207806,0.4385546640324369,0.5596698151052726,0,0,0.11646049212731108,0.4008285576060369,0.3396588742806197,0.07241736625792194,0,0,✅ Stable performance.
2025-08-19 10:07:43,0.3749816288936274,0.29289463203509514,0.3703451719742406,0.21141927660842263,0.6237139795865381,0.6116177707046122,0,0,0.11525666664469728,0.39428305421287574,0.3398639684512056,0.28858072339157737,0,0,✅ Stable performance.
2025-08-19 10:07:44,0.33688359501376386,0.468021610545045,0.30516780718373776,0.39322712815755834,0.6556443962625811,0.6522638112498371,0,0,0.10895743809140353,0.4005876809953132,0.34051012182252904,0.10677287184244166,0,0,✅ Stable performance.
2025-08-19 10:07:45,0.32458698444678613,0.5192507512477975,0.32344214523297005,0.38832106373315645,0.620810339654863,0.3909649145437435,0,0,0.10876070210592774,0.402126825640018,0.3398224341533753,0.11167893626684355,0,0,✅ Stable performance.
2025-08-19 10:07:46,0.42411839640710114,0.22214124159934834,0.3648860929632847,0.3798302547111825,0.38909680360807686,0.7834456875964211,0,0,0.10273318444461603,0.3961506234672082,0.34256738605724435,0.12016974528881752,0,0,✅ Stable performance.
2025-08-19 10:07:47,0.44170183957826503,0.43196518259189776,0.37061540988912856,0.37381788264100324,0.4647380853209677,0.30172374088103704,0,0,0.10258967480916582,0.4003959276182602,0.34367351203348734,0.12618211735899676,0,0,✅ Stable performance.
2025-08-19 10:07:48,0.2897178820713857,0.34958201689923285,0.29662509158772227,0.3803742588049994,0.5312672962005678,0.4735732697108417,0,0,0.09717207157368109,0.40007211589132397,0.34342289846942237,0.11962574119500058,0,0,✅ Stable performance.
2025-08-19 10:07:49,0.284975804587023,0.3918477326898354,0.4091195220221789,0.4199177329896333,0.5261125114436052,0.5599540524467037,0,0,0.09734414808987323,0.39751264545779613,0.3441069662118051,0.08008226701036669,0,0,✅ Stable performance.
2025-08-19 10:07:50,0.32124911912724086,0.43476764835383364,0.3853540659995151,0.38302931168756604,0.6357605444624705,0.63405985779484,0,0,0.09650977544377663,0.3983185855592064,0.3448982976879478,0.11697068831243396,0,0,✅ Stable performance.
2025-08-19 10:07:51,0.08176653744844131,0.3512771435886448,0.3218508489254036,0.508044817374572,0.25252905486286803,0.8042953506596373,0,0,0.10546068607426605,0.39474644707725304,0.345815845157942,0.008044817374571966,0,0,✅ Stable performance.
2025-08-19 10:07:52,0.1756402368700376,0.3324291920838388,0.2805415495049454,0.5305699426711206,0.5781758195190245,0.3019243626063831,0,0,0.10085021665457472,0.3859059515316627,0.3456888707205382,0.030569942671120565,0,0,✅ Stable performance.
2025-08-19 10:07:53,0.5177731562773311,0.4034152417488025,0.35050907899478895,0.34227359723450146,0.4916350543430301,0.4994809324141727,0,0,0.10769511435296514,0.391233931628993,0.34573606885147057,0.15772640276549854,0,0,✅ Stable performance.
2025-08-19 10:07:54,0.5514108053291331,0.29127540611371977,0.3357906408772589,0.665486528995535,0.41560007554228573,0.26264379101422386,0,0,0.11298199770937843,0.3822190699162215,0.34576385716292973,0.16548652899553495,0,0,✅ Stable performance.
2025-08-19 10:07:55,0.3277198192509041,0.29141748711148147,0.3640783680444244,0.33198967443306193,0.42890938059331196,0.5783685730841295,0,0,0.11162860909497857,0.37825179969486017,0.3466742629232934,0.16801032556693807,0,0,✅ Stable performance.
2025-08-19 10:07:56,0.42624771273782947,0.4679373282956504,0.3405990307554513,0.23751092589542244,0.5020929539311902,0.6134832191962993,0,0,0.11262250211617737,0.383512324132459,0.3471058791517135,0.26248907410457756,0,0,✅ Stable performance.
2025-08-19 10:07:57,0.39554257593855735,0.2851205964841344,0.2587155393974355,0.5335935188404242,0.032654447998822,0.8064343390570985,0,0,0.11178909319908746,0.3841173894343934,0.3451863770582496,0.033593518840424164,0,0,✅ Stable performance.
2025-08-19 10:07:58,0.7241794471579499,0.4666312500909212,0.34000455414108444,0.35608633272426937,0.4346200802469675,0.5913887827990194,0,0,0.1321804557819808,0.3869688324066809,0.3456276837085126,0.14391366727573063,0,0,✅ Stable performance.
2025-08-19 10:07:59,0.4928005617071256,0.44625912928539513,0.3444744641241831,0.5247807825273623,0.410427631781384,0.7264563012386445,0,0,0.1324204848736447,0.3854386363431125,0.3457799291074363,0.024780782527362266,0,0,✅ Stable performance.
2025-08-19 10:08:00,0.345766351948098,0.22741932712094035,0.39177198953775805,0.12108727286978826,0.6056855362556388,0.6591429960938731,0,0,0.132381109958533,0.3801111109817357,0.34483321809280393,0.37891272713021174,0,0,✅ Stable performance.
2025-08-19 10:08:01,0.24848844059118602,0.33224353476643453,0.32551247318995896,0.6834701332718356,0.4201708764912673,0.5100778505827415,0,0,0.132410134732555,0.37281537903979234,0.34577130584948773,0.1834701332718356,0,0,✅ Stable performance.
2025-08-19 10:08:02,0.17215901073020135,0.5194109403047373,0.44468970921059614,0.5767805183846941,0.5020130908066562,0.3676495317993145,0,0,0.13454367198610753,0.3816329960167888,0.34904692230840006,0.07678051838469413,0,0,✅ Stable performance.
2025-08-19 10:08:03,0.387388520824558,0.30188344688603186,0.2655074666308363,0.2548920845831901,0.7456201128288957,0.6139686589967723,0,0,0.13433242630443193,0.3784027407391433,0.3471344157503145,0.24510791541680987,0,0,✅ Stable performance.
2025-08-19 10:08:04,0.27448417670156444,0.3535595737690613,0.42698138767501176,0.2581067801870365,0.6696674948450649,0.35548816922826165,0,0,0.13447159640964648,0.3810293713461557,0.3491261098376848,0.24189321981296352,0,0,✅ Stable performance.
2025-08-19 10:08:05,0.19641272969952217,0.4462060893251897,0.35054058286243167,0.7249230217055258,0.6569034764264958,0.7631975570542793,0,0,0.13619267150997205,0.38135746804824555,0.3495378939231949,0.2249230217055258,0,0,✅ Stable performance.
2025-08-19 10:08:06,0.2891455386638164,0.47833905092825957,0.4050692936449711,0.36794224127279085,0.4625402446995035,0.5500377301487054,0,0,0.13656552796016513,0.3810124784455298,0.35123869692004683,0.13205775872720915,0,0,✅ Stable performance.
2025-08-19 10:08:07,0.2384561424061662,0.37484611139555046,0.3664136428521863,0.3536009199090082,0.6071062481097744,0.7485658708647969,0,0,0.1361495701628034,0.38157655480431835,0.35185521689552507,0.14639908009099178,0,0,✅ Stable performance.
2025-08-19 10:08:08,0.5673348360565078,0.34024898053083585,0.41973486407197946,0.14147468744210068,0.49940927875774355,0.5035004827985323,0,0,0.1414952363188011,0.38826556701077003,0.3518062500369224,0.3585253125578993,0,0,✅ Stable performance.
2025-08-19 10:08:09,0.4727692272916866,0.5422369861698508,0.3437225076645218,0.4252159598403318,0.5046496985235582,0.6130688559729975,0,0,0.1402432346301421,0.3923436393937767,0.3511485266390696,0.07478404015966822,0,0,✅ Stable performance.
2025-08-19 10:08:10,0.368249523267173,0.5738899663797579,0.3084931032547281,0.4434466689478933,0.5886218809771253,0.6043653020102397,0,0,0.13408297539384093,0.3966841764339903,0.3498480086463054,0.05655333105210669,0,0,✅ Stable performance.
2025-08-19 10:08:11,0.5454204723344989,0.4978858050781796,0.4347828574986282,0.5831804044378015,0.44907744457069176,0.5671543573667515,0,0,0.1384792042594751,0.39859938742005735,0.35254547005364817,0.0831804044378015,0,0,✅ Stable performance.
2025-08-19 10:08:12,0.3801486027806198,0.4085318142565024,0.3584171294624244,0.26991386921528404,0.7387898854271713,0.5104565063311062,0,0,0.13731494350151302,0.39476450725586687,0.3537437162506635,0.23008613078471596,0,0,✅ Stable performance.
2025-08-19 10:08:13,0.2698510840212631,0.3191734278359074,0.37550260405919833,0.2519572648631656,0.50963484952335,0.6311490228562855,0,0,0.13841274653615168,0.3956404671158939,0.35662776581637784,0.2480427351368344,0,0,✅ Stable performance.
2025-08-19 10:08:14,0.553266546391457,0.3169555593443435,0.4264957947016839,0.5439911217337485,0.6175481507013583,0.4382699976396671,0,0,0.14261077757087456,0.39060493207587055,0.35866472838377383,0.04399112173374853,0,0,✅ Stable performance.
2025-08-19 10:08:15,0.4375920297649316,0.4522514105265758,0.31349395551617876,0.626326165572082,0.7336051854350396,0.3968348081139028,0,0,0.1428723132714136,0.3883716207184965,0.3573410316481634,0.12632616557208198,0,0,✅ Stable performance.
2025-08-19 10:08:16,0.25179696106386484,0.4418398220888684,0.39519978112431975,0.24442170638070282,0.6748382816280278,0.7555357261751305,0,0,0.14422025773412464,0.39569490673481383,0.3577400039211956,0.2555782936192972,0,0,✅ Stable performance.
2025-08-19 10:08:17,0.35308660485919585,0.5401598592946429,0.3362640170406687,0.6374051614894021,0.3365294566548145,0.6801085060572245,0,0,0.1435571975324449,0.3993013959582387,0.35776653796472624,0.13740516148940207,0,0,✅ Stable performance.
2025-08-19 10:08:18,0.2728591499724202,0.4650450092536139,0.35948380570305105,0.48274424596036214,0.5935027187244919,0.5833813116542248,0,0,0.14389341966403252,0.4031501623700514,0.35800849902624404,0.01725575403963786,0,0,✅ Stable performance.
2025-08-19 10:08:19,0.2137419651639536,0.2496919698240182,0.37003974037594045,0.6389297753706766,0.6497574089755456,0.8173092805352311,0,0,0.14581951420181913,0.3984116369411908,0.3589763214043335,0.13892977537067663,0,0,✅ Stable performance.
2025-08-19 10:08:20,0.4882814104520832,0.5051947617722918,0.29174821765583553,0.46677964435442654,0.6554606815440547,0.5345761240188118,0,0,0.14739972795156037,0.40075920738847276,0.35788902273924933,0.03322035564557346,0,0,✅ Stable performance.
2025-08-19 10:08:21,0.6057626018119036,0.3001939372685587,0.32815097720861697,0.10351570853568148,0.3775084824676087,0.7672195140852036,0,0,0.14338627820895672,0.3990564338444698,0.35693527859212143,0.3964842914643185,0,0,✅ Stable performance.
2025-08-19 10:08:22,0.21484704489549933,0.3616028728047649,0.434979992591752,0.45466910296668983,0.44075455457411916,0.5994249486661851,0,0,0.14158154281923258,0.4000288898685007,0.35974126361343084,0.04533089703331017,0,0,✅ Stable performance.
2025-08-19 10:08:23,0.4482519319161553,0.42502002062516947,0.4120694260217912,0.6342392294706709,0.6696961495198535,0.4238492633360742,0,0,0.1399111198232374,0.4007490491643796,0.36056356848551,0.1342392294706709,0,0,✅ Stable performance.
2025-08-19 10:08:24,0.3054877203326283,0.5995667489783965,0.36496140634764607,0.3447771363436396,0.4262377018935428,0.8440623787499815,0,0,0.13692348619092343,0.41102542725986885,0.36006785840006483,0.1552228636563604,0,0,✅ Stable performance.
2025-08-19 10:08:25,0.32588924528096386,0.7109918556005361,0.3805830767611088,0.41970686811205304,0.49028841580327454,0.7186578357976725,0,0,0.13694595844327367,0.42501123954283737,0.36094989681108475,0.08029313188794696,0,0,✅ Stable performance.
2025-08-19 10:08:26,0.3144552337202571,0.4606723059136183,0.35404829717509767,0.45108897480375054,0.7502775847833134,0.5560409502456047,0,0,0.137039070214895,0.42476907213010295,0.36045429616774355,0.04891102519624946,0,0,✅ Stable performance.
2025-08-19 10:08:27,0.28332428746399807,0.38168033812796126,0.436923110369776,0.04762949163466956,0.5252060014819309,0.6801089844653745,0,0,0.13789743095112442,0.42798773018489716,0.3595727555736628,0.45237050836533044,0,0,✅ Stable performance.
2025-08-19 10:08:28,0.39249051415868497,0.45345056484805507,0.35940983081012506,0.7247869744571189,0.4310874449336186,0.5146920127012531,0,0,0.12056785347065252,0.4275483740101349,0.359826266041113,0.22478697445711893,0,0,✅ Stable performance.
2025-08-19 10:08:29,0.2893585884665022,0.48876554258738364,0.38135308292803205,0.3436468282033145,0.4101777672672533,0.6950256281140192,0,0,0.11836758541463625,0.42896525445353456,0.3600252305310107,0.1563531717966855,0,0,✅ Stable performance.
2025-08-19 10:08:30,0.42092151118277643,0.36793323744428086,0.42739600414984924,0.5521055242764308,0.5779529589152799,0.22399174514999087,0,0,0.11906336085074803,0.4336490514643126,0.36192882184230324,0.05210552427643078,0,0,✅ Stable performance.
2025-08-19 10:08:31,0.3840081332586096,0.5795211355912322,0.331559441321907,0.464338073991172,0.34703274057189226,0.424573231671876,0,0,0.11753324944080698,0.44189163815847254,0.36146348825755303,0.035661926008828004,0,0,✅ Stable performance.
2025-08-19 10:08:32,0.3627400853139333,0.4230070759191402,0.4487009934105034,0.6634945101612293,0.49754649919213856,0.7169828432606549,0,1,0.1122146842038721,0.4386781760122859,0.3627124381786049,0.1634945101612293,0,0,✅ Stable performance.
2025-08-19 10:08:33,0.2846229645070655,0.44977430890913944,0.29457198231994625,0.5373383756022996,0.5780238214989954,0.5372251338084302,0,0,0.11302885833229892,0.44360787141305624,0.36160820367505,0.03733837560229958,0,0,✅ Stable performance.
2025-08-19 10:08:34,0.3249195749400091,0.4665924252054462,0.45291067798421136,0.44237932371477484,0.7119182122627246,0.6041010498425856,0,0,0.11208156633873158,0.44737563312760237,0.3641495035055244,0.05762067628522516,0,0,✅ Stable performance.
2025-08-19 10:08:35,0.4838622625424387,0.4421586610614456,0.3531283108524291,0.3448113473239154,0.6243664556399362,0.3767440975237104,0,0,0.10971270583806104,0.44724071885214417,0.3640004909975829,0.15518865267608462,0,0,✅ Stable performance.
2025-08-19 10:08:36,0.454834580710052,0.48389405004696123,0.3599606712802201,0.5953814017281602,0.43284915162659576,0.8440370447590653,0,0,0.10959793155101365,0.4474258854894343,0.36291326404692015,0.09538140172816023,0,0,✅ Stable performance.
2025-08-19 10:08:37,0.2808002600557804,0.3382746813453077,0.2779286187337934,0.1996386324701298,0.6951827175010665,0.7478860257163464,0,0,0.10801398033520586,0.4462068378210928,0.3612979110552953,0.3003613675298702,0,0,✅ Stable performance.
2025-08-19 10:08:38,0.409521858990366,0.34416982460539697,0.3500229100455122,0.5728690061000998,0.4903135084220134,0.5443881926877019,0,0,0.10217882016579989,0.4463375326235782,0.36045077808804377,0.07286900610009983,0,0,✅ Stable performance.
2025-08-19 10:08:39,0.4879183705839698,0.2899845767028305,0.32110583798450903,0.31436283167347057,0.36054042934652664,0.5145468475595747,0,0,0.10272432430375518,0.43792911897467757,0.3601153012419882,0.18563716832652943,0,0,✅ Stable performance.
2025-08-19 10:08:40,0.20226388469061218,0.44395012306202264,0.343047365888636,0.6627040897385283,0.5079837327846293,0.7243469253807626,0,0,0.10738728212005802,0.43359779086408634,0.35931753104278025,0.16270408973852835,0,0,✅ Stable performance.
2025-08-19 10:08:41,0.46558115742299866,0.47789365035121145,0.366897653489322,0.5010785258827752,0.7311888858560969,0.8637259598565932,0,0,0.10376910396677372,0.4329313857065208,0.35930390066089873,0.0010785258827752386,0,0,✅ Stable performance.
2025-08-19 10:08:42,0.32386608968950026,0.4457772866151886,0.42198630112386765,0.5726072825888182,0.5547372136328277,0.7132529444581661,0,0,0.10400208205728949,0.4341729014518103,0.3612280045691552,0.07260728258881821,0,0,✅ Stable performance.
2025-08-19 10:08:43,0.4711448333911501,0.5674492433347538,0.38481040659171,0.489328912811831,0.533567630683935,0.8914202412922991,0,0,0.10424226724636163,0.4424487619684385,0.36146909181277975,0.010671087188169004,0,0,✅ Stable performance.
2025-08-19 10:08:44,0.3142931773354516,0.39944039811709536,0.3901475903131908,0.2175738807163783,0.7587798731307971,0.438827582535801,0,0,0.09876120931181441,0.4451982565941969,0.3628854215316039,0.2824261192836217,0,0,✅ Stable performance.
2025-08-19 10:08:45,0.19207076812874013,0.4668741655592513,0.32032130682231336,0.3496684705280746,0.3334194449096808,0.4538885575924896,0,0,0.10241084804667408,0.4456856817619528,0.36283340755809307,0.1503315294719254,0,0,✅ Stable performance.
2025-08-19 10:08:46,0.21427231482542952,0.2908299123860686,0.33139309040591136,0.5767947300223577,0.3536239023238532,0.3998325675704615,0,0,0.10392145777505862,0.4406520181051928,0.3622751908488035,0.0767947300223577,0,0,✅ Stable performance.
2025-08-19 10:08:47,0.4139909507581445,0.3612900297525599,0.4657005644250698,0.5018720396496423,0.3078454720590389,0.6383609826164767,0,0,0.10451942836126421,0.43468969045378997,0.3638599434244025,0.001872039649642332,0,0,✅ Stable performance.
2025-08-19 10:08:48,0.44026817573373234,0.46955377575657775,0.33933778039079826,0.6521421636624964,0.583487841640749,0.5994292585963752,0,0,0.10445833022576999,0.43483998267055546,0.3645718215711204,0.15214216366249644,0,0,✅ Stable performance.
2025-08-19 10:08:49,0.3035668163044103,0.4849102110743144,0.4592417633532817,0.5369262970972111,0.5549109134343797,0.551516698123967,0,0,0.10134891817515637,0.44268059071223204,0.3654071922599721,0.03692629709721107,0,0,✅ Stable performance.
2025-08-19 10:08:50,0.4875791793378441,0.3706033052335818,0.36461180942783,0.33396897362296585,0.7456838412967355,0.692116189162588,0,0,0.10131917039219104,0.43819420882760834,0.36506148798377736,0.16603102637703415,0,0,✅ Stable performance.
2025-08-19 10:08:51,0.2162918702021659,0.39284007481419336,0.37721278480050485,0.35924837279391575,0.5655820445030608,0.7540001050862919,0,0,0.09387635153044595,0.4412824134124628,0.36598418691502904,0.14075162720608425,0,0,✅ Stable performance.
2025-08-19 10:08:52,0.4065389203103382,0.24821262533191907,0.43095016462628255,0.4924294098307844,0.47580816271272175,0.3505791740309938,0,0,0.09080178902163209,0.4375027384967013,0.3684909971670513,0.007570590169215574,0,0,✅ Stable performance.
2025-08-19 10:08:53,0.2721227929525074,0.3642970799193391,0.4413600463331752,0.13436484104400792,0.5320806700169043,0.4864219437683879,0,0,0.0903804289912788,0.43547864047317364,0.37000517995602444,0.3656351589559921,0,0,✅ Stable performance.
2025-08-19 10:08:54,0.3396084427557031,0.48903831635197864,0.3725583158437444,0.7250972393442381,0.5481483062104697,0.6937083709699396,0,0,0.09000227769182333,0.4317943593856263,0.3706179745387992,0.2250972393442381,0,0,✅ Stable performance.
2025-08-19 10:08:55,0.4236921642723239,0.45752050161065666,0.3590203098030782,0.5426258179233443,0.3000946397599167,0.5053253541504017,0,0,0.09078786375253871,0.4233453142526304,0.37053367356811007,0.0426258179233443,0,0,✅ Stable performance.
2025-08-19 10:08:56,0.3173844676724302,0.450066572138121,0.37596995867450084,0.6589635271763625,0.9075342780955489,0.45698674011409346,0,0,0.09074391396607143,0.42299178979344715,0.3711231890334276,0.15896352717636253,0,0,✅ Stable performance.
2025-08-19 10:08:57,0.37501290034764523,0.40497736871809603,0.39599737613367375,0.2430214857118851,0.6038956662294663,0.7227281265153338,0,0,0.08976933031092538,0.423768357479785,0.3734112196456982,0.2569785142881149,0,0,✅ Stable performance.
2025-08-19 10:08:58,0.5410501260517087,0.4007063158628177,0.423998202687012,0.661560620139491,0.5609429274170128,0.3851234602181868,0,0,0.09561516831380032,0.42201021584694376,0.37481111378813037,0.16156062013949102,0,0,✅ Stable performance.
2025-08-19 10:08:59,0.35474061531868406,0.3339678860526553,0.37997802991468815,0.8077714779510123,0.6171050449436799,0.5296299904359405,0,0,0.09460748815696372,0.41685029396245277,0.3754028398846388,0.30777147795101234,0,0,✅ Stable performance.
2025-08-19 10:09:00,0.5233615451405207,0.4698828420202535,0.4110443704875946,0.2814989423959986,0.6301694327664045,0.6218150209112687,0,0,0.09844217520275597,0.4202486141149852,0.37572404623380273,0.2185010576040014,0,0,✅ Stable performance.
2025-08-19 10:09:01,0.29177711677921025,0.442097294438939,0.46235156082144035,0.5914630867432438,0.5123485381436126,0.4898084839467409,0,0,0.0993949686801086,0.41566781940990877,0.3780046976943274,0.09146308674324377,0,0,✅ Stable performance.
2025-08-19 10:09:02,0.48966087127162994,0.44920188479927997,0.39983257344258893,0.47734698512179996,0.44433009702411885,0.6882980167114787,0,0,0.10192093088537824,0.4165409797059134,0.3772570787648606,0.02265301487820004,0,0,✅ Stable performance.
2025-08-19 10:09:03,0.5989584432130588,0.347396515733242,0.39668325425104495,0.2483799611484092,0.6149268893893982,0.4905315047713781,0,0,0.10874660078718155,0.4131283866000502,0.3794433418918641,0.2516200388515908,0,0,✅ Stable performance.
2025-08-19 10:09:04,0.13661626777706304,0.18466570801287557,0.305488588817759,0.5502016243639631,0.5852985686156837,0.7797867860047116,0,0,0.11718417219506379,0.4037308293602978,0.3774184619109099,0.05020162436396314,0,0,✅ Stable performance.
2025-08-19 10:09:05,0.33631610088691044,0.5097152711753696,0.2502311418522656,0.6006780127676885,0.41956602574109203,0.5553497690940612,0,0,0.11551696636305925,0.4059827163640953,0.3757466378940738,0.10067801276768851,0,0,✅ Stable performance.
2025-08-19 10:09:06,0.5003838034715091,0.3521162543991596,0.4015199537766836,0.3881277089304165,0.7285366141965368,0.6719321329455648,0,0,0.11696743115831458,0.40159012317583526,0.3756874822296023,0.11187229106958352,0,0,✅ Stable performance.
2025-08-19 10:09:07,0.4092475634999855,0.31372242359568797,0.37769347437258793,0.649909093249363,0.5724959193611756,0.6828666334584468,0,0,0.11589700271159442,0.40077171458418126,0.375875479421609,0.14990909324936297,0,0,✅ Stable performance.
2025-08-19 10:09:08,0.47856714535103184,0.4693478911913994,0.3570290708123508,0.23025725567016364,0.6329984143102165,0.4819506598494845,0,0,0.11727729203169593,0.4049443168037146,0.3748303828672819,0.26974274432983636,0,0,✅ Stable performance.
2025-08-19 10:09:09,0.36433222626865325,0.36079873600808704,0.3952782333888615,0.2557395426695894,0.7247780088315472,0.2733725027191187,0,0,0.11542469059603538,0.40730478878055654,0.37568964496268753,0.24426045733041057,0,0,✅ Stable performance.
2025-08-19 10:09:10,0.44744586476250414,0.5059936384046622,0.3804150553411552,0.49741898732610235,0.534866065240001,0.6265121150954007,0,1,0.11149647803018504,0.40937290595864456,0.37688834416412803,0.0025810126738976535,0,0,✅ Stable performance.
2025-08-19 10:09:11,0.42004271250386305,0.4617005949576698,0.4401577729541519,0.4809432926762218,0.5757673145398008,0.5843169848297167,0,0,0.1106210753155761,0.40883313744552646,0.3769779260883867,0.019056707323778177,0,0,✅ Stable performance.
2025-08-19 10:09:12,0.5781426151844096,0.46835693232004777,0.3884078224568623,0.371024640465095,0.6441167187938097,0.655045721878492,0,0,0.11578169689658556,0.4095857923023551,0.3774777709716274,0.12897535953490502,0,0,✅ Stable performance.
2025-08-19 10:09:13,0.471235441615639,0.2634044288799466,0.34708963341186133,0.5971211958198177,0.4313526298286532,0.5406081563795848,0,0,0.11578392513418269,0.3994509651538615,0.3770042214608384,0.09712119581981771,0,0,✅ Stable performance.
2025-08-19 10:09:14,0.48239652739908156,0.52119439853864,0.43427762823479055,0.5558327265113716,0.5393244337150063,0.5107829616086896,0,0,0.11613005869289084,0.4035094318345797,0.3771339186863901,0.05583272651137161,0,0,✅ Stable performance.
2025-08-19 10:09:15,0.39490915417336336,0.4261250531233856,0.3742462811609723,0.604312917366602,0.5492352380622294,0.8675294447982607,0,0,0.10968029253946061,0.4021511280867175,0.37814645744713676,0.10431291736660198,0,0,✅ Stable performance.
2025-08-19 10:09:16,0.38724658150350466,0.3630722860753797,0.4117631877133542,0.4589403090980224,0.3993043577098443,0.35837677133271173,0,0,0.10392195952067598,0.40455920720969457,0.3784225142236206,0.041059690901977586,0,0,✅ Stable performance.
2025-08-19 10:09:17,0.3950794505745103,0.4143388467342251,0.3618993368415552,0.5664527552473371,0.8530994622253734,0.6811006043647734,0,0,0.10393387643065204,0.4063275011090834,0.3788497695536355,0.06645275524733707,0,0,✅ Stable performance.
2025-08-19 10:09:18,0.494372537510372,0.22237647671016803,0.3536120464977797,0.41116098326471207,0.33675480327660434,0.48969410624025156,0,0,0.10501070433958265,0.3980882578075364,0.3787519069002142,0.08883901673528793,0,0,✅ Stable performance.
2025-08-19 10:09:19,0.39907649114752086,0.4408652811480671,0.3906453209033927,0.7814487612516952,0.351890505740144,0.5246276116471067,0,0,0.10316946762502413,0.3966200934766615,0.3790953332423384,0.28144876125169516,0,0,✅ Stable performance.
2025-08-19 10:09:20,0.48459881326470566,0.2970628491817929,0.38741186019274854,0.3568066753548589,0.7140081311373945,0.5273593836508679,1,0,0.10309469781061455,0.39416874494160187,0.38068972728462036,0.14319332464514112,0,0,✅ Stable performance.
2025-08-19 10:09:21,0.6974677119984636,0.26473297141564656,0.4110952984053623,0.7890751603260666,0.6307038449721731,0.45622199344943315,0,0,0.1090167787144543,0.3898985081616503,0.3820721326378994,0.2890751603260666,0,0,✅ Stable performance.
2025-08-19 10:09:22,0.556106103063907,0.2477640813782109,0.37400517759298985,0.48235108058718223,0.3896140481679824,0.6572980675725293,0,0,0.11143968850010987,0.3898835566965267,0.3810558857212534,0.017648919412817765,0,0,✅ Stable performance.
2025-08-19 10:09:23,0.4155894896994228,0.5112688374989925,0.2959529946914135,0.2734053194115762,0.6160134276460565,0.7771573890029646,0,0,0.10734390490588717,0.3947826152825151,0.379120611865747,0.2265946805884238,0,0,✅ Stable performance.
2025-08-19 10:09:24,0.5978471415908799,0.33707366063072114,0.3664658083219703,0.6798588247342643,0.7353032586841812,0.642493648815794,0,0,0.10961036960939137,0.38971712675847325,0.37914568523198583,0.1798588247342643,0,0,✅ Stable performance.
2025-08-19 10:09:25,0.40850231016853633,0.5533727709916499,0.42812894448003685,0.495834410462765,0.5276368441876782,0.5888651609473037,0,0,0.10974920395597569,0.3929122024045063,0.3799381163606346,0.004165589537235004,0,0,✅ Stable performance.
2025-08-19 10:09:26,0.21669796393499308,0.34641985369477024,0.3739027357821471,0.603273673188446,0.8920770907292739,0.4294530368933114,0,0,0.115188439344262,0.3894573117897279,0.38026902367075205,0.10327367318844605,0,0,✅ Stable performance.
2025-08-19 10:09:27,0.3400495984374152,0.22926420424070534,0.3767858882400314,0.6584926168332994,0.2928448118341045,0.6493409449105485,0,0,0.11605854271796452,0.3836002063071483,0.37926673663525634,0.1584926168332994,0,0,✅ Stable performance.
2025-08-19 10:09:28,0.2391564999643787,0.2883475560051341,0.43875740228251203,0.5272495094556784,0.6280087114453812,0.8891598720584055,0,0,0.12004953358673341,0.37985491431189217,0.3805891961597962,0.02724950945567839,0,0,✅ Stable performance.
2025-08-19 10:09:29,0.4204705270798623,0.5235811620006939,0.3541734342457254,0.3894440961418253,0.6935344061708433,0.5180575913364582,0,0,0.11921932219230506,0.3861753568434934,0.380136202015091,0.11055590385817471,0,0,✅ Stable performance.
2025-08-19 10:09:30,0.4656141185024405,0.3844101822063333,0.3129654533179829,0.6217311485626071,0.6553887217731389,0.5187466921803465,0,0,0.11816356905806129,0.38332626818302945,0.3782290261678933,0.12173114856260714,0,0,✅ Stable performance.
2025-08-19 10:09:31,0.6633641355313054,0.3451712703509399,0.3824075768753096,0.47729447645868284,0.5035043600275295,0.4916706598114644,0,0,0.12250592212648326,0.38009540071342945,0.3790764950937833,0.022705523541317163,0,0,✅ Stable performance.
2025-08-19 10:09:32,0.5047936636964534,0.4160018225852788,0.36656395391060376,0.5787900393920626,0.4915712720972629,0.5021547960257853,0,0,0.12273568805912133,0.37898873197296273,0.3777075444354516,0.07879003939206264,0,0,✅ Stable performance.
2025-08-19 10:09:33,0.44141529904524823,0.45017827361675455,0.3427938541068343,0.1581147363116635,0.5933986544162679,0.1721786100876871,0,0,0.11917289633131993,0.38241479056907984,0.3785112422985664,0.3418852636883365,0,0,✅ Stable performance.
2025-08-19 10:09:34,0.5669494350297477,0.5117398815902461,0.38267076592101884,0.5434013623895786,0.6449106219829486,0.6329890506431555,0,0,0.10688099800713693,0.3933172630216589,0.37734057709751323,0.04340136238957859,0,0,✅ Stable performance.
2025-08-19 10:09:35,0.208028815342983,0.5448499229892927,0.4163484896997489,0.3825782459011031,0.6153458987936675,0.4500612615168178,0,0,0.11402093425898467,0.394488418082123,0.3783942467449685,0.11742175409889688,0,0,✅ Stable performance.
2025-08-19 10:09:36,0.4992180383070548,0.36402313542109144,0.3916422978804753,0.7221147156310375,0.6760032485541156,0.3382043342229685,0,0,0.11400277051281851,0.3948853141161874,0.3789222738549728,0.22211471563103746,0,0,✅ Stable performance.
2025-08-19 10:09:37,0.5639390058315068,0.2673952313917962,0.40778929821463433,0.5694908089595723,0.3905975278716136,0.6839148287083645,0,0,0.1156634001535009,0.39334107437605764,0.3810866185129868,0.06949080895957227,0,0,✅ Stable performance.
2025-08-19 10:09:38,0.2987381068274977,0.35865348388767243,0.48344414812755,0.5127166548536595,0.5002585702270816,0.4154726151007815,0,0,0.11892905245634447,0.3896512607992667,0.3833103058143541,0.01271665485365947,0,0,✅ Stable performance.
2025-08-19 10:09:39,0.6107247951155756,0.42602805065828864,0.375963338745357,0.54922771194552,0.4015281633676353,0.5242048175067453,0,0,0.12147328103669373,0.39182557128760676,0.3842245974937016,0.04922771194552,0,0,✅ Stable performance.
2025-08-19 10:09:40,0.5166216621053084,0.3036241073789389,0.407358232176925,0.3292669549896443,0.4783094500948657,0.7882447422203072,0,0,0.12196791612396865,0.385079920253416,0.3852964452651731,0.1707330450103557,0,0,✅ Stable performance.
2025-08-19 10:09:41,0.42861447096872674,0.3042849085104957,0.3683136509361912,0.7176624744278812,0.6725603782269292,0.3676122245691129,0,0,0.12188607260294997,0.37983273070517687,0.3853200452226209,0.21766247442788123,0,0,✅ Stable performance.
2025-08-19 10:09:42,0.5540809136778417,0.43437878815498854,0.3517898516932556,0.7721972635058223,0.5468004484495941,0.3495646467573891,0,0,0.12114673296671127,0.37870012589967494,0.3841501043987774,0.2721972635058223,0,0,✅ Stable performance.
2025-08-19 10:09:43,0.7494265722274605,0.3951347648429549,0.36519597363817213,0.5353913426271588,0.8931910663632197,0.6131354693761557,0,0,0.13236717980598756,0.38309113709844184,0.38382319718288505,0.03539134262715882,0,0,✅ Stable performance.
2025-08-19 10:09:44,0.5032409416514692,0.40327969954115866,0.37083694635443254,0.7127953968358254,0.5586415894206089,0.7418826288216154,0,0,0.13250703059412736,0.3791606471318591,0.38350135311690575,0.21279539683582538,0,0,✅ Stable performance.
2025-08-19 10:09:45,0.5123891625985744,0.3241504665299931,0.4130821834293296,0.39286519264299136,0.5401062728691937,0.3434586824003826,0,0,0.13202596388076462,0.37576149424541266,0.38504736772702264,0.10713480735700864,0,0,✅ Stable performance.
2025-08-19 10:09:46,0.42984147780773374,0.3769599285794233,0.5128957015084676,0.35909290355220813,0.5465507961510769,0.6333773117863788,0,0,0.13131785073742558,0.3762244156622142,0.38807241124539865,0.14090709644779187,0,0,✅ Stable performance.
2025-08-19 10:09:47,0.3848588898902876,0.3075766855731696,0.35997325898109406,0.4832454120917542,0.4434197114406784,0.6587279390255105,0,0,0.13153933205501409,0.37266567695684566,0.386310289487999,0.0167545879082458,0,0,✅ Stable performance.
2025-08-19 10:09:48,0.5851964211748173,0.4890198411124787,0.37527768413556933,0.5416175770527483,0.5238146362933529,0.2725425565216478,0,0,0.1330985890581093,0.3815537891035893,0.38690928788374523,0.04161757705274827,0,0,✅ Stable performance.
2025-08-19 10:09:49,0.3866694983045442,0.5035249334723753,0.3932863173822364,0.4188147720362094,0.6881642782898152,0.6905426829358512,0,0,0.13336299987377648,0.38364244418106624,0.38581003045089446,0.08118522796379057,0,0,✅ Stable performance.
2025-08-19 10:09:50,0.4978428733793374,0.21538121377619063,0.41656592909474255,0.5568510677405243,0.5476303230655226,0.7019673057360614,0,0,0.13341775567106137,0.3809197230008795,0.386675932445343,0.056851067740524286,0,0,✅ Stable performance.
2025-08-19 10:09:51,0.4340383847351459,0.307048913980759,0.4102870458784508,0.5225731038993926,0.42184358071669426,0.5281371576513731,0,0,0.12680663255615632,0.38233025441971663,0.38722717012997543,0.0225731038993926,0,0,✅ Stable performance.
2025-08-19 10:09:52,0.5486379067407334,0.25034707449099214,0.46164781359957374,0.3292868181251376,0.40359792106470005,0.7569281719863437,0,0,0.12663220774776573,0.3824163541901427,0.3877387976128637,0.1707131818748624,0,0,✅ Stable performance.
2025-08-19 10:09:53,0.5326780710423669,0.3349976065593102,0.27645693899686385,0.5540399608071649,0.46942550584254983,0.7399764236524875,0,0,0.12681584422577596,0.37654064649215324,0.3849904124905918,0.05403996080716489,0,0,✅ Stable performance.
2025-08-19 10:09:54,0.6173229434044454,0.39165620302096393,0.27876356763529697,0.6051113046952006,0.5420707139925542,0.5888265344382422,0,0,0.12753897056680377,0.37836006457182797,0.3834271666871177,0.10511130469520058,0,0,✅ Stable performance.
2025-08-19 10:09:55,0.4352226234184562,0.25503547803014703,0.37364967116602954,0.5025851432366912,0.6972851761975072,0.5077086308227114,0,0,0.12718047247463077,0.3684154881397779,0.3836709893765002,0.002585143236691234,0,0,✅ Stable performance.
2025-08-19 10:09:56,0.4649165544138507,0.3078140186874687,0.45364210776517877,0.6479434226771454,0.34601519222885857,0.4314442001588972,0,0,0.11773104856764771,0.36712862697286786,0.38496552519467814,0.14794342267714544,0,0,✅ Stable performance.
2025-08-19 10:09:57,0.3821683994462368,0.29960426279185015,0.3208282154291699,0.2968283446419857,0.4874979924758951,0.5682485719919805,0,0,0.116244653426962,0.36947329559123937,0.3837127058496031,0.2031716553580143,0,0,✅ Stable performance.
2025-08-19 10:09:58,0.4467232137419479,0.42072673293989443,0.2490625186462182,0.546507804297149,0.5518359218357274,0.6570837344338054,0,0,0.10714127864615669,0.373885934822398,0.38079711111558984,0.04650780429714896,0,0,✅ Stable performance.
2025-08-19 10:09:59,0.545289978814689,0.4069344337036251,0.4283366245633229,0.30380946873765025,0.2776461187227883,0.5263246409213476,0,0,0.10683318353249256,0.36999771054582903,0.38160308769306706,0.19619053126234975,0,0,✅ Stable performance.
2025-08-19 10:10:00,0.5914962207858327,0.3278262446662747,0.41229403405895454,0.3121352098503256,0.4162796301966729,0.25230700763084946,0,0,0.10819933798800668,0.3681115792944938,0.3816239154192564,0.1878647901496744,0,0,✅ Stable performance.
2025-08-19 10:10:01,0.393773869293645,0.41768208721393985,0.3459342711553037,0.38371230668221434,0.4375866614693509,0.7593223078178879,0,0,0.10503891032171259,0.3705286065232604,0.37968362725815413,0.11628769331778566,0,0,✅ Stable performance.
2025-08-19 10:10:02,0.6072666517507594,0.3453319915412735,0.351501230080685,0.3376195582085382,0.4214955587345104,0.6015677288362344,0,0,0.10725246036609133,0.3681729454884603,0.37887810486878915,0.16238044179146183,0,0,✅ Stable performance.
2025-08-19 10:10:03,0.6660550305081916,0.3728344889673947,0.35262454275645416,0.39599884534502694,0.5584313296368704,0.5182141225492596,0,0,0.11141462578859149,0.3655948193334816,0.37814379301054585,0.10400115465497306,0,0,✅ Stable performance.
2025-08-19 10:10:04,0.5556260875456414,0.5673452090298537,0.40697201323334126,0.4454569149189185,0.5095753170013384,0.6991226535767006,0,0,0.1111945172634512,0.36744833024813517,0.3798351834174723,0.05454308508108152,0,0,✅ Stable performance.
2025-08-19 10:10:05,0.7301922431693859,0.5340461051790348,0.3704630021719503,0.6012041229683169,0.45485887836918737,0.7967573034288886,0,1,0.10486990450751178,0.3670882029877933,0.38183904775613364,0.10120412296831693,0,0,✅ Stable performance.
2025-08-19 10:10:06,0.41734888335278564,0.27004187630724025,0.426815480551333,0.42960393805726316,0.591155452552647,0.16389777377998183,0,0,0.10636971343014294,0.3639554943506649,0.3822606398690445,0.07039606194273684,0,0,✅ Stable performance.
2025-08-19 10:10:07,0.36274322562443073,0.48297324178791745,0.2597144700787938,0.24227752826965343,0.7706820931327725,0.6372643704106173,0,0,0.10935021032607081,0.37114142803053557,0.3802943231308146,0.25772247173034657,0,0,✅ Stable performance.
2025-08-19 10:10:08,0.3006433229879053,0.48113965544915926,0.35993672858907977,0.6460797006876295,0.75906333045475,0.3650621786913153,0,0,0.10922597581628703,0.3752243004159185,0.3803427840937601,0.14607970068762954,0,0,✅ Stable performance.
2025-08-19 10:10:09,0.6897910951158812,0.2851736711247382,0.34681014242137354,0.3531705118957498,0.26529991280308973,0.646749745540458,0,0,0.11272811146384536,0.37052915443146683,0.37953498257763524,0.14682948810425023,0,0,✅ Stable performance.
2025-08-19 10:10:10,0.5912329007472201,0.4818777643754861,0.39062932516975785,0.46848332028419737,0.6118248124338548,0.5924554735592551,0,0,0.11372019745434961,0.3764709429980184,0.37970522040811194,0.03151667971580263,0,0,✅ Stable performance.
2025-08-19 10:10:11,0.5082743330238415,0.5537931918412553,0.37687748978533187,0.5433354060413733,0.5071545258396868,0.6667330455407476,0,0,0.11264275854894293,0.3847878857757104,0.378650549021965,0.043335406041373314,0,0,✅ Stable performance.
2025-08-19 10:10:12,0.5491755548023505,0.28774551937555864,0.4440055853260835,0.5067541510213944,0.5533392855173984,0.5007164333573586,0,0,0.11258636683294045,0.3799001101497294,0.37957717840311866,0.006754151021394428,0,0,✅ Stable performance.
2025-08-19 10:10:13,0.38380173787485483,0.30824971789857364,0.3114800763697487,0.6392815062273809,0.47662242589737014,0.29973777547952307,0,0,0.10580836727991225,0.37700394191825004,0.37898368578575015,0.1392815062273809,0,0,✅ Stable performance.
2025-08-19 10:10:14,0.8080391080191285,0.5017661466843503,0.40705500739074557,0.5481452271288312,0.5481318399032422,0.5078661964742188,0,0,0.11967501606399444,0.38028682348968973,0.3785299754383494,0.04814522712883118,0,0,✅ Stable performance.
2025-08-19 10:10:15,0.5347101399855543,0.4271495310825648,0.4330307733562496,0.349582483839189,0.552819750334685,0.6332541346443867,0,0,0.11974704261512366,0.38372012564144214,0.3795097169749374,0.150417516160811,0,0,✅ Stable performance.
2025-08-19 10:10:16,0.5334774774538147,0.4551476275239523,0.4982798426452184,0.7999290815120266,0.4515783781536191,0.7222680819574825,0,0,0.11876453611690724,0.3863263822729264,0.38095166122380175,0.2999290815120266,0,0,✅ Stable performance.
2025-08-19 10:10:17,0.6076110989559074,0.4340589216400497,0.3816926908839033,0.5059723881866605,0.40757864181947,0.4023352800529709,0,0,0.11722490378272693,0.3905424568084891,0.38128155045784085,0.00597238818666046,0,0,✅ Stable performance.
2025-08-19 10:10:18,0.5797137258283507,0.43906959209281443,0.42233743827765924,0.45535460024841123,0.46963429445008753,0.7239748152332068,0,0,0.11712979546482574,0.3888774485078336,0.38242697365417216,0.044645399751588766,0,0,✅ Stable performance.
2025-08-19 10:10:19,0.55034295150474,0.2673527871688917,0.3162548870533715,0.6199848034257274,0.5643045613399931,0.47897658557964795,0,0,0.11431878213468692,0.3810050436310508,0.3811871330900052,0.11998480342572737,0,0,✅ Stable performance.
2025-08-19 10:10:20,0.43125007247550373,0.5047317706621448,0.28718373508729494,0.5141378546170801,0.6148639087663414,0.6267599209294707,0,0,0.11558160774964368,0.39065006219391596,0.3795166643382476,0.014137854617080059,0,0,✅ Stable performance.
2025-08-19 10:10:21,0.5818355422298223,0.5169589992427774,0.44935378271348747,0.5363268412141533,0.6501219181047015,0.49915915644261655,0,0,0.11464396223305315,0.39764706503598324,0.38015430574338305,0.036326841214153305,0,0,✅ Stable performance.
2025-08-19 10:10:22,0.7500195865569499,0.37706092559319726,0.40717056786345535,0.84639108159385,0.4633279321189021,0.6003898479057383,0,0,0.1213753780803792,0.4018708600727234,0.3807070622478908,0.34639108159385,0,0,✅ Stable performance.
2025-08-19 10:10:23,0.6875034764114718,0.39565230501861376,0.4667077356572364,0.4364242525018711,0.5711780072010142,0.7042011583769374,0,0,0.12438277782365495,0.4038926833547002,0.3835529745973212,0.06357574749812889,0,0,✅ Stable performance.
2025-08-19 10:10:24,0.7179076127912383,0.2468892497444278,0.33944547534028413,0.4301073615641666,0.665252640667974,0.3942635035010247,0,0,0.12775268877802254,0.39906711824548236,0.38310263571429304,0.06989263843583338,0,0,✅ Stable performance.
2025-08-19 10:10:25,0.4696276320550279,0.45142547560178353,0.4344442453866656,0.4944532582301795,0.6934050138642909,0.4742909185366744,0,0,0.12686783667747698,0.4056134514978702,0.38320789072940353,0.005546741769820507,0,0,✅ Stable performance.
2025-08-19 10:10:26,0.41398190641513355,0.45720574417141446,0.502223549058877,0.6359239696747392,0.5236765386441076,0.6007982375442378,0,0,0.1283495505415024,0.4105931756806684,0.3853465709506824,0.1359239696747392,0,0,✅ Stable performance.
2025-08-19 10:10:27,0.5173461374696995,0.3937808983000689,0.430101456071004,0.2539946894980698,0.5012066181498631,0.9250311058321514,0,0,0.1247116755261715,0.41373239686427576,0.38623516374786526,0.2460053105019302,0,0,✅ Stable performance.
2025-08-19 10:10:28,0.5398642861150327,0.5124353359870503,0.4232787695541495,0.18599217155078973,0.5583252432625461,0.4474813578545245,0,0,0.1231823629425199,0.4167893502991809,0.3859771865357259,0.31400782844921027,0,0,✅ Stable performance.
2025-08-19 10:10:29,0.6639014644086623,0.36659227690200596,0.4102110169372709,0.39020343241842514,0.37246101301667567,0.8721605910237222,0,0,0.12479065810466167,0.41544461173912695,0.3869111462472517,0.10979656758157486,0,0,✅ Stable performance.
2025-08-19 10:10:30,0.3347444311387937,0.45646059258936006,0.33157265866121416,0.23512245561923084,0.5049939855207244,0.8669370800358265,0,0,0.13104868573457568,0.4197324233365631,0.3872212663363055,0.26487754438076916,0,0,✅ Stable performance.
2025-08-19 10:10:31,0.7174601533606635,0.29803356613078846,0.47822889692448356,0.414245240278881,0.6350454003738393,0.5595090768416522,0,0,0.1311306109172042,0.41574413930045806,0.38881828833712506,0.08575475972111901,0,0,✅ Stable performance.
2025-08-19 10:10:32,0.5185002344482921,0.3976447849125762,0.3802408867701692,0.5516261610100379,0.6208176873541165,0.5301313108257613,0,0,0.13102988949203317,0.4174878990795015,0.3890462372181178,0.05162616101003792,0,0,✅ Stable performance.
2025-08-19 10:10:33,0.4876103278039714,0.38256457420971646,0.4363414502010297,0.3452211546791659,0.49436774701738306,0.4725123351856433,0,0,0.12995874828037335,0.4178122352542456,0.3906053638196878,0.15477884532083408,0,0,✅ Stable performance.
2025-08-19 10:10:34,0.4192305455280312,0.4225307922040942,0.33329909067477254,0.2658030759566028,0.5620116620930564,0.56376689590967,0,0,0.13216363468645828,0.41298508802672024,0.3897825025655836,0.2341969240433972,0,0,✅ Stable performance.
2025-08-19 10:10:35,0.3440248245795938,0.36304730711666416,0.3528113413994026,0.4874546138465927,0.41751998159152315,0.3679773766217598,0,0,0.1324707193232121,0.40728512809130785,0.38872355009391124,0.012545386153407279,0,0,✅ Stable performance.
2025-08-19 10:10:36,0.638545855958581,0.38685274043283324,0.4838722132073598,0.6049654161812792,0.6293489724391952,0.562591371027233,0,0,0.1319247253333207,0.411178823562161,0.39026071534935924,0.10496541618127919,0,0,✅ Stable performance.
2025-08-19 10:10:37,0.5506306994058239,0.48260471714415065,0.39508624741981224,0.2260780360062853,0.5210443677608518,0.7926969971038085,0,0,0.12755309254241545,0.41116653940736875,0.3900489978361123,0.2739219639937147,0,0,✅ Stable performance.
2025-08-19 10:10:38,0.39002885712938085,0.3563235762761783,0.485448654291288,0.5986971735358249,0.4935798599888037,0.48435758115133476,0,0,0.1225366385212473,0.40700600343493604,0.39008240627217455,0.09869717353582486,0,0,✅ Stable performance.
2025-08-19 10:10:39,0.39032569179732124,0.23934228992613207,0.4092068661576912,0.5982636678242517,0.481690211107229,0.5385315364796288,0,0,0.12298162673266595,0.4054782907283158,0.39063646506238014,0.09826366782425167,0,0,✅ Stable performance.
2025-08-19 10:10:40,0.5048713382695271,0.5749583904205421,0.32135702908418057,0.6185269935587585,0.5231136066904445,0.32491138759443416,0,0,0.12276024394805081,0.40858097826315104,0.38920311167750105,0.11852699355875851,0,0,✅ Stable performance.
2025-08-19 10:10:41,0.7432741022071967,0.5381454078690486,0.45838881634011586,0.657696224730457,0.4697476896989774,0.6284584787376495,0,0,0.12820919541417425,0.40805938546407744,0.3907043644342331,0.15769622473045697,0,0,✅ Stable performance.
2025-08-19 10:10:42,0.5156507599959073,0.27077373048943815,0.3846243390872058,0.8034033781200884,0.6230627414429923,0.6124297723192031,0,0,0.1283204134307852,0.4074936591678735,0.391251605890799,0.30340337812008844,0,0,✅ Stable performance.
2025-08-19 10:10:43,0.3691795944768985,0.46897078052451946,0.4493869142722947,0.42442873218160093,0.4770382104180464,0.583061082618207,0,0,0.1289767388220886,0.4128510279220716,0.392654788234701,0.07557126781839907,0,0,✅ Stable performance.
2025-08-19 10:10:44,0.5189996370941601,0.3497025229448657,0.416046535594903,0.49341520524223803,0.7526463393446172,0.5420270708427286,0,0,0.11895655032828259,0.40778224046408884,0.3934082813887088,0.006584794757761969,0,0,✅ Stable performance.
2025-08-19 10:10:45,0.5166403685220302,0.426348721533106,0.33796359944221177,0.41548862180801827,0.73493731365522,0.5309203988030662,0,0,0.11899894928880778,0.40775554681244025,0.39215630498892357,0.08451137819198173,0,0,✅ Stable performance.
2025-08-19 10:10:46,0.23026150144487167,0.4294224129013494,0.4236677677293401,0.47747541340036337,0.40824734604005064,0.647157808590036,0,0,0.13124503080578764,0.4068980396583534,0.39066917275927143,0.02252458659963663,0,0,✅ Stable performance.
2025-08-19 10:10:47,0.5441592671589537,0.37655921996836783,0.525597705189908,0.7042724926612398,0.5414941763153136,0.569528012592377,0,0,0.13034873644047196,0.40498138293596403,0.39342958019608504,0.2042724926612398,0,0,✅ Stable performance.
2025-08-19 10:10:48,0.5240346325094596,0.32162343344136035,0.44076938962944734,0.27792325754619984,0.4416387494269509,0.6198151473917923,0,0,0.12988312486832895,0.40106651098091556,0.39452110862098294,0.22207674245380016,0,0,✅ Stable performance.
2025-08-19 10:10:49,0.634669681240279,0.3309458947683741,0.4135776976749076,0.34962098825056565,0.4865524353748971,0.6051894009377314,0,0,0.13147874397238918,0.40318628123423167,0.3948592982925275,0.15037901174943435,0,0,✅ Stable performance.
2025-08-19 10:10:50,0.7720221737443687,0.30838080845187577,0.47055427404448197,0.6812071935563173,0.8094055836236307,0.7380707307998362,0,0,0.13791297804939767,0.39664124916055604,0.39575910404168985,0.18120719355631731,0,0,✅ Stable performance.
2025-08-19 10:10:51,0.6872039145619941,0.3168177791769555,0.427654045828249,0.6282974684818607,0.4891967442677094,0.6727693965662773,0,0,0.14050219899532063,0.3899698751583619,0.3960485540408531,0.12829746848186074,0,0,✅ Stable performance.
2025-08-19 10:10:52,0.5226320388878636,0.3932821709950645,0.42793085270268955,0.4233858397985202,0.581765900531269,0.6019536891450565,0,0,0.13462904647157217,0.3905105833384242,0.3954866046925717,0.07661416020147982,0,0,✅ Stable performance.
2025-08-19 10:10:53,0.4241359082340723,0.32842400108892483,0.36320640120305103,0.6037592832622551,0.6068690737047486,0.7958479847392512,0,0,0.13254093780408988,0.3882696398741013,0.39693242906267484,0.10375928326225514,0,0,✅ Stable performance.
2025-08-19 10:10:54,0.8608450174021416,0.468205206571262,0.42981357972194245,0.5277325100173718,0.39312601239045364,0.635217255441747,0,0,0.14209858436171796,0.39564683843499565,0.3994499292641189,0.02773251001737176,0,0,✅ Stable performance.
2025-08-19 10:10:55,0.5636992784971617,0.5487246155335928,0.47022686787476614,0.699443099902219,0.413299719354844,0.7646245449297902,0,0,0.14186132710302352,0.39889014309938936,0.40105954920926457,0.19944309990221898,0,0,✅ Stable performance.
2025-08-19 10:10:56,0.5590405962212655,0.3419946758629957,0.37698510807037405,0.4882208919635058,0.3646547199446202,0.6625227218088454,0,0,0.14028269235893165,0.3950497741557754,0.3997819325476844,0.01177910803649418,0,0,✅ Stable performance.
2025-08-19 10:10:57,0.5552266606029954,0.42394045005353775,0.490346525359179,0.6291264385060127,0.4090198337363393,0.30431921181586175,0,0,0.1403032126317062,0.3960550925475577,0.4026072377131846,0.1291264385060127,0,0,✅ Stable performance.
2025-08-19 10:10:58,0.5822352667171513,0.4499685110302934,0.4148699517110317,0.8685875740199136,0.13676464903552876,0.7646058328265304,0,0,0.14056985895733248,0.39397286504899914,0.40537069493093153,0.3685875740199136,0,0,✅ Stable performance.
2025-08-19 10:10:59,0.5423333208448788,0.44720022709192747,0.3754002959628173,0.565788893701284,0.607321123801241,0.5935158156830642,0,0,0.13849636440788426,0.39665979672199647,0.40448842278758973,0.06578889370128405,0,0,✅ Stable performance.
2025-08-19 10:11:00,0.49212833552516333,0.40759552679160876,0.470003894007213,0.48449034957303816,0.8165813664870272,0.5661435121506624,0,0,0.13366029011130057,0.3950309611954049,0.4054502537867274,0.01550965042696184,0,0,✅ Stable performance.
2025-08-19 10:11:01,0.4959480056371943,0.47426824183597227,0.40611609699574364,0.584210599215238,0.552322572914349,0.6148969176685462,0,0,0.12941682316137662,0.4009054503855776,0.4064532842174014,0.08421059921523799,0,0,✅ Stable performance.
2025-08-19 10:11:02,0.5574884546099719,0.44822489526806575,0.45876507177841885,0.42306744148630404,0.3355106435887141,0.5232812309742565,0,0,0.12949375955066625,0.4025914540640939,0.4082410149123636,0.07693255851369596,0,0,✅ Stable performance.
2025-08-19 10:11:03,0.49760466681245363,0.2762337577672702,0.40653491441264294,0.8309517944094882,0.4427310971419933,0.6069514175036212,0,0,0.12939047013342084,0.39904709351601236,0.40913952110663343,0.3309517944094882,0,0,✅ Stable performance.
2025-08-19 10:11:04,0.47813785475234316,0.48691560643892734,0.418465057470531,0.5038594586346963,0.4682229958478801,0.4871673477764322,0,0,0.12806708978075762,0.4011932539905068,0.4093310718439199,0.003859458634696278,0,0,✅ Stable performance.
2025-08-19 10:11:05,0.575794722174066,0.48872908372667423,0.4464678934851971,0.4367484132186008,0.390775677719184,0.7601353490612761,0,1,0.12313666562234707,0.40538264654417383,0.410597820032474,0.0632515867813992,0,0,✅ Stable performance.
2025-08-19 10:11:06,0.5335559987970337,0.32367138958214187,0.4366682547694392,0.3533780843023475,0.651069190715702,0.5571281889050366,0,0,0.12176058142937385,0.4032766015158174,0.41076203293610913,0.14662191569765248,0,0,✅ Stable performance.
2025-08-19 10:11:07,0.742517635087345,0.4037937835447602,0.32268033148880837,0.6397319672432893,0.6441489900202888,0.5177812487179987,0,0,0.12737086095574152,0.40064957039583776,0.4118114639596094,0.1397319672432893,0,0,✅ Stable performance.
2025-08-19 10:11:08,0.2508077733660168,0.468332899281107,0.36672825212813204,0.6056533982541508,0.3716647432232585,0.43845100342483256,0,0,0.13545941628956307,0.40438321449600206,0.41192465601859357,0.10565339825415077,0,0,✅ Stable performance.
2025-08-19 10:11:09,0.6947404437285389,0.3790686180420639,0.4695944569938488,0.40350120246824694,0.6323415952703066,0.6130578858642441,0,0,0.1353001029673649,0.4090407587665331,0.41397106126146815,0.09649879753175306,0,0,✅ Stable performance.
2025-08-19 10:11:10,0.7135804183861187,0.5072978047766012,0.416850646930687,0.5625818447410831,0.7434765195900166,0.6011119228822361,0,0,0.1382512421549481,0.406785405911735,0.41440808329081696,0.06258184474108308,0,0,✅ Stable performance.
2025-08-19 10:11:11,0.3208154626949862,0.6363872494619361,0.39760442985864963,0.2536951462992443,0.7955618450762723,0.630559335266113,0,0,0.1400864624146885,0.41006013396483126,0.41475353229203893,0.24630485370075572,0,0,✅ Stable performance.
2025-08-19 10:11:12,0.5263611288220196,0.3214013967365018,0.3561958128558034,0.5045853083305936,0.9290035812394009,0.4234834132717,0,0,0.1400292175784926,0.4117477228397334,0.41329003608420095,0.004585308330593563,0,0,✅ Stable performance.
2025-08-19 10:11:13,0.5234401786529235,0.26189553968462254,0.37047121617634104,0.5442568548135598,0.4067988980402646,0.33953277822257855,0,0,0.13621054002568872,0.4048452148117369,0.41427322174764414,0.04425685481355979,0,0,✅ Stable performance.
2025-08-19 10:11:14,0.40116278326548604,0.4303818595604876,0.32370161886349247,0.730117619308742,0.9233213829984028,0.6652505311110757,0,0,0.1387520302932347,0.4075345260322576,0.4128839986055233,0.23011761930874197,0,0,✅ Stable performance.
2025-08-19 10:11:15,0.47622471265659416,0.4721562505126144,0.42006103354796953,0.36298838278181655,0.4827322692579332,0.7909068420498686,0,0,0.13922331717743744,0.4090614436649079,0.4126678362753852,0.13701161721818345,0,0,✅ Stable performance.
2025-08-19 10:11:16,0.4372453103556859,0.3769133626155231,0.3955367090754502,0.28779898326231956,0.44970512808815455,0.4236148056320146,0,0,0.12786855896788382,0.4073111419887137,0.4109554507158891,0.21220101673768044,0,0,✅ Stable performance.
2025-08-19 10:11:17,0.776854170244109,0.5453260663321035,0.37746271217669314,0.34452796241555994,0.5771701858911613,0.8062362176888747,0,0,0.1344135215038179,0.41293670353417156,0.41088495107076894,0.15547203758444006,0,0,✅ Stable performance.
2025-08-19 10:11:18,0.6805245795125392,0.2661394200276751,0.4227194540890176,0.2791745011161755,0.4511473329411384,0.6152717743492879,0,0,0.13609934037314805,0.41108723642038203,0.4108913180009583,0.22082549888382452,0,0,✅ Stable performance.
2025-08-19 10:11:19,0.7207207886881728,0.4692918623031611,0.44465767551150853,0.6752037640394457,0.5871468121723358,0.5727100014628039,0,0,0.13855455785801052,0.41569876867154154,0.41303136447526057,0.1752037640394457,0,0,✅ Stable performance.
2025-08-19 10:11:20,0.6559618947625439,0.3394139179241107,0.5314525592008252,0.7066081626294753,0.3488445996018541,0.515592287539091,0,0,0.13413924310524133,0.41673320565394945,0.4171025115438194,0.20660816262947534,0,0,✅ Stable performance.
2025-08-19 10:11:21,0.43707076669969314,0.5719377906207297,0.3515320102336237,0.5246215408361263,0.49873631289657094,0.37122485448169296,0,0,0.13383836414806913,0.4252372060354086,0.41547214866915494,0.024621540836126332,0,0,✅ Stable performance.
2025-08-19 10:11:22,0.5090540433367445,0.5992515353168119,0.48542875199826685,0.6581132174682818,0.7100374922960886,0.7182215999212047,0,0,0.13396852553076416,0.43210285151280015,0.4167764517380685,0.15811321746828177,0,0,✅ Stable performance.
2025-08-19 10:11:23,0.629522883305814,0.3233343412216652,0.4764482965054507,0.4970280262834694,0.523922110206879,0.46029247896055625,0,0,0.13240325476797127,0.4319331961838914,0.4169387944188721,0.0029719737165305737,0,0,✅ Stable performance.
2025-08-19 10:11:24,0.4270838250870721,0.345044286409142,0.3891721001073184,0.4630920854859708,0.551459678666606,0.45967808438975455,0,1,0.12162758560394944,0.4278278321784875,0.41776757149832267,0.036907914514029194,0,0,✅ Stable performance.
2025-08-19 10:11:25,0.6566680042658655,0.4859587886979802,0.43862205342691135,0.42784416702796246,0.5977115554037025,0.7188356258334601,0,0,0.12328746028483722,0.42573563795063374,0.41783720163232674,0.07215583297203754,0,0,✅ Stable performance.
2025-08-19 10:11:26,0.54402637736872,0.3612869350210486,0.4059121118521854,0.4311991874199781,0.6941073575233005,0.2983125840277955,0,0,0.12327294900715331,0.42637871325590215,0.4162320110122152,0.06880081258002191,0,0,✅ Stable performance.
2025-08-19 10:11:27,0.5283818784040089,0.3954588782067762,0.4384117219614595,0.24788104672371647,0.30238691491385916,0.3508811700464346,0,0,0.12331481473808806,0.42542932752767676,0.41637051544372283,0.25211895327628353,0,0,✅ Stable performance.
2025-08-19 10:11:28,0.6572963370565246,0.40253884205424106,0.5049173622322064,0.5163309895463537,0.6128577800338788,0.571090558235223,0,0,0.12480823424260924,0.42384833856180837,0.4177311586550238,0.016330989546353702,0,0,✅ Stable performance.
2025-08-19 10:11:29,0.6259605463527456,0.20803268438023437,0.4600746418150009,0.471207219841697,0.4946627918985129,0.6166428497954912,0,0,0.12557568917642586,0.41587608713808527,0.41856221906965263,0.028792780158303,0,0,✅ Stable performance.
2025-08-19 10:11:30,0.5308072541257527,0.3986162253905763,0.45555826746656375,0.5876051912146028,0.5549309810008842,0.644646938706269,0,0,0.12513520692277463,0.41557677709138413,0.4206286458830751,0.08760519121460275,0,0,✅ Stable performance.
2025-08-19 10:11:31,0.7111581688494997,0.33102722259358264,0.40894590142861587,0.4910377365686549,0.6787606886562845,0.5295980025324363,0,0,0.1278604640969839,0.4108020764499712,0.4194739292914773,0.008962263431345097,0,0,✅ Stable performance.
2025-08-19 10:11:32,0.44594381720836385,0.35068771776002283,0.35659205280158757,0.4530785540097231,0.36629537102369714,0.9438690827596616,0,0,0.12956710054532078,0.4075508371997031,0.4190797820586676,0.04692144599027692,0,0,✅ Stable performance.
2025-08-19 10:11:33,0.6472008853535975,0.5443632003468815,0.42070499414224033,0.34811828449748594,0.3914605002069642,0.5404084804500029,0,1,0.13008134441140703,0.4164884852856901,0.41881917445768774,0.15188171550251406,0,0,✅ Stable performance.
2025-08-19 10:11:34,0.6446847635692687,0.27434931057207435,0.49179233103391284,0.4878718057368183,0.2635452523991533,0.5399852244959678,0,0,0.12993475270894925,0.40940294209012834,0.42146072846367344,0.01212819426318168,0,0,✅ Stable performance.
2025-08-19 10:11:35,0.5379175047105964,0.48132051867479775,0.3554370490826911,0.586549870064931,0.4557082169005562,0.4571651070936309,0,0,0.13003541703272942,0.4091559899217325,0.421504490258395,0.08654987006493098,0,0,✅ Stable performance.
2025-08-19 10:11:36,0.613390340333555,0.37210370696681916,0.37937449212479507,0.30780079166498053,0.7162545522991546,0.5918673977476605,0,0,0.1301602540025912,0.41077040050122177,0.41976286157368553,0.19219920833501947,0,0,✅ Stable performance.
2025-08-19 10:11:37,0.4266703351793222,0.37202398315041657,0.4387758659667896,0.49014148788168477,0.5151162385265251,0.6636956337602424,0,0,0.12839494058882198,0.4097114071547436,0.42049102188280174,0.009858512118315232,0,0,✅ Stable performance.
2025-08-19 10:11:38,0.6845030324021677,0.47903718960517117,0.3835632585341794,0.5117070663958425,0.3460656141545648,0.7497946621159639,0,0,0.11642856817987238,0.4100682168322124,0.4187929319535167,0.011707066395842514,0,0,✅ Stable performance.
2025-08-19 10:11:39,0.5532381948737928,0.43400512945688907,0.3935033440422383,0.3708037101853887,0.46450775373063324,0.35590033170950863,0,0,0.11416377699557832,0.4118994338793732,0.41853120658492576,0.1291962898146113,0,0,✅ Stable performance.
2025-08-19 10:11:40,0.5133164732693669,0.45706129972195314,0.4122831059330464,0.3900936507245465,0.32558654289641353,0.5377605239634031,0,0,0.11118077531657516,0.410224883710885,0.42004664119907353,0.10990634927545351,0,0,✅ Stable performance.
2025-08-19 10:11:41,0.6996160778651357,0.49681846605328617,0.36551568343140417,0.5113467586942759,0.37586013145450625,0.639084006724502,0,0,0.10420190616514989,0.4055725909305966,0.418498755650595,0.011346758694275927,0,0,✅ Stable performance.
2025-08-19 10:11:42,0.49195877417160716,0.3668691616816677,0.38542397995154964,0.30927010539406297,0.5857294049282764,0.6596140629549432,0,0,0.10493175669414853,0.40708818309543554,0.4185120829983341,0.19072989460593703,0,0,✅ Stable performance.
2025-08-19 10:11:43,0.4085958915213761,0.33877632654922496,0.4696349867231899,0.5290225515674751,0.36911117595698206,0.5747010119953428,0,0,0.10882191857181045,0.40965087599092226,0.41884955087251563,0.02902255156747513,0,0,✅ Stable performance.
2025-08-19 10:11:44,0.39108499389850326,0.2914849473442202,0.3694286203937326,0.34453886411717427,0.6860636903907449,0.6530853562698493,0,0,0.10937234350035939,0.4050209789170467,0.41807258561916283,0.15546113588282573,0,0,✅ Stable performance.
2025-08-19 10:11:45,0.6473342838578926,0.31745894700210453,0.35523702140199526,0.634640688084029,0.521973271222663,0.4554131568960835,0,0,0.10884083669724369,0.399864402133363,0.41836047598515924,0.13464068808402896,0,0,✅ Stable performance.
2025-08-19 10:11:46,0.4238509225251583,0.6949094425308726,0.4039628977714988,0.8235237308974357,0.5436968862934681,0.8016233591250443,0,0,0.1094488922031534,0.41046427146387465,0.41803206148586186,0.3235237308974357,0,0,✅ Stable performance.
2025-08-19 10:11:47,0.7834511091370222,0.5244679580736787,0.47239544049514215,0.3496643760075493,0.49324419281394016,0.7189382795481696,0,0,0.10987627324680899,0.4097690011885939,0.41714535707428246,0.1503356239924507,0,0,✅ Stable performance.
2025-08-19 10:11:48,0.3288768732824099,0.26489256337919787,0.42628509359126177,0.5563236173319122,0.638962961972346,0.3770158553643346,0,0,0.11669161203926025,0.40972743930031125,0.4169039521403127,0.05632361733191216,0,0,✅ Stable performance.
2025-08-19 10:11:49,0.7764945553812834,0.267754204325643,0.4132356487067817,0.36951822436382864,0.6403924039249618,0.41648405770291164,0,0,0.1197045080571177,0.40300951736772733,0.41689825132417724,0.13048177563617136,0,0,✅ Stable performance.
2025-08-19 10:11:50,0.6004614951501837,0.4481866061718492,0.4390161611097993,0.6313963492508603,0.5782766364694663,0.42060623410657016,0,0,0.1186645270724969,0.40663527364265195,0.41637261610859916,0.1313963492508603,0,0,✅ Stable performance.
2025-08-19 10:11:51,0.5639437985179627,0.45472647973779673,0.3498463682124927,0.2897388471041493,0.610122149219241,0.6729121409779,0,0,0.11627621916388976,0.4027282299465542,0.41507582148166994,0.21026115289585068,0,0,✅ Stable performance.
2025-08-19 10:11:52,0.5107685357279712,0.45488838353173644,0.4622005411656833,0.5483798342770276,0.5024322915447264,0.3858215216089125,0,0,0.11624730161378892,0.3979161248870517,0.4156469829560531,0.048379834277027634,0,0,✅ Stable performance.
2025-08-19 10:11:53,0.6225279848008674,0.37450442064463024,0.45697052866857024,0.3478522225942706,0.6069912955233234,0.5253230372228366,0,0,0.11612412102825559,0.39962179420115057,0.41720971841381177,0.15214777740572938,0,0,✅ Stable performance.
2025-08-19 10:11:54,0.5706782929000023,0.38745457399971,0.41766687201505837,0.4465184920542984,0.48499571893434545,0.6402543094419628,0,0,0.11309617873448757,0.40103547045416943,0.41700727328536374,0.05348150794570161,0,0,✅ Stable performance.
2025-08-19 10:11:55,0.7057342357298724,0.43278795241593576,0.4887620399311216,0.3244396843362396,0.5321412115965285,0.5640647958534861,0,0,0.11471558967899531,0.399263109244768,0.4173161928196363,0.1755603156637604,0,0,✅ Stable performance.
2025-08-19 10:11:56,0.5884207584997212,0.4085893006293331,0.3824245280151052,0.5990109587418191,0.4937611318708046,0.6116114937421961,0,0,0.11461529901237454,0.4008398547650441,0.41740684981871523,0.09901095874181909,0,0,✅ Stable performance.
2025-08-19 10:11:57,0.5925480428583723,0.1780699627252465,0.49552830124689196,0.3531867753049216,0.46845286788325424,0.4178444502851737,0,0,0.11432381031918187,0.39359355758232645,0.4174932127501771,0.1468132246950784,0,0,✅ Stable performance.
2025-08-19 10:11:58,0.5315004784611592,0.37702003694248065,0.4471910534854324,0.558954166777585,0.4363081462483547,0.6607545336644336,0,0,0.11356697826766378,0.3927429307452677,0.41803189777975036,0.058954166777585026,0,0,✅ Stable performance.
2025-08-19 10:11:59,0.5676573715070601,0.3148593565739687,0.4229722593332176,0.4262056052531418,0.5966624203190367,0.4840464823355686,0,0,0.11311715489606532,0.39630381981839224,0.41882476383592376,0.07379439474685823,0,0,✅ Stable performance.
2025-08-19 10:12:00,0.6106809363901782,0.4175211418908512,0.439139725680167,0.46022386046447794,0.7135062398726881,0.5262598690725828,0,0,0.11309122109646343,0.39693398370173477,0.418310361030473,0.03977613953552206,0,0,✅ Stable performance.
2025-08-19 10:12:01,0.3713955352866021,0.698525900260341,0.4351036877794919,0.4990720826658146,0.6941683971689696,0.6085169631330245,0,0,0.11577373381658938,0.40918393962396,0.4187934875435354,0.0009279173341854019,0,0,✅ Stable performance.
2025-08-19 10:12:02,0.41406265356927907,0.4367481665474305,0.5018145895123811,0.3643208325213201,0.3576485243490848,0.5888207267689123,0,0,0.117013689521114,0.4120526212502069,0.4195109795057681,0.13567916747867992,0,0,✅ Stable performance.
2025-08-19 10:12:03,0.6616153667606897,0.3686470313827602,0.38730000693940103,0.5083477185960037,0.7105394049295577,0.5772507577821671,0,0,0.11740983050259458,0.40619541561806954,0.4191903977145474,0.008347718596003695,0,0,✅ Stable performance.
2025-08-19 10:12:04,0.5935520061626696,0.49218015019772526,0.4033415199770782,0.7038963794207329,0.4877291773078487,0.4639463230135794,0,0,0.11652439652855583,0.4134564436055913,0.41893833875632325,0.2038963794207329,0,0,✅ Stable performance.
2025-08-19 10:12:05,0.5512486873511657,0.4482687887209213,0.4936161451594885,0.36191047078383587,0.6151046440312204,0.5299269836020581,0,0,0.11646454514643262,0.4123547192737954,0.4197241429508948,0.13808952921616413,0,0,✅ Stable performance.
2025-08-19 10:12:06,0.5749536040153653,0.44200944904518413,0.4123577724181279,0.6507822133312158,0.40621355563836126,0.5740625184792689,0,0,0.11606737750616027,0.41468491067640756,0.41931896824503956,0.15078221333121578,0,0,✅ Stable performance.
2025-08-19 10:12:07,0.6136587259649495,0.4606850593215671,0.48749469166535675,0.6991205884296878,0.5515129258368074,0.3726046209111713,0,0,0.11373044553169288,0.41764027988211255,0.4220658742479821,0.19912058842968783,0,0,✅ Stable performance.
2025-08-19 10:12:08,0.5082249974674438,0.6056543564829542,0.5277733555706691,0.35627198192490495,0.5753197394261198,0.5060868125481464,0,0,0.11187797549004487,0.42186085211137203,0.4247499593053577,0.14372801807509505,0,0,✅ Stable performance.
2025-08-19 10:12:09,0.4796437420587112,0.28691115646740845,0.42304532369460823,0.2616211901607173,0.3260380114581105,0.6304504003413225,0,0,0.11281271663652115,0.4169577196783893,0.423974140417037,0.23837880983928272,0,0,✅ Stable performance.
2025-08-19 10:12:10,0.5947233755054835,0.44736320768114546,0.47753670999191156,0.5219170246455547,0.6161490176137141,0.38688802529868394,0,0,0.1127148312406435,0.41663444994369575,0.42498557480139076,0.021917024645554672,0,0,✅ Stable performance.
2025-08-19 10:12:11,0.45525913702449383,0.3073618870018462,0.3861174982176097,0.39608599938042754,0.7184035099917492,0.7429203349226183,0,0,0.11104274112253582,0.4103192306419811,0.42479412594070676,0.10391400061957246,0,0,✅ Stable performance.
2025-08-19 10:12:12,0.6191789165052726,0.45555126463422485,0.48187229580944946,0.7540097230535885,0.5076224113933052,0.7594538615043946,0,0,0.11113297416553111,0.41327530074039964,0.4268887339899342,0.2540097230535885,0,0,✅ Stable performance.
2025-08-19 10:12:13,0.3687198669530205,0.3081313488513906,0.45444034882685375,0.48233916862609316,0.7203764857464163,0.39161061480715675,0,0,0.11316922962117522,0.4122538014838052,0.4282882195341094,0.017660831373906838,0,0,✅ Stable performance.
2025-08-19 10:12:14,0.6919750700004121,0.35826331863949157,0.4684545822569825,0.3583394534921047,0.5055368184430495,0.7723268591752275,0,0,0.11154770048242124,0.4144797471936475,0.4307007689240009,0.14166054650789528,0,0,✅ Stable performance.
2025-08-19 10:12:15,0.6256324803153117,0.37049100857620937,0.41285758316865834,0.30723479471173354,0.6496000957841708,0.5527409390615066,0,0,0.11105863637694281,0.41624748257945104,0.43058071141767906,0.19276520528826646,0,0,✅ Stable performance.
2025-08-19 10:12:16,0.5995566310706926,0.49758167193447095,0.3624155346135258,0.6386482405792968,0.22429677770481682,0.6349606961686454,0,0,0.10803853707916228,0.4096698902262376,0.4300286918433136,0.1386482405792968,0,0,✅ Stable performance.
2025-08-19 10:12:17,0.6852167790007793,0.4918454443942414,0.47096582725081604,0.3925635994823091,0.8671194859741576,0.5010962415590141,0,0,0.10267787404603249,0.40858247310358975,0.431587077094549,0.10743640051769088,0,0,✅ Stable performance.
2025-08-19 10:12:18,0.7656646613767573,0.27542826235536155,0.34296658501082444,0.4836756372697786,0.739130213637341,0.7087600919679999,0,0,0.0987945427839425,0.4089336630694619,0.43025786260991244,0.01632436273022142,0,0,✅ Stable performance.
2025-08-19 10:12:19,0.6880652953626754,0.4054934110999849,0.4306027366441268,0.6187814564847836,0.4923774748620029,0.633143900570301,0,0,0.09394612858839577,0.4135249699619399,0.43002361362878944,0.11878145648478355,0,0,✅ Stable performance.
2025-08-19 10:12:20,0.3493148827732011,0.32904201452508275,0.4938628731987084,0.4054413329392732,0.258463623420468,0.45465409063623863,1,0,0.10262538255252172,0.40955348357371435,0.4293971188620875,0.0945586670607268,0,0,✅ Stable performance.
2025-08-19 10:12:21,0.41532850038310754,0.2741495089324666,0.45673218529281806,0.47037835180822274,0.5717579598893145,0.4033049708782175,0,0,0.10640535962999143,0.4035342512135367,0.43115045511307404,0.02962164819177726,0,0,✅ Stable performance.
2025-08-19 10:12:22,0.49240142742245285,0.37829829495756295,0.5448879493601133,0.4747279973976344,0.33167691191988746,0.3601396045971206,0,0,0.10677589014429797,0.40098124826106424,0.4321414417357715,0.025272002602365617,0,0,✅ Stable performance.
2025-08-19 10:12:23,0.5690048542504766,0.3691517211544181,0.4990597933711677,0.5784147386154737,0.5934968471932289,0.6012340138866654,0,1,0.10620359665221075,0.4008028249447238,0.43251830001686675,0.07841473861547366,0,0,✅ Stable performance.
2025-08-19 10:12:24,0.6267166911929178,0.6426716486345523,0.41544293494725654,0.5646993023555211,0.5888825360077568,0.6574805000769302,0,0,0.10685496909366098,0.4093100607658852,0.43295614726419906,0.06469930235552113,0,0,✅ Stable performance.
2025-08-19 10:12:25,0.47886300026528517,0.4432959825360696,0.4498370419775637,0.44457345457258546,0.40133586651691644,0.6689621293168455,0,0,0.10445909491495542,0.4096603284365564,0.43314306374004324,0.05542654542741454,0,0,✅ Stable performance.
2025-08-19 10:12:26,0.5864196647469695,0.2622382499245763,0.4464363564792263,0.48661194126421714,0.6872187602519007,0.5564856123084148,0,0,0.104438420731942,0.40478196007973116,0.43381846781716066,0.01338805873578286,0,0,✅ Stable performance.
2025-08-19 10:12:27,0.4742306247847077,0.34352259958290576,0.3700295720605981,0.42210476230910254,0.6434995144747617,0.4045052243613829,0,0,0.10524518507046172,0.41029704797498645,0.43267876531881294,0.07789523769089746,0,0,✅ Stable performance.
2025-08-19 10:12:28,0.49069493397654984,0.5021383295429399,0.4024519830251432,0.2582793290140115,0.6670991438984735,0.47397366580890465,0,0,0.10578355376418133,0.4144676577283351,0.4309710089986952,0.24172067098598848,0,0,✅ Stable performance.
2025-08-19 10:12:29,0.39589631233409617,0.6088442772869925,0.4217674021218242,0.5153452361115529,0.5330597098186138,0.742301157453106,0,0,0.1094245677532278,0.4242671550854359,0.4303325550038089,0.015345236111552918,0,0,✅ Stable performance.
2025-08-19 10:12:30,0.45256445847813387,0.24140166877620417,0.3483279409494767,0.7575042847805058,0.33561388568123274,0.5028548125937677,0,0,0.10996164682481123,0.4183965059816143,0.4285453828951908,0.2575042847805058,0,0,✅ Stable performance.
2025-08-19 10:12:31,0.4011839786449032,0.2120075614860955,0.45284715812631204,0.3462625840648901,0.6673831644137218,0.5947213123444997,0,0,0.10851355228181589,0.40217922802247286,0.4292770705068191,0.15373741593510992,0,0,✅ Stable performance.
2025-08-19 10:12:32,0.445076323167481,0.5870965175371783,0.43835241110253426,0.3626608444942967,0.49435335913015876,0.4164039824158454,0,0,0.10740674092523043,0.4071908397221311,0.4306397431451682,0.1373391555057033,0,0,✅ Stable performance.
2025-08-19 10:12:33,0.6848798132852731,0.4389614177370904,0.36749482689106394,0.3481872109319526,0.3391824726574275,0.6229762889080586,0,0,0.1083810637315263,0.4095346526006088,0.42975290702431523,0.1518127890680474,0,0,✅ Stable performance.
2025-08-19 10:12:34,0.44691010650715013,0.31317072681236335,0.47168368384196563,0.58452834303296,0.7192496876443193,0.5067960055445768,0,0,0.1093064935304308,0.40356767182109665,0.4294177629044495,0.08452834303295997,0,0,✅ Stable performance.
2025-08-19 10:12:35,0.8705942478467079,0.4534629086122436,0.48760019643410335,0.543624135907887,0.8228488239520613,0.7268494235397553,0,0,0.12508212266275665,0.4037408091508074,0.43162048202697295,0.04362413590788705,0,0,✅ Stable performance.
2025-08-19 10:12:36,0.6164838359935252,0.13642522609831226,0.4634918017642562,0.45369573400933527,0.5261141088388661,0.6868940912357449,0,0,0.12561536992979025,0.3935546683859117,0.43302243718763067,0.04630426599066473,0,0,✅ Stable performance.
2025-08-19 10:12:37,0.5792407512251228,0.4003375506597161,0.4362701876820196,0.3411811681529886,0.8311262450345036,0.5012344854330051,0,0,0.12516779775506287,0.39154308476385,0.4329806758828845,0.1588188318470114,0,0,✅ Stable performance.
2025-08-19 10:12:38,0.45493963029763607,0.43278211728430854,0.4823792226515172,0.4908678561768274,0.5444897881739559,0.5552155295590662,0,0,0.1261346627367292,0.3857806767905618,0.4346276086181735,0.009132143823172623,0,0,✅ Stable performance.
2025-08-19 10:12:39,0.6388839663013006,0.492427013953783,0.48715165170921537,0.245389136687173,0.479093597829209,0.49312942922997305,0,0,0.1265604466086133,0.392631205373441,0.43618841374595646,0.254610863312827,0,0,✅ Stable performance.
2025-08-19 10:12:40,0.48698262053584873,0.29861040477074624,0.4688443307928216,0.4984307056797044,0.44443859132432895,0.36611769017707596,0,0,0.12683819353850923,0.38767277860976096,0.4371311008269527,0.0015692943202956222,0,0,✅ Stable performance.
2025-08-19 10:12:41,0.5688925368447617,0.4085687161403359,0.4125770584065555,0.606295906001248,0.7587619585174097,0.4483220328579056,0,0,0.12564794949518718,0.391046339581044,0.43791545707653856,0.10629590600124805,0,0,✅ Stable performance.
2025-08-19 10:12:42,0.8569889988848043,0.3074575373940413,0.4679712278253089,0.291821680206112,0.4236894051540898,0.6027370544861239,0,0,0.1370003968828885,0.3861098820063712,0.4392912445411012,0.208178319793888,0,0,✅ Stable performance.
2025-08-19 10:12:43,0.5415315736740269,0.42553837556743174,0.5142487407124803,0.25014521227822195,0.6337538784974228,0.6213199542999559,0,0,0.13221942553950153,0.39002344956357254,0.4400348071075894,0.24985478772177805,0,0,✅ Stable performance.
2025-08-19 10:12:44,0.6882931881996515,0.3104653677636976,0.4249767738620761,0.7111708693314842,0.4543213524777441,0.5954717351934167,0,0,0.1321001194241599,0.38843018453437944,0.4409606096653951,0.2111708693314842,0,0,✅ Stable performance.
2025-08-19 10:12:45,0.46803058172651024,0.359189916083978,0.5600387123707405,0.3865524535028073,0.46802478266177117,0.5296075745864106,0,0,0.13277405800706557,0.3880534814513051,0.44437397118154087,0.11344754649719269,0,0,✅ Stable performance.
2025-08-19 10:12:46,0.5463910185641425,0.3004184605209771,0.4291937173363061,0.645469336704855,0.6746436499232029,0.7102260123389192,0,0,0.1325912355182139,0.3814813744041886,0.4447944848409543,0.14546933670485496,0,0,✅ Stable performance.
2025-08-19 10:12:47,0.759518173118382,0.46511362418236574,0.45742913332403856,0.4543683235055105,0.4791516870505075,0.5830376122777357,0,0,0.13569067870277604,0.3805903137304594,0.4445450463881026,0.045631676494489515,0,0,✅ Stable performance.
2025-08-19 10:12:48,0.4746139082775733,0.4858451116656666,0.4225180214781713,0.45318949870459546,0.4757196935502881,0.6766104986441968,0,0,0.1308976793991813,0.38760420870746953,0.4444822618528844,0.04681050129540454,0,0,✅ Stable performance.
2025-08-19 10:12:49,0.7627877018754863,0.37653794300425864,0.4676393616959575,0.542131891768725,0.6888596821313295,0.3142868637373726,0,0,0.13425125228968765,0.386639026437612,0.445388990402704,0.042131891768725005,0,0,✅ Stable performance.
2025-08-19 10:12:50,0.6310585394296937,0.40382379949600283,0.36969825388963706,0.3462211450884922,0.7532608629868442,0.0,0,0,0.12918923412795122,0.3891317526033094,0.4442336919490346,0.15377885491150778,0,0,✅ Stable performance.
2025-08-19 10:12:51,0.4797078672699173,0.2551408585366456,0.42984076720202113,0.4968115490098346,0.6211978729953316,0.615253778192201,0,0,0.12716163139383851,0.38849813092344865,0.44556693193219343,0.0031884509901654035,0,0,✅ Stable performance.
2025-08-19 10:12:52,0.6204001784635769,0.3700323351993213,0.4028703157468852,0.4206661992897409,0.4410685896882329,0.36533769313298214,0,0,0.1267656050100462,0.38822259893150723,0.44457809484188016,0.07933380071025908,0,0,✅ Stable performance.
2025-08-19 10:12:53,0.6598169606898165,0.39497953829582555,0.46457681178038446,0.28155596578749975,0.46105202573102577,0.54266706812935,0,1,0.1278227060113326,0.3890835261695542,0.4447048662270771,0.21844403421250025,0,0,✅ Stable performance.
2025-08-19 10:12:54,0.6173690042870965,0.6620793091029975,0.5078657817826716,0.5271793651000856,0.5429096101748221,0.5295543329332386,0,0,0.12769846172173607,0.38973044818516905,0.4462081813898706,0.027179365100085562,0,0,✅ Stable performance.
2025-08-19 10:12:55,0.3567619201298535,0.28880329742258365,0.4907772409844102,0.4381744000819232,0.5763187469946511,0.8059377201652633,0,0,0.13264064010083257,0.38458069201471956,0.4462417680740921,0.06182559991807679,0,0,✅ Stable performance.
2025-08-19 10:12:56,0.45573292875436056,0.5464177238752438,0.3402274822071944,0.4539198596296323,0.3948952658260838,0.6322520030406995,0,0,0.1341714439047841,0.39405334114640844,0.44553848397729356,0.04608014037036767,0,0,✅ Stable performance.
2025-08-19 10:12:57,0.5116311568069549,0.4996858773465808,0.5612474515179894,0.29790134809625446,0.632058382909181,0.5980038933493608,0,0,0.1334784683505374,0.3992587837385309,0.4466338031484785,0.20209865190374554,0,0,✅ Stable performance.
2025-08-19 10:12:58,0.5312022205312801,0.4280636404490137,0.47424148452409515,0.7129430692245897,0.5436856063002584,0.6961727221993184,0,0,0.1328996867039506,0.3967896274354,0.4470846436657896,0.21294306922458972,0,0,✅ Stable performance.
2025-08-19 10:12:59,0.6126098343528705,0.5758620484195134,0.4209860490898581,0.607064757155594,0.2940027613331946,0.6276445397943111,0,0,0.12912533174678073,0.3956902198064841,0.4470515401617336,0.10706475715559405,0,0,✅ Stable performance.
2025-08-19 10:13:00,0.5591727178968771,0.4372105472606863,0.4680009206855116,0.6200189454514704,0.4030653674888658,0.5067971126432622,1,0,0.12711845404814248,0.4022171824226335,0.44753256007848935,0.1200189454514704,0,0,✅ Stable performance.
2025-08-19 10:13:01,0.37894762674963256,0.4389159195667929,0.4692875344825555,0.43193196319931104,0.4619502501687065,0.7304716252783661,0,0,0.1282423816827033,0.4097807943586567,0.44810229085687375,0.06806803680068896,0,0,✅ Stable performance.
2025-08-19 10:13:02,0.5812222967588343,0.3946879346982455,0.42746912613129906,0.22101002290952598,0.5217324355217534,0.4114161089292281,0,0,0.12580424822953282,0.4033671749306923,0.44686319980052236,0.278989977090474,0,0,✅ Stable performance.
2025-08-19 10:13:03,0.6075322697969221,0.5223568882418628,0.47104091396743736,0.7665005778219349,0.7937210717306198,0.6210256066206881,0,0,0.12439479365155821,0.40614702394751806,0.448258881584323,0.2665005778219349,0,0,✅ Stable performance.
2025-08-19 10:13:04,0.6005191704937147,0.5096469233810884,0.4311049848407746,0.46813116388320175,0.5648468431285454,0.3473747047102128,0,0,0.1219151183108076,0.4126962304998089,0.44872160599871785,0.03186883611679825,0,0,✅ Stable performance.
2025-08-19 10:13:05,0.6612393218849355,0.3374322712503788,0.44159401820874516,0.36625042327524726,0.41528523475998425,0.6035746939017488,0,0,0.110387147759496,0.40882854258774676,0.44785457054953887,0.13374957672475274,0,0,✅ Stable performance.
2025-08-19 10:13:06,0.6309785204742857,0.2680752805401233,0.42783167967694846,0.5389302775526263,0.5624154031090081,0.6019723826937671,0,0,0.11059767107178235,0.4132168777358071,0.44811246900385254,0.03893027755262635,0,0,✅ Stable performance.
2025-08-19 10:13:07,0.5855573300284764,0.3797019362604343,0.3908455905991764,0.6500875013951588,0.4830259523405007,0.8189640108365417,0,0,0.11060724306345969,0.4125290239224977,0.44650165065274955,0.1500875013951588,0,0,✅ Stable performance.
2025-08-19 10:13:08,0.5218101772913795,0.31999614356023537,0.4701044972183846,0.4737676896110994,0.5768494036615244,0.344828946617067,0,0,0.10870664889015644,0.40876949146502856,0.44554050301354475,0.026232310388900615,0,0,✅ Stable performance.
2025-08-19 10:13:09,0.33229787241637654,0.3936475425384645,0.49241116415488867,0.6665990863786506,0.6123093542360927,0.48584926147029783,0,0,0.11705801618874054,0.4054768424178513,0.44669660035454944,0.16659908637865062,0,0,✅ Stable performance.
2025-08-19 10:13:10,0.5789306281919238,0.5237438134684139,0.48922389075434675,0.6376252854106879,0.6994537412554931,0.6940797348162411,0,0,0.11601792568244353,0.4129812893744403,0.44689138670059003,0.13762528541068786,0,0,✅ Stable performance.
2025-08-19 10:13:11,0.5515780628739229,0.354269834491321,0.5048094922037463,0.3177203611465398,0.5284653069071177,0.622791137542765,0,0,0.1160806631308385,0.4111713266528064,0.44886958660035897,0.1822796388534602,0,0,✅ Stable performance.
2025-08-19 10:13:12,0.558079825837247,0.39571766186884255,0.4803637586941843,0.3773628522141945,0.7590223008507007,0.6001169635656378,0,0,0.10286382630990745,0.41411333080196644,0.44884444431510456,0.12263714778580548,0,0,✅ Stable performance.
2025-08-19 10:13:13,0.37356411678965507,0.4058022734808395,0.43784399190405204,0.6190384046009765,0.6577007084649185,0.43388582474876225,0,0,0.10844612956258537,0.41345546073241335,0.4485678383663912,0.11903840460097648,0,0,✅ Stable performance.
2025-08-19 10:13:14,0.3956642215534101,0.48484308822052846,0.5067969786579131,0.07531828202037527,0.43376757938378097,0.48732206390118993,0,0,0.10934705668314867,0.4192680514143078,0.44920687830640665,0.42468171797962473,0,0,✅ Stable performance.
2025-08-19 10:13:15,0.6474235794773782,0.1753110666015395,0.3972714270657132,0.4550412011192564,0.8381589925549724,0.7558595924561606,0,0,0.10979379671803235,0.4131387564315598,0.44894710903802426,0.04495879888074361,0,0,✅ Stable performance.
2025-08-19 10:13:16,0.5168630494723716,0.33932997052347036,0.4204472535536423,0.26520980449014653,0.5771593928231598,0.5662086882685302,0,0,0.10998545620037722,0.4144358067649762,0.4499143043536929,0.23479019550985347,0,0,✅ Stable performance.
2025-08-19 10:13:17,0.6011817667807711,0.4211283692279473,0.41760433772956046,0.40658273572998294,0.4160680675590882,0.6286482843715946,0,0,0.10326889840052077,0.41296963159982897,0.4490249461950053,0.09341726427001706,0,0,✅ Stable performance.
2025-08-19 10:13:18,0.5226786165464203,0.5200078956426861,0.5201506628791446,0.43291337700651766,0.7609563803116521,0.5568941198727237,0,0,0.10248436653769502,0.4141083910657296,0.4519780141594773,0.06708662299348234,0,0,✅ Stable performance.
2025-08-19 10:13:19,0.5217244442965423,0.3508097552493795,0.5136208042506392,0.4241098719629255,0.8198505123404192,0.4006890869436177,0,0,0.09418934199605657,0.41325078480723365,0.45336164861958583,0.07589012803707451,0,0,✅ Stable performance.
2025-08-19 10:13:20,0.6282309654792095,0.21234472939581261,0.4911801590173415,0.39536693598762973,0.5272539510086349,0.7103348135272389,0,0,0.09409656177512149,0.4068681491372273,0.4533169367165631,0.10463306401237027,0,0,✅ Stable performance.
2025-08-19 10:13:21,0.4547886743628067,0.46197114459661365,0.520744909047138,0.31464447341812374,0.46201656715304473,0.6473526669220808,0,0,0.09475495932534686,0.4137624920058929,0.45438381544580175,0.18535552658187626,0,0,✅ Stable performance.
2025-08-19 10:13:22,0.5261687485083901,0.3364637611174371,0.4235177952874051,0.8167213617264828,0.5079374898667832,0.9109966304729238,0,0,0.09352370982494417,0.41264353953649674,0.45236097954458987,0.3167213617264828,0,0,✅ Stable performance.
2025-08-19 10:13:23,0.4588584132052489,0.28103333409096387,0.4852452090225099,0.7538406559564046,0.6309069873213229,0.4251904990162978,0,0,0.09152821438223603,0.40884533272966805,0.45213073647211227,0.2538406559564046,0,0,✅ Stable performance.
2025-08-19 10:13:24,0.46098868538517124,0.3375654610286776,0.461890250231759,0.30502647600749677,0.708966583211541,0.6940637170846509,0,0,0.09079227692552957,0.39802820446052406,0.4529048583935207,0.19497352399250323,0,0,✅ Stable performance.
2025-08-19 10:13:25,0.4746688437285098,0.38154746423441505,0.5108265954666193,0.7115677332152845,0.6109120292540604,0.38189902289118827,0,0,0.0857069005971842,0.401119676687585,0.45392135095167163,0.21156773321528455,0,0,✅ Stable performance.
2025-08-19 10:13:26,0.5364413386466778,0.33952553354617876,0.46305479726622006,0.4180031051976614,0.5459325972062685,0.5967587463681121,0,0,0.08461804178530906,0.3942232703432829,0.4541983249647881,0.08199689480233863,0,0,✅ Stable performance.
2025-08-19 10:13:27,0.45222272189733137,0.1794433942900931,0.44990238309478225,0.4963212327009514,0.739484179737322,0.7165801296775125,0,0,0.08576828256807585,0.3835485209080666,0.45552953848202454,0.003678767299048591,0,0,✅ Stable performance.
2025-08-19 10:13:28,0.6565322575574564,0.48970661968871326,0.49652847206479217,0.4678087299835014,0.48846690952127547,0.27064471194671347,0,0,0.08888641670623612,0.38560328688272333,0.45709747996601874,0.032191270016498574,0,0,✅ Stable performance.
2025-08-19 10:13:29,0.40057246866245677,0.5274875041278723,0.5136250231177607,0.3794430471150787,0.6747364751001621,0.5437669318108556,0,0,0.09074446490568257,0.3839908020730019,0.458628440315951,0.1205569528849213,0,0,✅ Stable performance.
2025-08-19 10:13:30,0.4832222836831237,0.4651521991339506,0.43673282363731536,0.6229369085140948,0.4919010019248171,0.49136047183151077,0,0,0.09084305696307117,0.3849221904687774,0.46010185502741496,0.12293690851409478,0,0,✅ Stable performance.
2025-08-19 10:13:31,0.4520588128346761,0.28623143295751835,0.46742981843349296,0.495832209327828,0.5915796714519539,0.47106538339282844,0,0,0.08776411156833207,0.37983270758180154,0.460344899365868,0.004167790672171989,0,0,✅ Stable performance.
2025-08-19 10:13:32,0.6743767039828141,0.3798508466052482,0.4178950889404855,0.4065830880542909,0.5160899821119829,0.6300895105063471,0,0,0.09136706459475391,0.3793381379787017,0.4600039439965005,0.09341691194570911,0,0,✅ Stable performance.
2025-08-19 10:13:33,0.5250145384320344,0.3993478684770542,0.3462475883693775,0.2839120889044078,0.52408971518761,0.7376697102664418,0,0,0.09015198103054776,0.37523783731987476,0.4596498233544724,0.21608791109559222,0,0,✅ Stable performance.
2025-08-19 10:13:34,0.6227534605580018,0.45987943895619104,0.4815071394361673,0.34479950727165454,0.4795190719541327,0.5542479761733732,0,0,0.09087304106825607,0.3735789211723782,0.45981354761437576,0.15520049272834546,0,0,✅ Stable performance.
2025-08-19 10:13:35,0.3232736622212895,0.4668340488718081,0.5022629442996688,0.2340177033962818,0.7182536665077586,0.6038003309832718,0,0,0.09451814628977963,0.37789231375975907,0.4600579267454685,0.2659822966037182,0,0,✅ Stable performance.
2025-08-19 10:13:36,0.5296823722449897,0.32658262012215045,0.48525453556272985,0.4789934274826204,0.43023467705576923,0.5904634556471471,0,0,0.0920315178689742,0.3798425584124933,0.4604206389754431,0.021006572517379585,0,0,✅ Stable performance.
2025-08-19 10:13:37,0.6022047408314768,0.40819955564135607,0.37500662784213157,0.29990063818417134,0.4292218997503743,0.5740069222013096,0,0,0.09253763156213045,0.3807924790585241,0.45939957964477834,0.20009936181582866,0,0,✅ Stable performance.
2025-08-19 10:13:38,0.5053103420193572,0.44572804046152414,0.4552757608474826,0.43784066945016775,0.82584105159816,0.4144011834432795,0,0,0.09253123664983383,0.384983542288567,0.45894785528137766,0.06215933054983225,0,0,✅ Stable performance.
2025-08-19 10:13:39,0.6205473142276661,0.5455822322146767,0.3622343629702086,0.6801584516506187,0.6673797394864893,0.7358791613382063,0,0,0.0880590661115995,0.39004803194444077,0.4568659004690609,0.18015845165061872,0,0,✅ Stable performance.
2025-08-19 10:13:40,0.4317747735582351,0.4704506539824723,0.5419703249769283,0.6548546782629368,0.20121071661833057,0.6169223695069903,0,0,0.0888648977082597,0.3882715932949094,0.458084667038796,0.15485467826293675,0,0,✅ Stable performance.
2025-08-19 10:13:41,0.6587774937992177,0.4789056687375519,0.4195160591097711,0.47240083920697895,0.45347648532342877,0.6315038050069761,0,0,0.09239073098927504,0.3924261211031171,0.4582003170505163,0.02759916079302105,0,0,✅ Stable performance.
2025-08-19 10:13:42,0.7629063701083336,0.4083826627929361,0.5369224873101266,0.4642812464460917,0.2806564201184756,0.45577215060653264,0,0,0.10229885963591424,0.3928482878005869,0.4593495047085966,0.0357187535539083,0,0,✅ Stable performance.
2025-08-19 10:13:43,0.4462893191425501,0.5410459145203504,0.5217793076427955,0.7556795320600971,0.40004844277291873,0.5065713534297089,0,0,0.0993480817072945,0.39735640916857057,0.4594750141574352,0.2556795320600971,0,0,✅ Stable performance.
2025-08-19 10:13:44,0.4352261227505809,0.44097627959594976,0.4297898264532415,0.5543307877849717,0.09677532014369739,0.5479793558070789,0,0,0.09775637309403987,0.3958941822144179,0.4595552317006213,0.05433078778497169,0,0,✅ Stable performance.
2025-08-19 10:13:45,0.6589250387144003,0.313891208982643,0.4185136151381137,0.4286191453587076,0.5128425620976742,0.34934136631605106,0,0,0.09824964397127402,0.40051352029378806,0.4571964800800775,0.0713808546412924,0,0,✅ Stable performance.
2025-08-19 10:13:46,0.6725982284861398,0.5403369970125191,0.4930048921422742,0.26592284648876285,0.3735374771596147,0.3268284695691006,0,0,0.1015110734700292,0.4072137545100897,0.45825999966017694,0.23407715351123715,0,0,✅ Stable performance.
2025-08-19 10:13:47,0.42223027953515846,0.4697903272539028,0.4336036980852601,0.535533520026366,0.5401358507842073,0.4858696293518767,0,0,0.10283841886473255,0.4088358197776215,0.457862909072864,0.035533520026366006,0,0,✅ Stable performance.
2025-08-19 10:13:48,0.4331107168517041,0.35569559788715177,0.48127765067378037,0.6000440295236782,0.30655981383065223,0.6501740455805773,0,0,0.10436815973754923,0.4033587431857704,0.4588422362261241,0.10004402952367819,0,0,✅ Stable performance.
2025-08-19 10:13:49,0.44822098693076606,0.3520507032600757,0.4523455576469805,0.3836055388100217,0.5433249932429169,0.47820644106240007,0,0,0.10537161453304733,0.4034001081194603,0.4585873394919745,0.11639446118997832,0,0,✅ Stable performance.
2025-08-19 10:13:50,0.32103065954008825,0.4296575545140762,0.38776253508550107,0.5203232422738702,0.47431674861929407,0.4247189399618494,0,0,0.10985203609827902,0.4106438689567357,0.4588884108452389,0.020323242273870168,0,0,✅ Stable performance.
2025-08-19 10:13:51,0.37018455357480295,0.4463184795267585,0.3656305734740162,0.4233204111441573,0.7400305027021776,0.4545762151293582,0,0,0.11250571153522627,0.4101221134544072,0.45781824094977214,0.0766795888558427,0,0,✅ Stable performance.
2025-08-19 10:13:52,0.3587605274884176,0.41972922656312067,0.48882170547642534,0.44991878044402345,0.7274721965813287,0.5071385982879846,0,0,0.11589007918873316,0.4128976289692633,0.45925076411193116,0.05008121955597655,0,0,✅ Stable performance.
2025-08-19 10:13:53,0.3854632716741191,0.4311308673442885,0.44974312435662056,0.10862022627349921,0.6406953847370422,0.5219829367342825,0,0,0.1176939086499071,0.4179008800777075,0.4590035359882017,0.3913797737265008,0,0,✅ Stable performance.
2025-08-19 10:13:54,0.471018810242682,0.5699957374576381,0.4505000394489016,0.444326394604325,0.48655711826195835,0.8905014661161645,0,0,0.11758117813102746,0.4256485559586728,0.45804744028263894,0.05567360539567501,0,0,✅ Stable performance.
2025-08-19 10:13:55,0.501574080950989,0.5071543152234886,0.5132812408707538,0.6207912955224932,0.8070425421093383,0.7280061417084756,0,0,0.11744822597519576,0.429835450991642,0.4584225069474113,0.12079129552249324,0,0,✅ Stable performance.
2025-08-19 10:13:56,0.6562172453955337,0.41906355912650245,0.5374936813691431,0.38364242270754456,0.31655227247459194,0.7236403880518805,0,0,0.12053474619505676,0.432486718510986,0.46171027693344385,0.11635757729245544,0,0,✅ Stable performance.
2025-08-19 10:13:57,0.35293271759319067,0.49413105807674834,0.4655278500908868,0.48496415231717727,0.3372725179998546,0.744675428327576,0,0,0.12348597704297308,0.4429763073038746,0.4601149502429921,0.015035847682822734,0,0,✅ Stable performance.
2025-08-19 10:13:58,0.5865234285091183,0.29674760964724606,0.4624586694349406,0.3651910403300853,0.5202179702056666,0.427642117111241,0,0,0.12118502796107809,0.43654434030249234,0.4599185699915062,0.13480895966991469,0,0,✅ Stable performance.
2025-08-19 10:13:59,0.44324233297065674,0.4397927049946809,0.5048292750575842,0.5305807515029151,0.844283501506712,0.3949435965109849,0,0,0.12017840230013382,0.43362118033138597,0.46131595709096823,0.03058075150291506,0,0,✅ Stable performance.
2025-08-19 10:14:00,0.4614230127152661,0.580930634973311,0.4123088635383676,0.4451053798559679,0.5037839287856718,0.4118373526015957,0,0,0.12038148697048241,0.4374804615260313,0.4603877561385159,0.054894620144032125,0,0,✅ Stable performance.
2025-08-19 10:14:01,0.5459202440671873,0.37819541046076266,0.4916468133821876,0.3380371305074461,0.5064306659422191,0.7689459672416226,0,0,0.1201923312398854,0.4405459274428062,0.4607604107868431,0.1619628694925539,0,0,✅ Stable performance.
2025-08-19 10:14:02,0.33164104828944696,0.31523660713809154,0.5084169778573668,0.6745954904726603,0.33195625489414704,0.493703472340256,0,0,0.12008044306248822,0.4383921194605676,0.4621095416489442,0.17459549047266032,0,0,✅ Stable performance.
2025-08-19 10:14:03,0.5086479415501741,0.33479111114069393,0.5151677083085969,0.6148006495545344,0.6629553134832786,0.3907028992091892,0,0,0.11998196451878503,0.4362402275493556,0.4628449882212969,0.1148006495545344,0,0,✅ Stable performance.
2025-08-19 10:14:04,0.4817465412665938,0.2910366962657612,0.3846520813840486,0.38756768356847227,0.6639598366905748,0.5106998049302984,0,0,0.11756722181667019,0.4306121361263412,0.4620707731636848,0.11243231643152773,0,0,✅ Stable performance.
2025-08-19 10:14:05,0.5190532976437743,0.32152380918722967,0.44375547164018114,0.5509281851913945,0.641212376489499,0.5388414566639759,0,0,0.11329707454952632,0.42576846147018865,0.462106797387542,0.050928185191394526,0,0,✅ Stable performance.
2025-08-19 10:14:06,0.4936525083045855,0.36294919014099714,0.4382435911109112,0.5567982997741696,0.4446101708554999,0.613004859468858,0,0,0.11313434947202743,0.42698068047081683,0.4622803292447747,0.056798299774169614,0,0,✅ Stable performance.
2025-08-19 10:14:07,0.7489697852039694,0.25944329808213584,0.48748462009400156,0.572337280585554,0.4338691558367591,0.6104505950352574,0,0,0.12078883243926308,0.42202213855217613,0.4638909797363551,0.072337280585554,0,0,✅ Stable performance.
2025-08-19 10:14:08,0.3812021081030219,0.4015618333949603,0.5068610199833965,0.22618433747537425,0.3525810556040794,0.4526022676492565,0,0,0.12275013475711537,0.4205499316499574,0.46450358844910533,0.27381566252462575,0,0,✅ Stable performance.
2025-08-19 10:14:09,0.3925315006994321,0.4902277173786648,0.5579928299887527,0.6263078649965044,0.5434581570170245,0.67403646058191,0,0,0.12189227626279582,0.41870478115542364,0.46559661621300313,0.12630786499650437,0,0,✅ Stable performance.
2025-08-19 10:14:10,0.380297836182967,0.309224381985308,0.4587425542195064,0.3927835988036308,0.3820673027433945,0.48024605736751913,0,0,0.12308781080809165,0.4133305720888515,0.4650885939374224,0.10721640119636922,0,0,✅ Stable performance.
2025-08-19 10:14:11,0.38699780418392704,0.5519283923641769,0.4589457219439057,0.4241715667854997,0.3686200254094487,0.5508840341521419,0,0,0.12002393331990686,0.4157646628764057,0.4643241977664251,0.07582843321450028,0,0,✅ Stable performance.
2025-08-19 10:14:12,0.3759774621032599,0.4510792088527595,0.5416414664247601,0.8679757052114474,0.4731004480922274,0.6741999472259315,0,0,0.10867402788938538,0.41718788107839977,0.465345492895268,0.3679757052114474,0,0,✅ Stable performance.
2025-08-19 10:14:13,0.5910468948008809,0.5030580585624058,0.49932023102879436,0.5219040589384227,0.46402571712591945,0.4798616696610851,0,0,0.11097094716411923,0.415921619213135,0.4663700968806804,0.021904058938422732,0,0,✅ Stable performance.
2025-08-19 10:14:14,0.6171581576170893,0.33421654461478634,0.5482074782831341,0.4199501978974749,0.4572580302252458,0.4904621055573448,0,0,0.11390656521138412,0.41236296138042955,0.4670602718744341,0.0800498021025251,0,0,✅ Stable performance.
2025-08-19 10:14:15,0.37992963004428093,0.4854525227066616,0.4995948214956836,0.15047573594970887,0.5964897698647555,0.6602884590222036,0,0,0.10982433467779656,0.41808167183789674,0.4687656617816003,0.34952426405029113,0,0,✅ Stable performance.
2025-08-19 10:14:16,0.3476229995553928,0.2908066099604687,0.42763610903098465,0.6830713511968098,0.5427893638532004,0.44827950427527297,0,0,0.10478905791022243,0.4097639922694951,0.46888547603955594,0.18307135119680984,0,0,✅ Stable performance.
2025-08-19 10:14:17,0.5007774840124524,0.48902475008365087,0.41916904084921425,0.2778943412781758,0.49188807821221747,0.517458250425936,0,0,0.10488509252496031,0.4104051396971534,0.46891155442488347,0.2221056587218242,0,0,✅ Stable performance.
2025-08-19 10:14:18,0.3781916230033966,0.41718393397935316,0.40858336475661444,0.32852651089352847,0.5572008653483715,0.6550334569159941,0,0,0.10582929107164694,0.41245475090022676,0.4670520994561747,0.17147348910647153,0,0,✅ Stable performance.
2025-08-19 10:14:19,0.5172961095537663,0.4553251219984784,0.5195950875689409,0.42809384141363926,0.39438776493302186,0.8742023574405822,0,0,0.10637574764060777,0.4158972315248402,0.46715167084481307,0.07190615858636074,0,0,✅ Stable performance.
2025-08-19 10:14:20,0.46504453313250105,0.28244053943751485,0.546255855606824,0.6870191105030616,0.5464254439597069,0.6622977380461184,0,0,0.10310763306696384,0.4109899976889548,0.4680695991213044,0.18701911050306164,0,0,✅ Stable performance.
2025-08-19 10:14:21,0.260120050612231,0.31049301577233956,0.5796276401432491,0.5917354085623727,0.5527081757664303,0.6428777778447783,0,0,0.10839698318506845,0.4064624822304742,0.46905097797290624,0.09173540856237272,0,0,✅ Stable performance.
2025-08-19 10:14:22,0.6217393343869153,0.4597228218253385,0.5296483183115483,0.45379946366192936,0.32348159766564155,0.6513853094967383,0,0,0.11048238362813918,0.4077956020725481,0.4708198200233087,0.04620053633807064,0,0,✅ Stable performance.
2025-08-19 10:14:23,0.6498659986498336,0.3051651995775799,0.545968499193592,0.5228549648475518,0.6698535535361816,0.416763845810985,0,0,0.11403903136716845,0.40359674648032445,0.47183187485949335,0.022854964847551784,0,0,✅ Stable performance.
2025-08-19 10:14:24,0.3632001963856897,0.44632062920991233,0.4591592723056149,0.388237464774182,0.4096487503537367,0.5906518537802592,0,0,0.115958522815545,0.399474242872067,0.47178635856072426,0.11176253522581803,0,0,✅ Stable performance.
2025-08-19 10:14:25,0.3885732088050655,0.26328621935397545,0.43067281672256263,0.4978717668199013,0.5443504862545887,0.5693890693564594,0,0,0.11688655323696825,0.3913453063430831,0.4704504622483233,0.002128233180098693,0,0,✅ Stable performance.
2025-08-19 10:14:26,0.4670830388385421,0.4848174212666668,0.5313310928020895,0.4880471383905154,0.6932410066145125,0.6207824054419668,0,0,0.1115251737089231,0.39353710174775536,0.47158840050725453,0.01195286160948461,0,0,✅ Stable performance.
2025-08-19 10:14:27,0.47155130803250955,0.27674766852314914,0.5100446824146382,0.6207024954671407,0.6601478946363133,0.5907851548164547,0,0,0.10951374660425504,0.38629098876263535,0.47259077216258544,0.12070249546714074,0,0,✅ Stable performance.
2025-08-19 10:14:28,0.5086623184156938,0.45522999376795237,0.4948663821411692,0.6204666797084286,0.536591113901717,0.6292831085158956,0,0,0.10752649836990981,0.39157373489999225,0.47256307066385833,0.12046667970842861,0,0,✅ Stable performance.
2025-08-19 10:14:29,0.6675191555217896,0.4625630933646001,0.5091962560772305,0.5503636093661544,0.4815827585628365,0.5281837279601458,0,0,0.11352112696138264,0.3923327478456562,0.4724892578798495,0.05036360936615436,0,0,✅ Stable performance.
2025-08-19 10:14:30,0.407115653195282,0.3303228181570425,0.5063204747899477,0.42350199994081184,0.6631746529437357,0.5823160470970428,0,0,0.1141507508002055,0.3839791539517806,0.47364905206572677,0.07649800005918816,0,0,✅ Stable performance.
2025-08-19 10:14:31,0.33222542859840876,0.4582026567084727,0.5546855622811717,0.5870809849650964,0.6253571486436926,0.3941443653981167,0,0,0.11600790607976423,0.3866460621600376,0.47510331446318804,0.08708098496509642,0,0,✅ Stable performance.
2025-08-19 10:14:32,0.2621168435078285,0.4260442263333556,0.5555775171507978,0.4635577370686894,0.4461149663805135,0.5269491676711597,0,0,0.11939871746100421,0.39033964946654637,0.47739802160002665,0.03644226293131059,0,0,✅ Stable performance.
2025-08-19 10:14:33,0.337667691128426,0.3461158143807262,0.5183727741484238,0.3169006392702056,0.42164481311590185,0.7771851739753386,0,0,0.12117257842473693,0.3907171395745475,0.480266774696344,0.18309936072979438,0,0,✅ Stable performance.
2025-08-19 10:14:34,0.4190769453370671,0.2991445315923792,0.5337854187810092,0.4174368443197696,0.24456486816662482,0.620376320910417,0,0,0.121262459016964,0.3909874007521015,0.4811380793520914,0.08256315568023043,0,0,✅ Stable performance.
2025-08-19 10:14:35,0.6343541145156566,0.2037374308327421,0.5175319213955579,0.4897049340055659,0.5531835473428899,0.5706829242096594,0,0,0.1251469722493629,0.3870611881402852,0.48139256230368954,0.010295065994434083,0,0,✅ Stable performance.
2025-08-19 10:14:36,0.35916292739715283,0.4349650047299694,0.4691038257940446,0.612027904147808,0.5203684205914731,0.8510956586295568,0,0,0.12623920614562587,0.38946171529325097,0.4811233838075448,0.11202790414780806,0,0,✅ Stable performance.
2025-08-19 10:14:37,0.44575037718120836,0.2435197228637945,0.5303240647628888,0.449993479954776,0.6893291386615341,0.374689055217009,0,0,0.11326045716173715,0.3889309294526395,0.483712007756224,0.05000652004522399,0,0,✅ Stable performance.
2025-08-19 10:14:38,0.4160454124416324,0.40953441994413087,0.42310459619572516,0.29804389950009424,0.5816035859549982,0.4114591970641104,0,0,0.1127754827482662,0.3891966823376119,0.48317582167869483,0.20195610049990576,0,0,✅ Stable performance.
2025-08-19 10:14:39,0.5575460832100119,0.3736551783917751,0.5458574458749388,0.48558863682142306,0.7167808663479298,0.8242673676935122,0,0,0.11415284301905383,0.3853109310380489,0.48623620639377363,0.014411363178576941,0,0,✅ Stable performance.
2025-08-19 10:14:40,0.7148946821632476,0.4679142775438196,0.4337702398932992,0.4939906746952105,0.43516420582836535,0.5804659829110432,0,0,0.12307237822293757,0.3906005942233326,0.4844328716423798,0.006009325304789481,0,0,✅ Stable performance.
2025-08-19 10:14:41,0.3513882558512875,0.3697954500510136,0.508120069842794,0.5047137593883342,0.6896006864684789,0.5382596532459978,0,0,0.12398381698794307,0.38452949614622717,0.48590960515459686,0.004713759388334182,0,0,✅ Stable performance.
2025-08-19 10:14:42,0.35507109123289693,0.3670552213652909,0.45190572620320574,0.6134583678439895,0.45851421284169236,0.3983313326067339,0,0,0.12453160107696158,0.38172869656331154,0.48449265913614814,0.11345836784398955,0,0,✅ Stable performance.
2025-08-19 10:14:43,0.535545594012589,0.47318707042882957,0.5221663918996914,0.6281325418133048,0.6396211540889971,0.639229205907009,0,0,0.12291313003681026,0.380732996958859,0.48449911054042977,0.1281325418133048,0,0,✅ Stable performance.
2025-08-19 10:14:44,0.4914109120649446,0.4335058029084118,0.493134200071031,0.3891522432990606,0.32962080346916656,0.6533831544379163,0,0,0.11938272238600592,0.38404263890197987,0.48555485010072624,0.11084775670093938,0,0,✅ Stable performance.
2025-08-19 10:14:45,0.6282046920256346,0.43161559571827784,0.41542618208071613,0.3859030057871684,0.5644259960832878,0.41364762299735824,0,0,0.12266348776745883,0.3822480746690337,0.485503392883103,0.11409699421283159,0,0,✅ Stable performance.
2025-08-19 10:14:46,0.47739298323761625,0.44692675898085266,0.5165324801612631,0.3230806712133454,0.25671717933664784,0.5532245196339429,0,0,0.1207707843952393,0.38745207963637984,0.48589551935008607,0.17691932878665462,0,0,✅ Stable performance.
2025-08-19 10:14:47,0.36444732203841923,0.24644278767928943,0.46693497839015996,0.580709700774678,0.4948016396887649,0.52466605022583,0,0,0.12198185067342861,0.3793660142229011,0.4864510406885011,0.08070970077467798,0,0,✅ Stable performance.
2025-08-19 10:14:48,0.47580244194688426,0.47567886799869824,0.5402218718939203,0.6918202917095573,0.592873126693287,0.6111857839106192,0,0,0.12097777282177823,0.38131584535687935,0.4874334443755035,0.19182029170955728,0,0,✅ Stable performance.
2025-08-19 10:14:49,0.5359943930998823,0.4612468794013603,0.4965643389114286,0.4305042412255431,0.45961592971072696,0.4100264941883007,0,0,0.12130494957805049,0.38151323727030867,0.48817042406324423,0.0694957587744569,0,0,✅ Stable performance.
2025-08-19 10:14:50,0.5006692834205,0.2983316871423503,0.5166026223655665,0.4414154386415525,0.38622166103485256,0.7568698223582544,0,0,0.12147473329909775,0.38204294219380325,0.49031775885124534,0.05858456135844747,0,0,✅ Stable performance.
2025-08-19 10:14:51,0.4623904735867159,0.3755919526325799,0.44928664396686036,0.6944813669952565,0.6491196351148414,0.7077038445271671,0,0,0.11505883823185863,0.38421290675581127,0.49171202669279274,0.19448136699525653,0,0,✅ Stable performance.
2025-08-19 10:14:52,0.5275015056173797,0.3960692712372369,0.46803199876770923,0.5520792165170767,0.5174899988971684,0.5206201658704146,0,0,0.11211860742564764,0.3820911217362078,0.4913655315809808,0.0520792165170767,0,0,✅ Stable performance.
2025-08-19 10:14:53,0.5385020824393145,0.38655032155982677,0.4749001971554795,0.5418093774543888,0.46396826361380983,0.5420867999465526,0,0,0.10772496050594722,0.38480395913561605,0.4917848161276285,0.04180937745438884,0,0,✅ Stable performance.
2025-08-19 10:14:54,0.5625707912917473,0.4333859966568535,0.5410007715941179,0.30075234564735487,0.5376394216726643,0.5537881750038647,0,0,0.10727732867556924,0.38437280471718077,0.49329316166338205,0.19924765435264513,0,0,✅ Stable performance.
2025-08-19 10:14:55,0.4745315217200392,0.5431366781831184,0.582368020593721,0.577733791427431,0.8973232842505987,0.4598972200083393,0,0,0.10608011916219695,0.39370115334481887,0.4944446079920982,0.07773379142743098,0,0,✅ Stable performance.
2025-08-19 10:14:56,0.37673968772483435,0.508176672767283,0.458574097237759,0.33953418133232205,0.6917288313186898,0.5088811549197141,0,0,0.10761537742834368,0.3944797950615061,0.49312928158990843,0.16046581866767795,0,0,✅ Stable performance.
2025-08-19 10:14:57,0.412792733534052,0.2687780806568594,0.5530086106792431,0.30918134075824133,0.6929862155767736,0.5342097310573579,0,0,0.10817705784650049,0.39421414213262973,0.49458729426638104,0.19081865924175867,0,0,✅ Stable performance.
2025-08-19 10:14:58,0.5372320624691884,0.4622069990306049,0.39101585118153037,0.4258095281912726,0.5922066934732286,0.8096629791461925,0,0,0.10864385598284607,0.39444670897471823,0.4933965806288242,0.0741904718087274,0,0,✅ Stable performance.
2025-08-19 10:14:59,0.29638967994619003,0.5328933319535409,0.4401237706346574,0.3903993632560354,0.554909824649227,0.7122082669783809,1,0,0.10673239066738799,0.3967910502610162,0.49231815555510877,0.10960063674396459,0,0,✅ Stable performance.
2025-08-19 10:15:00,0.43575055150662445,0.43868085206892027,0.4522278365013894,0.4443533142199061,0.19969026594611305,0.7104583094816663,0,0,0.10637349847866892,0.4004029847247454,0.4929834717711591,0.05564668578009391,0,0,✅ Stable performance.
2025-08-19 10:15:01,0.3443733908639046,0.5090980425185967,0.43287484346014843,0.26370605259140767,0.43771255396037967,0.6278534221446048,0,0,0.10588983259941258,0.40209949758508295,0.49200393893912514,0.23629394740859233,0,0,✅ Stable performance.
2025-08-19 10:15:02,0.39329115175033524,0.6012270445700766,0.4216543770642619,0.6192279052869551,0.4652153090611928,0.41030781220571666,0,0,0.09993307266974617,0.4079389248596403,0.4905578955925734,0.11922790528695515,0,0,✅ Stable performance.
2025-08-19 10:15:03,0.540270603673684,0.5023709546106981,0.5218172607819872,0.6442454161324456,0.2719369314758109,0.5676740689901307,0,0,0.09782586951400389,0.41314742953397265,0.4906687214671299,0.14424541613244557,0,0,✅ Stable performance.
2025-08-19 10:15:04,0.4103733420160127,0.4249308595641729,0.4907974489101606,0.1886904270015899,0.371392496768431,0.7156998369669567,0,0,0.09800150375431062,0.41734030713303244,0.49243781092589844,0.3113095729984101,0,0,✅ Stable performance.
2025-08-19 10:15:05,0.3921706827957614,0.5045088474084753,0.5208046222982655,0.6221377261787984,0.25725106483512494,0.38969237663755263,0,0,0.0940515324291038,0.4273660210188902,0.49372196343686653,0.12213772617879837,0,0,✅ Stable performance.
2025-08-19 10:15:06,0.22450401815445553,0.41448878330968913,0.536691505345542,0.35710550778757355,0.5265194703149638,0.6668539669607585,1,0,0.10208787685611612,0.4266834803048809,0.4953627620074437,0.14289449221242645,0,0,✅ Stable performance.
2025-08-19 10:15:07,0.4729810468483344,0.4023903043284956,0.5157822393195494,0.6041405437934158,0.6453280697426598,0.9134792406377372,0,0,0.10208413885115596,0.4319791663537043,0.4958343889945362,0.10414054379341575,0,0,✅ Stable performance.
2025-08-19 10:15:08,0.4600051597799897,0.3648585764286268,0.5357230670898978,0.46704243695443903,0.6852514149079711,0.7290587281982248,0,0,0.10174303066211336,0.4304899715698542,0.4963154231129778,0.03295756304556097,0,0,✅ Stable performance.
2025-08-19 10:15:09,0.63879625681812,0.5563413358832109,0.49969181259172196,0.48144555196145333,0.5893287136833316,0.780578073158174,0,0,0.10539836775342919,0.43657951015290203,0.49534373948969407,0.018554448038546667,0,0,✅ Stable performance.
2025-08-19 10:15:10,0.34501968355981405,0.3181571334057999,0.4441522761100046,0.44976096726895687,0.39828720351137603,0.6056802849193337,0,0,0.09632903370626457,0.4315876053483014,0.49510056818786896,0.05023903273104313,0,0,✅ Stable performance.
2025-08-19 10:15:11,0.4064384938792849,0.5532367724678117,0.5567261731877879,0.6567553442379737,0.2640116764706337,0.7153258872400405,0,0,0.09485807061645021,0.43770231609552795,0.496730242375267,0.15675534423797366,0,0,✅ Stable performance.
2025-08-19 10:15:12,0.40902038464840285,0.44998641237403714,0.4747133761291482,0.2935418285087974,0.2882971664783067,0.46874023250482866,0,0,0.09342025436986003,0.4404666891291528,0.49561477420367345,0.2064581714912026,0,0,✅ Stable performance.
2025-08-19 10:15:13,0.5653741187973764,0.2600693825198058,0.45772268645153974,0.5672320167296379,0.3559272635927231,0.6901568829046252,0,0,0.09445235703388034,0.433362766198852,0.49492148179405254,0.06723201672963786,0,0,✅ Stable performance.
2025-08-19 10:15:14,0.3662130534016692,0.4367649292991422,0.49594012622089745,0.6403408457205897,0.4086193695371403,0.6694627437455463,0,0,0.09562431026170225,0.4334714037452097,0.49405035925968194,0.1403408457205897,0,0,✅ Stable performance.
2025-08-19 10:15:15,0.4095896926575091,0.1899973492348376,0.4595289926677481,0.5833058821850314,0.5096877521531415,0.6161494320677341,0,0,0.08993544845759885,0.4254174621957617,0.49338259544588303,0.08330588218503143,0,0,✅ Stable performance.
2025-08-19 10:15:16,0.4475924982120485,0.4625508016831036,0.4846315381545585,0.8215787395028755,0.39124983087234444,0.7662400961084679,0,0,0.08973238709992573,0.4259382636191701,0.49433251926460925,0.3215787395028755,0,0,✅ Stable performance.
2025-08-19 10:15:17,0.39672925238119117,0.48852314829889915,0.5230392719536598,0.39882089780677044,0.5788202351449843,0.49493318628641636,0,0,0.08893246645209615,0.4340076089731571,0.4960636897830167,0.10117910219322956,0,0,✅ Stable performance.
2025-08-19 10:15:18,0.32078830220415844,0.34076440443479467,0.5235871814592492,0.6190039841233954,0.4996344366441936,0.5463815640077707,0,0,0.0915646771352502,0.4295104601876936,0.4979804200613939,0.11900398412339541,0,0,✅ Stable performance.
2025-08-19 10:15:19,0.3957445151367127,0.4123547695955583,0.46161210979711775,0.4614655860378085,0.5332936991547843,0.587706681625132,0,0,0.09007076553329957,0.42788072319416687,0.4970140370985302,0.03853441396219148,0,0,✅ Stable performance.
2025-08-19 10:15:20,0.4990290288313961,0.5954157433750287,0.48245186309241833,0.6599074400316094,0.6898918162861305,0.42313834191686217,0,0,0.09003031713848143,0.4377835250685894,0.4959506372232901,0.1599074400316094,0,0,✅ Stable performance.
2025-08-19 10:15:21,0.24930291298172347,0.34942532957380634,0.5608873005998241,0.47604345221079525,0.3682297822795091,0.6069372411773601,0,0,0.09603490827858817,0.43691130429996367,0.4956382982308997,0.023956547789204752,0,0,✅ Stable performance.
2025-08-19 10:15:22,0.3857751215803271,0.29410924129433996,0.5323241748694654,0.4197200808675632,0.5898721147520622,0.32230919143402925,0,0,0.09446074292682594,0.4335126366352005,0.49568289584019826,0.08027991913243682,0,0,✅ Stable performance.
2025-08-19 10:15:23,0.2861860170058905,0.5481663402462599,0.6115909395716518,0.6706726781553929,0.5298949176917502,0.7268847954870332,0,0,0.09510761743706352,0.43889983725808157,0.49677660317983263,0.1706726781553929,1,1,⚠ Performance drop predicted — monitor closely.
2025-08-19 10:15:24,0.5098404604927793,0.5962587190530795,0.5671776149127574,0.40435933150551495,0.4856044618075459,0.5805649267536954,0,0,0.09274785995939588,0.4443289280046224,0.4985769088899517,0.09564066849448505,0,0,✅ Stable performance.
2025-08-19 10:15:25,0.1869292771419231,0.4003695671847848,0.5657193782751343,0.2678920638717379,0.6545448697800178,0.4975503016475489,0,0,0.10073416141916687,0.439570024304678,0.5008276849158279,0.23210793612826208,0,0,✅ Stable performance.
2025-08-19 10:15:26,0.300316330854314,0.5011463035408357,0.43944481594580365,0.4006134535556676,0.6536795893497795,0.45169638893276276,0,0,0.10239578821170645,0.43933567866379636,0.4992962469682231,0.09938654644433242,0,0,✅ Stable performance.
2025-08-19 10:15:27,0.4103816909902429,0.5341475915530881,0.5473647796717213,0.5688901632813153,0.4006306267251838,0.5394304271195349,0,0,0.10238739774905559,0.448181329027004,0.4999182485891745,0.06889016328131525,0,0,✅ Stable performance.
2025-08-19 10:15:28,0.550335399889402,0.3257515767461616,0.5068499406266609,0.6834083280163976,0.506581019916104,0.6744172569914111,0,0,0.10301368547442442,0.44363281495085594,0.5001179745639327,0.18340832801639761,0,0,✅ Stable performance.
2025-08-19 10:15:29,0.3562476042794731,0.35146941646321317,0.48228970915605035,0.49364598727300635,0.5708130403754947,0.6538628011385816,0,0,0.10147276248850755,0.43758535110117835,0.49966953211524634,0.006354012726993652,0,0,✅ Stable performance.
2025-08-19 10:15:30,0.29744999853559273,0.5230874513154735,0.5185730849810456,0.6724689351704716,0.4939880507250747,0.47054162942153366,0,0,0.10309255180342673,0.44039890440939683,0.499873742285098,0.17246893517047157,0,0,✅ Stable performance.
2025-08-19 10:15:31,0.5853013296282088,0.568501427870851,0.5577664133064497,0.2759735837594848,0.612926712359732,0.4499899537426757,0,0,0.10795692278705701,0.442379017254472,0.499925089802186,0.22402641624051522,0,0,✅ Stable performance.
2025-08-19 10:15:32,0.19008857659968492,0.45628808601743553,0.5358809347475425,0.41151458517791983,0.5708103144857066,0.6698299738753164,0,0,0.11499618192486281,0.4375477186360506,0.49959681342879836,0.08848541482208017,0,0,✅ Stable performance.
2025-08-19 10:15:33,0.1003632530844758,0.3120185646497946,0.4672491837516853,0.4344311345308629,0.7858589629543538,0.46808285167584973,0,0,0.12420966477197022,0.43120263897068706,0.4987447535888528,0.0655688654691371,0,0,✅ Stable performance.
2025-08-19 10:15:34,0.4122370394935897,0.5987061111699441,0.5486293381198757,0.4602109634643359,0.31970669728289014,0.5825063279287912,0,0,0.12422293241704829,0.43699514735754613,0.4989921522445005,0.039789036535664124,0,0,✅ Stable performance.
2025-08-19 10:15:35,0.2998739314489649,0.3469029102188036,0.47996053395790284,0.4896408464575548,0.5148599602598858,0.5918451387282706,0,0,0.12519605704412884,0.4317416161178904,0.49836596245387293,0.01035915354244521,0,0,✅ Stable performance.
2025-08-19 10:15:36,0.23762516314171367,0.36648622188285485,0.5230075856313717,0.5795386446107136,0.40589650999530447,0.6193895296342986,0,0,0.12464636262970592,0.4301415307369959,0.4992643584511617,0.07953864461071358,0,0,✅ Stable performance.
2025-08-19 10:15:37,0.44181324818425516,0.4342337834489622,0.49733944493075705,0.4112859396972568,0.61557240426131,0.6992853157896162,0,0,0.12399917379531208,0.4312029800410115,0.49871461478729284,0.0887140603027432,0,0,✅ Stable performance.
2025-08-19 10:15:38,0.3860603972706993,0.5554160420714774,0.5018971543392888,0.4977791748216993,0.3076617443058982,0.38900513887061194,0,0,0.12312728054102322,0.4375548955624398,0.5000278240896855,0.0022208251783006894,0,0,✅ Stable performance.
2025-08-19 10:15:39,0.2896443365686372,0.4853975976552224,0.551486134299552,0.4704977488265967,0.579837254473289,0.29419120034169466,0,0,0.11393577540265894,0.4351901042881735,0.5001216355634291,0.029502251173403327,0,0,✅ Stable performance.
2025-08-19 10:15:40,0.20409944505565658,0.4414865500361911,0.4614978181781879,0.3400151298078544,0.4444954281209412,0.4907406310771103,0,0,0.11775303669178692,0.43930108484251995,0.5005837618681773,0.15998487019214558,0,0,✅ Stable performance.
2025-08-19 10:15:41,0.4584728059601082,0.44632885301181063,0.6111007765042858,0.4603432196019668,0.43006336829188596,0.837258938462135,0,0,0.11879035195499163,0.43573748752731994,0.5023001069792021,0.03965678039803322,0,0,✅ Stable performance.
2025-08-19 10:15:42,0.4314765065930002,0.40435146686434664,0.42312023794717074,0.4558998828725489,0.33132029385103356,0.8695335507197166,0,0,0.11914786001535467,0.4342163226769969,0.5018203488416015,0.0441001171274511,0,0,✅ Stable performance.
2025-08-19 10:15:43,0.3420417960442408,0.45581395145185066,0.4846246758706091,0.45272642982576183,0.4673636850466001,0.8415957609115354,0,0,0.11306326822252549,0.4407411416413984,0.5011946535744501,0.047273570174238166,0,0,✅ Stable performance.
2025-08-19 10:15:44,0.5719347665369185,0.1470439922305697,0.5333521731518953,0.48188760542432396,0.6821638255592837,0.5455150616917444,0,0,0.11961175113936023,0.43108377707244594,0.5018649531257979,0.01811239457567604,0,0,✅ Stable performance.
2025-08-19 10:15:45,0.22574765643677264,0.3703392540930202,0.5443908055980301,0.4883933266968423,0.5283402468781877,0.31306695029732023,0,0,0.12194100092015969,0.43709517390105207,0.5040143635177531,0.011606673303157677,0,0,✅ Stable performance.
2025-08-19 10:15:46,0.17117587004995327,0.42413219349167813,0.5104848298691358,0.41313949917176407,0.6188400555971731,0.23101864445603126,0,0,0.12540836691646035,0.43581455362800453,0.5039135693462177,0.08686050082823593,0,0,✅ Stable performance.
2025-08-19 10:15:47,0.2693392653247486,0.2848985916380493,0.5129725993691002,0.6657308831410558,0.7625822062326844,0.48392562108651216,0,0,0.12591906823737864,0.4290270684059762,0.5046808630292001,0.16573088314105577,0,0,✅ Stable performance.
2025-08-19 10:15:48,0.3453257920957111,0.438632331781156,0.5367031574070146,0.3039279974359901,0.5683933003311314,0.5447701987740576,0,0,0.12583254003096989,0.4322893326508549,0.5046222177877515,0.19607200256400992,0,0,✅ Stable performance.
2025-08-19 10:15:49,0.378982598257976,0.37955287790138786,0.5049556978892061,0.37037329625082727,0.4543718461088089,0.7639901147786798,0,0,0.12564267042072114,0.43119593626104924,0.5047620737707146,0.12962670374917273,0,0,✅ Stable performance.
2025-08-19 10:15:50,0.32101143383996567,0.5755475698315491,0.5865017532802917,0.8890246483295376,0.5966017207985024,0.700680037673066,0,0,0.12231505178983494,0.4305336638095999,0.50592705928596,0.38902464832953765,0,0,✅ Stable performance.
2025-08-19 10:15:51,0.39075475870346943,0.5573019725214856,0.5591436647165829,0.3234076834460309,0.45638229085668547,0.6070064483061777,0,0,0.12142755490948673,0.4374628852411892,0.5077580096317887,0.17659231655396912,0,0,✅ Stable performance.
2025-08-19 10:15:52,0.20023346570325007,0.35341944308818374,0.5611509451767409,0.27662842819177147,0.4619094949597029,0.44358242976827356,0,0,0.12395483251279037,0.4394398919676507,0.5093099920719393,0.22337157180822853,0,0,✅ Stable performance.
2025-08-19 10:15:53,0.5190412879022739,0.3849162288433305,0.4695354100793947,0.5859927669600706,0.321146436807088,0.43320655189636526,0,0,0.12780478406119938,0.433998221587553,0.5092205789540045,0.08599276696007063,0,0,✅ Stable performance.
2025-08-19 10:15:54,0.33774998530697964,0.39260524343916076,0.5142073436490868,0.16946435231547063,0.6602283950901349,0.610915257064111,0,0,0.12400953483134876,0.4272097724004224,0.5087740218215874,0.33053564768452937,0,0,✅ Stable performance.
2025-08-19 10:15:55,0.4793619023868878,0.35483405238403776,0.5034869860547931,0.4423275259746755,0.4783247259264538,0.675703186325562,0,0,0.12301921505006055,0.4256919219070642,0.5074593379126051,0.057672474025324494,0,0,✅ Stable performance.
2025-08-19 10:15:56,0.3871140238723765,0.4195024984028127,0.46856373332781137,0.7950791701142093,0.5570740733303174,0.6310649512657056,0,0,0.12282732186712746,0.4229704617357967,0.5076258318474394,0.29507917011420925,0,0,✅ Stable performance.
2025-08-19 10:15:57,0.40015725686815773,0.324171793111241,0.5371855299310293,0.24830558061748942,0.388228262498715,0.42240887777422564,0,0,0.12267682787284627,0.41597126845440185,0.5073621138349691,0.2516944193825106,0,0,✅ Stable performance.
2025-08-19 10:15:58,0.4130941006131792,0.2869384665062474,0.49262855146620665,0.1835612944621059,0.5922623226086863,0.6689185325093261,0,0,0.11750259467779486,0.4146774981130713,0.5090556588397137,0.3164387055378941,0,0,✅ Stable performance.
2025-08-19 10:15:59,0.39819427556105547,0.4622711223900269,0.5526145494691657,0.2550839858388949,0.4262126302983118,0.636042594464792,0,0,0.11785160791906743,0.41837088831063185,0.5109305051536223,0.2449160141611051,0,0,✅ Stable performance.
2025-08-19 10:16:00,0.4208737674994847,0.4629529584221811,0.46666829845339364,0.6102714464212111,0.5121884009050057,0.4171330207370072,0,0,0.11812500235932426,0.4163664052141887,0.511171179519489,0.11027144642121112,0,0,✅ Stable performance.
2025-08-19 10:16:01,0.5017880227269536,0.31956842403400076,0.6064634258616577,0.6438143726224856,0.6535148933444526,0.4590177628346992,0,0,0.1133654901562856,0.4080686384196271,0.5140643225595141,0.14381437262248564,0,0,✅ Stable performance.
2025-08-19 10:16:02,0.3672013998900143,0.48953554307626,0.47602828091141985,0.4012442744540601,0.641445825595738,0.6744518161169828,0,0,0.1092412248421506,0.40917688698825455,0.5149705542903001,0.09875572554593992,0,0,✅ Stable performance.
2025-08-19 10:16:03,0.42753503674789806,0.3368422270834669,0.5321435493225011,0.5783981302707621,0.5287780891529064,0.5394408848646222,0,0,0.09857216977187624,0.41000434240271033,0.5151426590993087,0.07839813027076215,0,0,✅ Stable performance.
2025-08-19 10:16:04,0.33253456018656924,0.42531652380379814,0.561104916603339,0.6831441198426629,0.2867359974665402,0.8061932159309391,0,0,0.09840337441241495,0.40422468949050544,0.5163144502275283,0.18314411984266288,0,0,✅ Stable performance.
2025-08-19 10:16:05,0.5134301225956288,0.48203440126124564,0.49331344819538636,0.7419718054983666,0.9466911147268893,0.6470450379371504,0,0,0.10121327800230467,0.40872907252525353,0.5158562639924803,0.2419718054983666,0,0,✅ Stable performance.
2025-08-19 10:16:06,0.26233391771109615,0.39663874352962875,0.5648024204984959,0.44068882168302004,0.773840414609626,0.5025618818812834,0,0,0.10017624458724227,0.40973415658014595,0.5163247792450295,0.05931117831697996,0,0,✅ Stable performance.
2025-08-19 10:16:07,0.5555112451718409,0.44547409121411347,0.46105332705828395,0.13622739142573215,0.6320080484546033,0.5722503084198709,0,0,0.10491022310719939,0.410108833505651,0.5154126307073418,0.36377260857426785,0,0,✅ Stable performance.
2025-08-19 10:16:08,0.3370729780881727,0.34835703561124287,0.5954519105288891,0.3555721473600175,0.42742380439773253,0.5830144261878201,0,0,0.10514114884514345,0.4032068666236432,0.516408111431325,0.14442785263998248,0,0,✅ Stable performance.
2025-08-19 10:16:09,0.17202010166041304,0.3803533416571903,0.5238870074395054,0.4139529696863562,0.5160858794291867,0.46719893442896976,0,0,0.11049490623770682,0.39970539142370876,0.516811364678788,0.0860470303136438,0,0,✅ Stable performance.
2025-08-19 10:16:10,0.3564256319345118,0.379414056911966,0.49369249241422986,0.4388216540067642,0.45650368146774367,0.44025566962188867,0,0,0.10595880918660189,0.3976363083195679,0.5176370349505252,0.061178345993235794,0,0,✅ Stable performance.
2025-08-19 10:16:11,0.26029044734270324,0.32534216534597615,0.5088874928127585,0.4493518232221594,0.7070258234003588,0.676337854498037,0,0,0.10683106108500307,0.3936034187307068,0.5168397236109413,0.050648176777840614,0,0,✅ Stable performance.
2025-08-19 10:16:12,0.4403191992152975,0.3823225836884218,0.5646260635252225,0.6429429563690148,0.5682196536315227,0.6973841799538836,0,0,0.1070195366313638,0.39286912262484264,0.5183382684008759,0.14294295636901477,0,0,✅ Stable performance.
2025-08-19 10:16:13,0.26316205738393506,0.24513817011362535,0.495290854084521,0.6659847608526119,0.42313216152555233,0.6620603310451436,0,0,0.10868495441001315,0.3858465965802351,0.5189644045280922,0.16598476085261193,0,0,✅ Stable performance.
2025-08-19 10:16:14,0.2873936854465362,0.35088462528578956,0.48737925282736044,0.4517496862639798,0.4665764487504074,0.7953939611848067,0,0,0.1024500893955643,0.3926412843487424,0.5188217233048665,0.04825031373602018,0,0,✅ Stable performance.
2025-08-19 10:16:15,0.11617854908570546,0.37151245066303296,0.5141038260407688,0.6399193259160412,0.687249411454625,0.4944960629007955,0,0,0.10906121616228114,0.3926803909010762,0.5197313038610836,0.13991932591604117,0,0,✅ Stable performance.
2025-08-19 10:16:16,0.2862584298163715,0.374382024750462,0.4666660689029136,0.5301688581409341,0.7536352099786172,0.8186445209193622,0,0,0.1043230877864291,0.3910220519430357,0.5194318793735562,0.030168858140934063,0,0,✅ Stable performance.
2025-08-19 10:16:17,0.05249144135839057,0.37585025541292216,0.6168748885599592,0.4867388897506921,0.7436870673873166,0.4419622539072072,0,0,0.1173754921378359,0.39405377406886477,0.5209958063169945,0.013261110249307873,0,0,✅ Stable performance.
2025-08-19 10:16:18,0.15183968383326008,0.39382358001398715,0.4978614822235886,0.6114839652382584,0.6367706014019245,0.42561408012824775,0,0,0.12287342496430599,0.39256014900995917,0.5205670446630668,0.11148396523825843,0,0,✅ Stable performance.
2025-08-19 10:16:19,0.4294305352742207,0.4479441518086064,0.5680955697148014,0.4878864443099826,0.49681335853451447,0.31630781465087277,0,0,0.1237061886524928,0.39483985814019973,0.5223417689950283,0.012113555690017375,0,0,✅ Stable performance.
2025-08-19 10:16:20,0.43229849996476943,0.4874517074132523,0.5373217532096262,0.7820402345398527,0.08249771966256603,0.508535087148863,0,0,0.1245955703005521,0.39190332939292316,0.5232562671636484,0.2820402345398527,0,0,✅ Stable performance.
2025-08-19 10:16:21,0.3894815687130764,0.3350234773151733,0.47795506512459546,0.26408685858935455,0.5730237773012701,0.5000619001696047,0,0,0.12458133287552864,0.3844940462193795,0.5218740632390613,0.23591314141064545,0,0,✅ Stable performance.
2025-08-19 10:16:22,0.2244013498055406,0.2796799144610856,0.5272175508095137,0.40086174486206305,0.5315783672168135,0.6506737909299487,0,0,0.1236562362860423,0.3820360619318095,0.521788952838062,0.09913825513793695,0,0,✅ Stable performance.
2025-08-19 10:16:23,0.3332161735496788,0.29579555877568975,0.567048943857144,0.4584392089867335,0.5512359911404316,0.6094178927293115,0,0,0.11950709484915698,0.37906537292955483,0.5210465862428202,0.041560791013266485,0,0,✅ Stable performance.
2025-08-19 10:16:24,0.3383607590927722,0.35127970788050733,0.5187692567587476,0.5422859628707326,0.5393030426712118,0.3992427559151095,0,0,0.1195059915972565,0.37768785507759967,0.5202397802735867,0.04228596287073261,0,0,✅ Stable performance.
2025-08-19 10:16:25,0.20148270686981773,0.3648078682183491,0.5881714894270706,0.6650265577368737,0.34798724706073836,0.516297685248692,0,0,0.11944761129794756,0.3780203156054101,0.520613982126119,0.1650265577368737,0,0,✅ Stable performance.
2025-08-19 10:16:26,0.5167853444944017,0.32300039338025427,0.5799251303950689,0.4735679863721054,0.6090990677525054,0.519408076222269,0,0,0.12366771709780364,0.37480357877132486,0.5229553207002734,0.0264320136278946,0,0,✅ Stable performance.
2025-08-19 10:16:27,0.4425778334905621,0.2703883335750106,0.5751286221103485,0.266484095001434,0.6194688152271337,0.31396402139071844,0,0,0.12462535541338948,0.3730107967867838,0.5234180514075839,0.233515904998566,0,0,✅ Stable performance.
2025-08-19 10:16:28,0.31242994832508364,0.35438791725258123,0.5065335593852386,0.6019981012378866,0.6264167221801289,0.4302566300298505,0,0,0.12396515542718226,0.37525911181166166,0.5234127783868935,0.10199810123788655,0,0,✅ Stable performance.
2025-08-19 10:16:29,0.3417861079475282,0.41814266201139716,0.4758577942312704,0.5890271083012819,0.6630450577098892,0.46099352835518914,0,0,0.12343861039010694,0.3737881631323739,0.5233055798048138,0.08902710830128191,0,0,✅ Stable performance.
2025-08-19 10:16:30,0.3632956770262079,0.4595029465835565,0.4995040549736614,0.18950283539252633,0.6155646678848443,0.783444431253989,0,0,0.12251057279773923,0.37367316273775314,0.522987762638024,0.3104971646074737,0,0,✅ Stable performance.
2025-08-19 10:16:31,0.09673227492705294,0.3442576946891679,0.5403290008965935,0.47661898122933977,0.474994159282323,0.6017472786662048,0,0,0.1256215542976152,0.3744961384262587,0.5226971390978599,0.023381018770660233,0,0,✅ Stable performance.
2025-08-19 10:16:32,0.3093798418939733,0.35870021778565664,0.5581398081613316,0.2416084799667484,0.5220125616860449,0.6706008420578287,0,0,0.12531784848117336,0.37013496091657194,0.523068120321423,0.2583915200332516,0,0,✅ Stable performance.
2025-08-19 10:16:33,0.25791620621600586,0.30733016911526895,0.42260542086814784,0.3787167649984431,0.544463469856022,0.3545324944010687,0,0,0.12403537477733957,0.36915122565096525,0.5223240576066973,0.12128323500155691,0,0,✅ Stable performance.
2025-08-19 10:16:34,0.22011219364488332,0.3968560829625224,0.5311118496470391,0.3434344975552057,0.5467610153886411,0.7484250199668323,0,0,0.1251047904180875,0.3682025442895895,0.5220320994654835,0.15656550244479428,0,0,✅ Stable performance.
2025-08-19 10:16:35,0.30555610667485067,0.31515713658091854,0.5397554896152421,0.5970723463035168,0.6702034132732382,0.7640598377813916,0,0,0.11898818287962985,0.3626399688002452,0.5230286820597724,0.0970723463035168,0,0,✅ Stable performance.
2025-08-19 10:16:36,0.5519364806296962,0.45731278132412,0.5183073341547617,0.4944905411179379,0.6210563364251658,0.28143825349066576,0,0,0.12713737151245522,0.36466243672672827,0.5229503445351622,0.005509458882062113,0,0,✅ Stable performance.
2025-08-19 10:16:37,0.4149873801209667,0.2214133508065889,0.5970817575427896,0.2867266432275515,0.8197903316759492,0.470573988531642,0,0,0.12024028421192554,0.3571937453798108,0.5246127164120294,0.21327335677244852,0,0,✅ Stable performance.
2025-08-19 10:16:38,0.27151558279820454,0.3640370327547538,0.5539405879259955,0.607561311384627,0.8376895348609179,0.6462604704506789,0,0,0.12026786296094584,0.35771641195126114,0.5254801069718079,0.10756131138462699,0,0,✅ Stable performance.
2025-08-19 10:16:39,0.4071618240146957,0.4301107339191742,0.5986946982389533,0.2647691243751953,0.5428727818258596,0.6680000557217403,0,0,0.11898022582240357,0.3593749916933273,0.5262669163707979,0.23523087562480471,0,0,✅ Stable performance.
2025-08-19 10:16:40,0.5052670634362348,0.41838345163225044,0.5227205954388532,0.5260877790023817,0.0,0.4744973347299586,0,0,0.12387726559724219,0.36067397151733677,0.527287295991809,0.026087779002381684,0,0,✅ Stable performance.
2025-08-19 10:16:41,0.44919118031434313,0.6693033663980497,0.5807260147031673,0.3565896555558661,0.7032798670832827,0.5290566488379735,0,0,0.12565880772354873,0.3721393448857392,0.5267810499617903,0.14341034444413392,0,0,✅ Stable performance.
2025-08-19 10:16:42,0.3468908713029992,0.4349800024567908,0.6159389784256535,0.42300874220821827,0.45692564910808287,0.48636211306882116,0,0,0.12381477806383655,0.37389459217801824,0.5299946956364318,0.07699125779178173,0,0,✅ Stable performance.
2025-08-19 10:16:43,0.2633759130478701,0.299594540315799,0.6001038497843669,0.5518885362897166,0.42073127836571045,0.5898943485418779,0,0,0.12381136019140754,0.3757098045180906,0.5319193485349943,0.05188853628971657,0,0,✅ Stable performance.
2025-08-19 10:16:44,0.4229555514367689,0.3904535752910927,0.4802456162707536,0.5544334946520535,0.4765999362131872,0.7488585816348241,0,0,0.12502332485308276,0.37702876951826736,0.531034239253642,0.05443349465205349,0,0,✅ Stable performance.
2025-08-19 10:16:45,0.3870765598069934,0.22237536665335483,0.5225024106865275,0.6752499436680566,0.4699188279765045,0.46096010098582707,0,0,0.11904786613351181,0.3720575333846115,0.5306694326717837,0.17524994366805657,0,0,✅ Stable performance.
2025-08-19 10:16:46,0.4467563290014742,0.39194002507032394,0.5182614979126131,0.4649969464857908,0.6167038585366194,0.7201366096065227,1,0,0.12041727370476128,0.37264280006194017,0.5307990438058415,0.03500305351420918,0,0,✅ Stable performance.
2025-08-19 10:16:47,0.41620396073759736,0.31669439429992413,0.5603159785603756,0.5225821972681861,0.3156650438695321,0.45940522634455094,0,0,0.10820930318734068,0.37067093802484025,0.5315881001256961,0.02258219726818611,0,0,✅ Stable performance.
2025-08-19 10:16:48,0.4655663345524992,0.4915390275560162,0.5705044481787424,0.4123332642656776,0.3824397132176367,0.449757738768525,0,0,0.10327757134822237,0.3739281196095746,0.5321514549718916,0.08766673573432238,0,0,✅ Stable performance.
2025-08-19 10:16:49,0.27808979883148344,0.34504597254044655,0.4945756553481852,0.5041437289441939,0.5794000297424171,0.6934817968991753,0,0,0.10357300833798538,0.3704981803006359,0.5319784542628746,0.004143728944193903,0,0,✅ Stable performance.
2025-08-19 10:16:50,0.49787847395413887,0.38832340842047536,0.5402457333667753,0.5422909046776909,0.6181835041409425,0.7085979552483139,0,0,0.1058813600186518,0.3671939036675433,0.5312075205976493,0.04229090467769092,0,0,✅ Stable performance.
2025-08-19 10:16:51,0.3655209662078629,0.3364442158595597,0.43619095968457794,0.46261828313691833,0.6207614796544334,0.6982818075736261,0,0,0.10573594883312502,0.3672412616190229,0.5291583088471159,0.03738171686308167,0,0,✅ Stable performance.
2025-08-19 10:16:52,0.5883037842187029,0.5738851351853331,0.6096180952039356,0.2099630889462465,0.42273399057229355,0.38127685712056647,0,0,0.11058624218570978,0.37704810230983116,0.5299660946809025,0.2900369110537535,0,0,✅ Stable performance.
2025-08-19 10:16:53,0.26112284570875244,0.36787572338820884,0.5122356515014628,0.5262888295914303,0.39622604066416134,0.5055868480889472,0,0,0.11219842746619071,0.3794507744635817,0.5306777653712703,0.026288829591430307,0,0,✅ Stable performance.
2025-08-19 10:16:54,0.5487983446364244,0.5832557043479202,0.5409810791489786,0.5311910859321278,0.46160284972892063,0.694124518697641,0,0,0.11675384464605226,0.3871833076791622,0.5311239942962686,0.031191085932127827,0,0,✅ Stable performance.
2025-08-19 10:16:55,0.36694388628886365,0.48141517621182667,0.5230389150788072,0.376417177691001,0.56508269523174,0.5798195864559339,0,0,0.11207802453506553,0.3910702179456115,0.531449859780002,0.12358282230899897,0,0,✅ Stable performance.
2025-08-19 10:16:56,0.26670065486052774,0.44820667273353865,0.5961562981503373,0.28690500647537,0.73774667846279,0.41669033283878587,0,0,0.1109043534205669,0.3952437605907209,0.5335764025270442,0.21309499352463002,0,0,✅ Stable performance.
2025-08-19 10:16:57,0.28694488062238266,0.436873314731752,0.39731311595125396,0.695828996208709,0.24801896617807273,0.6407828748927833,0,0,0.11114824917612631,0.40079325996261234,0.5312451956273813,0.19582899620870897,0,0,✅ Stable performance.
2025-08-19 10:16:58,0.30672989768343406,0.4393797298216252,0.5386914395262838,0.5499885212956199,0.5012347532897246,0.46918577498189173,0,0,0.11124995282714836,0.40362632038158036,0.5320129104283826,0.049988521295619925,0,0,✅ Stable performance.
2025-08-19 10:16:59,0.39536028083790087,0.207232742065439,0.5345645373891508,0.443244979813612,0.34709783136037586,0.8362345034820644,0,0,0.11126086322973447,0.39659598971671517,0.5317120768937156,0.056755020186388005,0,0,✅ Stable performance.
2025-08-19 10:17:00,0.40748761948289913,0.3721116605849244,0.5175071745059079,0.30873501997584807,0.3028002804440493,0.799712446844089,0,0,0.11147768430154838,0.3936829468500941,0.5325593914945909,0.19126498002415193,0,0,✅ Stable performance.
2025-08-19 10:17:01,0.27802580988097425,0.4845157971184322,0.62683383978873,0.3554334960871208,0.6658700553673209,0.6621065471447654,0,0,0.10051198004300306,0.39835821693106954,0.5328988983933755,0.14456650391287917,0,0,✅ Stable performance.
2025-08-19 10:17:02,0.3435748689547484,0.3951102816525895,0.4964895581856162,0.6701568603506587,0.6073269698617931,0.7728222979273847,0,0,0.09991876199538374,0.399571885726634,0.5332399196812786,0.1701568603506587,0,0,✅ Stable performance.
2025-08-19 10:17:03,0.6007461682679798,0.2594810153196425,0.5797793586116442,0.49757669606628774,0.594131717441063,0.5832203730225871,0,0,0.10523762818019125,0.3979769139334465,0.5340338498360977,0.002423303933712262,0,0,✅ Stable performance.
2025-08-19 10:17:04,0.5521031897312341,0.39475955494225307,0.5593357078066217,0.39561496078278946,0.6595031908405407,0.6857063196294104,0,0,0.10432883196626268,0.39790702966610414,0.5340043630228191,0.10438503921721054,0,0,✅ Stable performance.
2025-08-19 10:17:05,0.39963059051129357,0.5704105516255491,0.6049325496195497,0.5526912660313656,0.46533389956222626,0.7898944004512065,0,0,0.1027960543903017,0.4064154768342585,0.5358646813798884,0.05269126603136565,1,1,⚠ Performance drop predicted — monitor closely.
2025-08-19 10:17:06,0.35295848520188855,0.524689171553472,0.5088306513753549,0.35653224606734923,0.4718602551735027,0.6096530624722236,0,0,0.09921831360940286,0.4086613565085702,0.5349318185611694,0.14346775393265077,0,0,✅ Stable performance.
2025-08-19 10:17:07,0.3632094471889393,0.39379959906339684,0.5058751792794987,0.6995273095695866,0.8348148117421812,0.5364160025811933,0,0,0.09933522966480415,0.41440756478379714,0.5356788494315231,0.19952730956958664,0,0,✅ Stable performance.
2025-08-19 10:17:08,0.42222169903688567,0.4951449277058087,0.5976606382310129,0.6775953204894143,0.497652529904379,0.3244021388430819,0,0,0.0966636811262201,0.41877782794883234,0.5357156615598917,0.1775953204894143,0,0,✅ Stable performance.
2025-08-19 10:17:09,0.22891770959774305,0.3633492979631948,0.5644567268951048,0.40806119861239143,0.6337348604506641,0.561582887321654,0,0,0.10154757453763356,0.41655244675029973,0.5363918235508185,0.09193880138760857,0,0,✅ Stable performance.
2025-08-19 10:17:10,0.32017353992425446,0.22961284131732812,0.4662773127662177,0.3840472048669734,0.5327164675810345,0.6941880880616658,0,0,0.10015611522155748,0.4102600930731356,0.5359349038900182,0.11595279513302659,0,0,✅ Stable performance.
2025-08-19 10:17:11,0.15356519385104428,0.30755340118704455,0.5168924479983485,0.08931507664818206,0.27562883498990365,0.712064205046264,0,0,0.10811880467559702,0.39820176089943543,0.5360683198097781,0.41068492335181794,0,0,✅ Stable performance.
2025-08-19 10:17:12,0.3991491562178229,0.5562888768508198,0.5635103500353714,0.25769142937379064,0.24840823246520394,0.647518348135764,0,0,0.10802467193053063,0.40224539004590304,0.5360497245849472,0.24230857062620936,0,0,✅ Stable performance.
2025-08-19 10:17:13,0.4291396979138511,0.3726006918170696,0.5864129470417542,0.27874468720618717,0.4515738782343126,0.49456541715995717,0,0,0.10610045185660247,0.4046789284292788,0.5375684261342344,0.22125531279381283,0,0,✅ Stable performance.
2025-08-19 10:17:14,0.29584136231199865,0.3756616020624982,0.5108967219262334,0.4972105370019415,0.6782271569722349,0.2845865557492544,0,0,0.10706872346599933,0.40418586265499223,0.5379603839525491,0.0027894629980584895,0,0,✅ Stable performance.
2025-08-19 10:17:15,0.5402042429514113,0.37001618037251194,0.39947897371649044,0.4288521436943573,0.641103762601809,0.5013062835593012,0,0,0.11095646542542088,0.40910722311229747,0.5360499697471444,0.07114785630564269,0,0,✅ Stable performance.
2025-08-19 10:17:16,0.2091514998385906,0.5904136589573007,0.5716864511156455,0.27787570197845524,0.658539975085839,0.5292255350225401,0,0,0.11487582788233079,0.4157230109085301,0.5378003094506899,0.22212429802154476,0,0,✅ Stable performance.
2025-08-19 10:17:17,0.18154506976992746,0.5625958915362064,0.4848427759530514,0.43552905988494617,0.3950088958278011,0.5279699094467969,0,0,0.1200575808749595,0.42391972748307283,0.5355997742405748,0.06447094011505383,0,0,✅ Stable performance.
2025-08-19 10:17:18,0.3823058603015981,0.6218780233448135,0.445325389165586,0.5520465197424964,0.7558218691394756,0.6642215051787346,0,0,0.11873171822787587,0.4282643606760327,0.534724172689608,0.05204651974249641,0,0,✅ Stable performance.
2025-08-19 10:17:19,0.48045774095402094,0.3840954789599949,0.4049095514439559,0.5553801440045567,0.3980796971341154,0.8641949068918027,0,0,0.1192296248257833,0.4295660108900176,0.5320044057184272,0.05538014400455671,0,0,✅ Stable performance.
2025-08-19 10:17:20,0.5566072258926733,0.4295624488747095,0.5875584093245063,0.1957528992990043,0.5613332899940979,0.5918121627360247,0,0,0.12178577870726622,0.4309406455718255,0.5328416833203419,0.3042471007009957,0,0,✅ Stable performance.
2025-08-19 10:17:21,0.3034486947756938,0.2483357450579209,0.553623757456324,0.45818075490685883,0.5303968471705889,0.5420410050098845,0,0,0.12249717700190699,0.4280036965451041,0.5341028281925374,0.041819245093141166,0,0,✅ Stable performance.
2025-08-19 10:17:22,0.48633823276515864,0.5476934426118275,0.5362435845219194,0.27224534838721803,0.507729719577275,0.5358258415481314,0,0,0.11766663939193343,0.4271306401259873,0.5342532620877443,0.22775465161278197,0,0,✅ Stable performance.
2025-08-19 10:17:23,0.35471566385113595,0.2832220448732065,0.6173111403271264,0.6107705713225622,0.7173856516069144,0.5919373092118254,0,0,0.1158899627836052,0.4243088508421539,0.5350909653622439,0.11077057132256218,0,0,✅ Stable performance.
2025-08-19 10:17:24,0.3395752924472937,0.4216775563762629,0.5800596749515984,0.5933511587981095,0.43409042554778576,0.4525857100074613,0,0,0.11119380313902327,0.41892291257643205,0.5361124723321248,0.09335115879810951,0,0,✅ Stable performance.
2025-08-19 10:17:25,0.4654812869198415,0.2902697472367156,0.6293419615579969,0.3441428901414896,0.3447514598012442,0.5913249779949041,0,0,0.11264432924148231,0.4125513982772616,0.5367986468676401,0.15585710985851042,0,0,✅ Stable performance.
2025-08-19 10:17:26,0.43884679824087036,0.3411133173261304,0.4792237044350076,0.36369557533488583,0.5346036137758268,0.6396850042865263,0,0,0.11157622982493294,0.4089816197636813,0.5351202897683058,0.13630442466511417,0,0,✅ Stable performance.
2025-08-19 10:17:27,0.17558305998450274,0.31627375689503,0.5474664654671156,0.40884741556879334,0.4764084402427433,0.6044146263388916,0,0,0.11638372918359903,0.40496163450245726,0.534659253824252,0.09115258443120666,0,0,✅ Stable performance.
2025-08-19 10:17:28,0.5380787140195067,0.3392124739324182,0.46869184653886947,0.14343891838874923,1.0,0.6406693659267881,0,0,0.11952494132932139,0.40162272597281706,0.5340285586101458,0.3565610816112508,0,0,✅ Stable performance.
2025-08-19 10:17:29,0.5274603254607364,0.34608772968510215,0.5383919173149532,0.5269550858052585,0.6256083946884026,0.6371888873624334,0,0,0.12251333398306073,0.4062512255601391,0.5350707939948739,0.026955085805258516,0,0,✅ Stable performance.
2025-08-19 10:17:30,0.2906587531121645,0.3451731205074923,0.537763759840849,0.4367615647659302,0.4750896448170048,0.31456163114097757,0,0,0.12360015030838513,0.40535327422422474,0.5357084557426603,0.0632384352340698,0,0,✅ Stable performance.
2025-08-19 10:17:31,0.41249739217601267,0.48333339117803076,0.5818587530137929,0.6209106690957373,0.3854351472871582,0.666900328561463,0,0,0.12219267048170793,0.40531386069287806,0.5364006182779469,0.12091066909573733,0,0,✅ Stable performance.
2025-08-19 10:17:32,0.4249775894737733,0.28951372069374803,0.5531397838291906,0.31445698380033615,0.27118889741062935,0.4755914434795261,0,0,0.12214932148217159,0.4017939753275834,0.5363172845390779,0.18554301619966385,0,0,✅ Stable performance.
2025-08-19 10:17:33,0.39818440133498245,0.4220541427013867,0.5823654653075478,0.38546160450989886,0.3897174204672429,0.41345091411024604,0,0,0.11536654145520668,0.40721307957364145,0.5389799519464012,0.11453839549010114,0,0,✅ Stable performance.
2025-08-19 10:17:34,0.30296799198811253,0.5217959152305559,0.5867006336719531,0.25399598906226384,0.5477649361031061,0.41219110968927297,1,1,0.11151027108096868,0.4114476249165849,0.5399064316801498,0.24600401093773616,0,0,✅ Stable performance.
2025-08-19 10:17:35,0.2894707100016076,0.3486803635486604,0.6596085795056219,0.3284003403797411,0.7296861839229556,0.6371587551908935,0,0,0.11239505935938304,0.40405661864735526,0.5419039831783228,0.17159965962025892,0,0,✅ Stable performance.
2025-08-19 10:17:36,0.36690119649030595,0.3282081109252398,0.5364308314936149,0.3020759627153895,0.6873188593540598,0.5411863088968658,0,0,0.1123561535391505,0.3975072499597475,0.5422060414673038,0.1979240372846105,0,0,✅ Stable performance.
2025-08-19 10:17:37,0.5097664526345069,0.37694753748197496,0.5054780478460585,0.624732642849958,0.5635886748315384,0.3277156973629335,0,0,0.11523348960943669,0.3969455145737001,0.5406793129723582,0.124732642849958,0,0,✅ Stable performance.
2025-08-19 10:17:38,0.43613818316379804,0.517972520836071,0.5651668822666542,0.37373744721900204,0.48703481393467074,0.6436673697012691,0,0,0.11546150213941746,0.39770643434470887,0.5408664178780358,0.12626255278099796,0,0,✅ Stable performance.
2025-08-19 10:17:39,0.3287446998149708,0.4194107630953358,0.513082218765313,0.49557875337243473,0.5690942629905811,0.36316663242603187,0,0,0.11251905613748142,0.3995751498491135,0.5394395432201419,0.004421246627565267,0,0,✅ Stable performance.
2025-08-19 10:17:40,0.46501049861838495,0.34687857053924015,0.6276277771655734,0.420773755329348,0.45993898783649234,0.5941952731163789,0,0,0.11306129160420687,0.403484007489844,0.5411879962489206,0.07922624467065198,0,0,✅ Stable performance.
2025-08-19 10:17:41,0.037038936767504804,0.448387665118804,0.5397023554179413,0.2891156156464598,0.7700290994034531,0.6086291838167999,0,0,0.12278985371965483,0.4081784829542359,0.5405042685941667,0.21088438435354018,0,0,✅ Stable performance.
2025-08-19 10:17:42,0.511573251591634,0.28977078501635767,0.5259179575929598,0.4522494188566455,0.5056065868785229,0.7032795546103827,0,0,0.12512329098843644,0.3992945465597539,0.5390039182469551,0.04775058114335451,0,0,✅ Stable performance.
2025-08-19 10:17:43,0.17031808632828205,0.46813595104429484,0.5309645085505598,0.5659376590602361,0.5198638331478791,0.834356342998763,0,0,0.13060816349697618,0.40247905520066135,0.5378515958930584,0.06593765906023608,0,0,✅ Stable performance.
2025-08-19 10:17:44,0.3344615217471332,0.4408607307701768,0.590784684403154,0.2982571296395031,0.22467763801527862,0.3741271679530791,0,0,0.13000018109022698,0.4046523594909174,0.5396939136952651,0.20174287036049687,0,0,✅ Stable performance.
2025-08-19 10:17:45,0.24572788939575485,0.3692191528861116,0.5473099826894541,0.5970498417256573,0.5047409600488657,0.566067583759903,0,0,0.1282234999131097,0.4046257919080373,0.5401073732286472,0.09704984172565734,0,0,✅ Stable performance.
2025-08-19 10:17:46,0.22598268148884215,0.3161414201552769,0.5234475094659656,0.35129930389726294,0.6477841374772368,0.5333225930524241,0,0,0.12755101517633635,0.39548338394796984,0.5401938067545363,0.14870069610273706,0,0,✅ Stable performance.
2025-08-19 10:17:47,0.5179001531427472,0.3113319077716543,0.6391319649751177,0.4056301347689675,0.3838256454937179,0.6371891911157506,0,0,0.125542695210358,0.3871079178224848,0.5415074065281155,0.09436986523103252,0,0,✅ Stable performance.
2025-08-19 10:17:48,0.3259674368633312,0.45348173363459104,0.5133893956823099,0.555801439256927,0.4277680563877011,0.6052897377371382,0,0,0.12588521946643075,0.38149470816547737,0.5405554889865082,0.05580143925692704,0,0,✅ Stable performance.
2025-08-19 10:17:49,0.42344895444936137,0.5228980502489062,0.5583097100385035,0.37889675424370317,0.6417163683035314,0.5221749528632365,0,0,0.12466846409289922,0.3861214605417745,0.5416177232313469,0.12110324575629683,0,0,✅ Stable performance.
2025-08-19 10:17:50,0.37786476470614194,0.33626922529712056,0.5894802325388218,0.4827491374417088,0.3271396923595029,0.5092508215801987,0,0,0.11978960642960708,0.3830116864225214,0.5424382982175476,0.017250862558291225,0,0,✅ Stable performance.
2025-08-19 10:17:51,0.4409777487015294,0.44583867035514846,0.47563168805891287,0.4305621812219278,0.6784627747721088,0.4104359702593794,0,0,0.1198852455957861,0.3895951172657624,0.5430956436904532,0.0694378187780722,0,0,✅ Stable performance.
2025-08-19 10:17:52,0.3946066555565617,0.19129729813979313,0.5815449872715192,0.4963479781022322,0.4580668197368496,0.7182410640179846,0,0,0.11802619378311517,0.3777152457833612,0.5426277585582463,0.00365202189776781,0,0,✅ Stable performance.
2025-08-19 10:17:53,0.23455555318210464,0.34153822693428004,0.5051100970486568,0.12448419917332121,0.47796907979934966,0.640912508659593,0,0,0.12054083612670358,0.37965911851873035,0.5425089993173662,0.3755158008266788,0,0,✅ Stable performance.
2025-08-19 10:17:54,0.5056554536913451,0.3968941067129098,0.5993381384858357,0.206121450980151,0.37604140254301655,0.707988261042175,0,0,0.12311787599200323,0.3788330035299519,0.5434816169729805,0.293878549019849,0,0,✅ Stable performance.
2025-08-19 10:17:55,0.3301949948130607,0.30903165830181667,0.5103999674696432,0.5684359546819087,0.5842361151594049,0.5283403953982291,0,0,0.12199377584688208,0.37945840056545527,0.543270967846161,0.06843595468190866,0,0,✅ Stable performance.
2025-08-19 10:17:56,0.2053556443205884,0.3063493625210404,0.5935044882794914,0.6308374265602792,0.872815907735812,0.4776655102288907,0,0,0.12460958861599886,0.3782996020719523,0.5432267710149803,0.1308374265602792,0,0,✅ Stable performance.
2025-08-19 10:17:57,0.34013980170628066,0.3332220443531114,0.6144912086232404,0.3422970612303935,0.6401619299229364,0.4160142245917611,0,0,0.11982038647929853,0.37886454498722166,0.5468464058928467,0.1577029387696065,0,0,✅ Stable performance.
2025-08-19 10:17:58,0.5697611867202734,0.42921927283263733,0.6026049002116014,0.4410305853212022,0.4120258437617652,0.6262432394459272,0,0,0.12153716724408989,0.3818647716172289,0.547911630237602,0.058969414678797794,0,0,✅ Stable performance.
2025-08-19 10:17:59,0.4937924710913941,0.38126709815936255,0.5724324249633226,0.5208441993839656,0.6892500166616125,0.4216489483180663,0,0,0.1201307897820866,0.38303741723303764,0.5485427616971715,0.020844199383965645,0,0,✅ Stable performance.
2025-08-19 10:18:00,0.352867113675122,0.1761768766675028,0.5486350640263888,0.5798803660653129,0.4879341880920762,0.8441534891621989,0,0,0.11936117506246315,0.37740420910503797,0.5490615598558463,0.0798803660653129,0,0,✅ Stable performance.
2025-08-19 10:18:01,0.3539153872935854,0.1879299847364934,0.531712650977588,0.17678910165834605,0.7223610677061556,0.3824696920260988,0,0,0.1190490079072262,0.3675574288903201,0.5474762067089939,0.32321089834165395,0,0,✅ Stable performance.
2025-08-19 10:18:02,0.35831565952868694,0.3393134822142825,0.6344188829566417,0.3459187201113991,0.6436522305107446,0.6137723337981147,0,0,0.11848872550391555,0.36921742094100457,0.5497750287885109,0.15408127988860087,0,0,✅ Stable performance.
2025-08-19 10:18:03,0.6436012807684295,0.44576865860535525,0.5262259060288608,0.4279120535978942,0.12385766821286115,0.8029324006670948,0,0,0.12909938361315842,0.37000790480447016,0.5488824712454646,0.07208794640210581,0,0,✅ Stable performance.
2025-08-19 10:18:04,0.4439494323830613,0.12524951572747656,0.5096808819801995,0.5813503646443379,0.3926477420724739,0.6613740582751679,0,0,0.12914989402993385,0.3567896914877009,0.5480548908150242,0.08135036464433787,0,0,✅ Stable performance.
2025-08-19 10:18:05,0.45079857741560114,0.350026982384837,0.5951361510317972,0.8473164769886252,0.6627412361059624,0.599439521536512,0,0,0.1288471173397511,0.35683457878224006,0.5478916175052284,0.3473164769886252,0,0,✅ Stable performance.
2025-08-19 10:18:06,0.5230695315603864,0.3473752143482579,0.5223943827422872,0.44340428243804375,0.5528543878091203,0.4320796480642626,0,0,0.1314348892662168,0.357473482229674,0.5481176796946772,0.05659571756195625,0,0,✅ Stable performance.
2025-08-19 10:18:07,0.4304602973517262,0.5388337778208449,0.515031566649762,0.26874365437110903,0.38992023863021297,0.37162693552471726,0,0,0.12962505958034978,0.36286969024096977,0.5482702861508483,0.23125634562889097,0,0,✅ Stable performance.
2025-08-19 10:18:08,0.37264982177298345,0.3614978188287137,0.49068804703603647,0.5367771896648859,0.44400456795137,0.6863810227896376,0,0,0.12923525209199302,0.3576538668407245,0.546487409630932,0.036777189664885857,0,0,✅ Stable performance.
2025-08-19 10:18:09,0.3812544980536141,0.43829889847409287,0.5390562867929553,0.6728835563028,0.26759199262042843,0.7940525085630257,0,0,0.12886812892112193,0.3582834713533497,0.5460640689625628,0.17288355630279995,0,0,✅ Stable performance.
2025-08-19 10:18:10,0.39721784238097957,0.41412571400874637,0.5593995461926128,0.49318447300654134,0.5195816847661057,0.5095510037334561,0,0,0.12795419202238756,0.3605250428023332,0.547616106186336,0.006815526993458665,0,0,✅ Stable performance.
2025-08-19 10:18:11,0.40248092510232536,0.18694335201927995,0.5760234023919288,0.3428656712595557,0.8382746088316329,0.4071286315450593,0,0,0.1103892379522662,0.3518102323656825,0.5486016220928958,0.1571343287404443,0,0,✅ Stable performance.
2025-08-19 10:18:12,0.4942935915835269,0.47682072166317374,0.6117676468453245,0.6191060747282195,0.6434106166851628,0.21417813111418593,0,1,0.10978704894626781,0.35804523025390966,0.5494059103730617,0.11910607472821955,0,0,✅ Stable performance.
2025-08-19 10:18:13,0.41544365167046804,0.4215396505456288,0.5908807494350964,0.5754845632995487,0.8354644318525999,0.4302832347397101,0,0,0.10158187962235066,0.3564920202372875,0.549480373746284,0.07548456329954867,0,0,✅ Stable performance.
2025-08-19 10:18:14,0.49729763717465425,0.45082686396745897,0.555325760895604,0.3251721848615716,0.654148527136595,0.5571181356931867,0,0,0.10233134511688001,0.3568242246771968,0.5502208577291069,0.17482781513842838,0,0,✅ Stable performance.
2025-08-19 10:18:15,0.40214843457149474,0.7926237706436328,0.5552931066757334,0.5336894505894598,0.6742596277656641,0.8076524312290185,0,0,0.09782269251111379,0.3709377119357809,0.5528177599450943,0.033689450589459824,0,0,✅ Stable performance.
2025-08-19 10:18:16,0.4222472970223743,0.19158870605014117,0.591044282561935,0.6249240317565925,0.8054759150992221,0.6722047216893534,0,0,0.09143202655916009,0.36678595479894305,0.553140390469199,0.1249240317565925,0,0,✅ Stable performance.
2025-08-19 10:18:17,0.17741738247224115,0.5724696649761108,0.6294984358840606,0.6522755159162337,0.5841275766356389,0.6183690195255556,0,0,0.09924074272764905,0.37549054670575827,0.5555513181347158,0.15227551591623367,1,1,⚠ Performance drop predicted — monitor closely.
2025-08-19 10:18:18,0.5239488952658566,0.37125524805996446,0.5725191563332485,0.46733836231523984,0.5058786757753357,0.5152162235889688,0,0,0.10035352874961967,0.3727496638532707,0.5576712142541769,0.03266163768476016,0,0,✅ Stable performance.
2025-08-19 10:18:19,0.4576721508967332,0.42873289044030094,0.5430804222700244,0.4241343060340501,0.6749774189574658,0.48844144081011964,0,0,0.10068224718612188,0.3696108251929838,0.559974062101278,0.07586569396594989,0,0,✅ Stable performance.
2025-08-19 10:18:20,0.5361021698686133,0.3954487754698758,0.5172271835477239,0.658998967546268,0.7333611831132698,0.7793520764570787,0,0,0.10289161482079438,0.37158347686540905,0.5588018750049983,0.15899896754626797,0,0,✅ Stable performance.
2025-08-19 10:18:21,0.07597104012633737,0.35757636666019565,0.4949437390028463,0.29790141334493647,0.4652998346002528,0.6031058410795742,0,0,0.120247637978524,0.3686414000755773,0.5578238746974404,0.20209858665506353,0,0,✅ Stable performance.
2025-08-19 10:18:22,0.6677793071486924,0.34301670717612415,0.60085100444709,0.5421565717181576,0.4318089625020698,0.26618840628812124,0,0,0.12933592381094963,0.37369871371012164,0.5589006650295265,0.042156571718157565,0,0,✅ Stable performance.
2025-08-19 10:18:23,0.4050738548685402,0.43295087355730094,0.5967699656483482,0.2742177940896475,0.5510798977267992,0.475222131881724,0,0,0.12478354092637953,0.376745801930889,0.5585583121182136,0.22578220591035247,0,0,✅ Stable performance.
2025-08-19 10:18:24,0.5541636565509467,0.2482826303328321,0.5970727343431598,0.6350143995639903,0.6470930861256656,0.448208875371896,0,0,0.12622390867382308,0.371792086051553,0.5588418631080729,0.1350143995639903,0,0,✅ Stable performance.
2025-08-19 10:18:25,0.30093014340593616,0.47505791675217657,0.5621051043916803,0.43895399052519446,0.6424621407238065,0.4938391819021972,0,0,0.1270732613931748,0.37732629466656503,0.5577212488219677,0.06104600947480554,0,0,✅ Stable performance.
2025-08-19 10:18:26,0.49799999124415417,0.35838055951147463,0.6392183326253269,0.665118815802638,0.3344157310951741,0.6560820157275322,0,0,0.12098163314431262,0.37906066789957954,0.560387825958473,0.16511881580263799,0,0,✅ Stable performance.
2025-08-19 10:18:27,0.3018678909743415,0.28699306609596426,0.5449991892229549,0.5499836688227737,0.7968160471261325,0.5580267807750703,0,0,0.12217333318015634,0.3775197019576746,0.560346704687737,0.04998366882277372,0,0,✅ Stable performance.
2025-08-19 10:18:28,0.35404550940179336,0.3549987142004186,0.6173020944340124,0.2959666594691037,0.4429544745900551,0.5624997468312813,0,0,0.12000183199023606,0.3750456833366007,0.5628235421526561,0.20403334053089628,0,0,✅ Stable performance.
2025-08-19 10:18:29,0.6559920319987367,0.5257149216862573,0.5679350064456313,0.6882362739544319,0.49508892524490644,0.7658694013255016,0,0,0.12676651748282833,0.37986061078749717,0.5633159269715006,0.18823627395443188,0,0,✅ Stable performance.
2025-08-19 10:18:30,0.4079161941083247,0.3464664912983777,0.539788131582598,0.7069942283751312,0.40670717264295764,0.47186933291336275,0,0,0.1260322709595233,0.385536931275193,0.5633496665005299,0.20699422837513115,0,0,✅ Stable performance.
2025-08-19 10:18:31,0.45755319622845536,0.43584536182096206,0.6001657038039093,0.6078902752522755,0.9058704654541536,0.8464260607127709,0,0,0.1252873288947769,0.39380077717800865,0.5636547823470318,0.10789027525227546,0,0,✅ Stable performance.
2025-08-19 10:18:32,0.5361629888849457,0.3269043724284527,0.5913545129936773,0.36435591461209516,0.5653873675748571,0.47554862254729025,0,0,0.12580608186630116,0.3933871401851476,0.5642916944997732,0.13564408538790484,0,0,✅ Stable performance.
2025-08-19 10:18:33,0.4930985963176393,0.475792184992362,0.5890548636442803,0.4318476304760126,0.4138708826146713,0.5867904472842587,0,0,0.12026888762164263,0.3943879243980479,0.5644031844720521,0.0681523695239874,0,0,✅ Stable performance.
2025-08-19 10:18:34,0.45348736543835044,0.46855077387902044,0.5756036654052002,0.49872709521207526,0.6515877506851457,0.5326104898392605,0,0,0.12030714636805058,0.405831299669766,0.5642182350009396,0.0012729047879247446,0,0,✅ Stable performance.
2025-08-19 10:18:35,0.4802021636829856,0.5848608833296411,0.5699786088380051,0.37293026309585864,0.6384484014733429,0.5917960626573724,0,0,0.12056076872860212,0.41365909636792614,0.5627244021564792,0.12706973690414136,0,0,✅ Stable performance.
2025-08-19 10:18:36,0.7230090307154591,0.3824436054500785,0.691625381188825,0.7278979040065656,0.5058094077675128,0.6387751333519003,0,0,0.13065176574906082,0.4148280427379868,0.5653109779847328,0.22789790400656562,0,0,✅ Stable performance.
2025-08-19 10:18:37,0.4327374412318843,0.4668654804757907,0.631753132426568,0.498564023506447,0.6483556030768436,0.6372017054153827,0,0,0.13064517337181805,0.41242909949315165,0.5674155627277412,0.0014359764935529817,0,0,✅ Stable performance.
2025-08-19 10:18:38,0.46469297425019307,0.4098067539538945,0.6090151635374914,0.07669078846616628,0.41743104104274975,0.46358202765851475,0,0,0.13002497662103227,0.4140393973306577,0.5681463674155885,0.4233092115338337,0,0,✅ Stable performance.
2025-08-19 10:18:39,0.5666504865476856,0.5295871781863015,0.5787972953198415,0.5274569529771522,0.4635042200779118,0.40949048451195824,0,0,0.1312576050473073,0.41708233998773125,0.5692416186914974,0.027456952977152227,0,0,✅ Stable performance.
2025-08-19 10:18:40,0.574459000261861,0.328116761239127,0.6238987160609619,0.4256042236931412,0.25317842455525685,0.9398907546573274,0,0,0.13269463613390423,0.41421537489541066,0.5691794676730871,0.07439577630685879,0,0,✅ Stable performance.
2025-08-19 10:18:41,0.5854245421661828,0.4745005312877281,0.5997741134721575,0.46608243772921343,0.3483076054480678,0.5029490456234449,0,0,0.13426099459949656,0.42380061420435894,0.5701806636406574,0.03391756227078657,0,0,✅ Stable performance.
2025-08-19 10:18:42,0.5217749840213186,0.38053027038833187,0.575518130912743,0.4225728530126456,0.7824031406992469,0.6760193505673542,0,0,0.13456919947301574,0.4205909324951975,0.5710073331959872,0.07742714698735442,0,0,✅ Stable performance.
2025-08-19 10:18:43,0.31199451570135994,0.39358118228915023,0.5593631956322018,0.5967437154703492,0.7593644254642,0.33858783523047986,0,0,0.1371770718600037,0.41965898355331493,0.5714806446473478,0.09674371547034921,0,0,✅ Stable performance.
2025-08-19 10:18:44,0.642248496252668,0.4091752484448373,0.5708290636338195,0.643060463363955,0.5409513983972394,0.5328431927274346,0,0,0.14098754651477424,0.41827059636922753,0.5711480509678589,0.14306046336395495,0,0,✅ Stable performance.
2025-08-19 10:18:45,0.3142264043808711,0.42522403964266775,0.41668716234450753,0.5191159079772194,0.7623451164550055,0.5551372210834715,0,0,0.1432595492462929,0.40602393866919534,0.5689710039621099,0.019115907977219404,0,0,✅ Stable performance.
2025-08-19 10:18:46,0.4872108569571645,0.3883770956878042,0.5860720097247487,0.42691475938481105,0.5096425640635318,0.6429034205998505,0,0,0.14310963930303933,0.4125835516571175,0.5700147456330895,0.07308524061518895,0,0,✅ Stable performance.
2025-08-19 10:18:47,0.36330831012667497,0.42147131831705265,0.551451682375805,0.4710585851807676,0.49809066891706744,0.17552028799940933,0,0,0.13394155807750413,0.4075502734351488,0.5685534075897677,0.028941414819232403,0,0,✅ Stable performance.
2025-08-19 10:18:48,0.4463894023132333,0.5578118057562185,0.6558425049169236,0.48008616673950977,0.5396652948887608,0.5980450819531362,0,0,0.13364427957948952,0.4137688253583573,0.5709276260770113,0.019913833260490232,0,0,✅ Stable performance.
2025-08-19 10:18:49,0.4942554998630002,0.49854496856152186,0.5775097271648235,0.35830528617577784,0.5145154090646917,0.40556643846941287,0,0,0.1337041982544139,0.4160958946290647,0.5712476263624499,0.14169471382422216,0,0,✅ Stable performance.
2025-08-19 10:18:50,0.4946952282772754,0.4869154592496897,0.517427871268944,0.5629488487695333,0.5020016515289112,0.621186291494541,0,0,0.13321351089841788,0.4191447840883918,0.5700467536746187,0.06294884876953333,0,0,✅ Stable performance.
2025-08-19 10:18:51,0.5079267004014596,0.35444604739761293,0.5747155531607426,0.5453362466002627,0.6903281259194252,0.42215564368747915,0,0,0.11073237154071743,0.41904044011297237,0.5716981514263159,0.0453362466002627,0,0,✅ Stable performance.
2025-08-19 10:18:52,0.6504421099516831,0.3110759171771676,0.5252370252354797,0.7053936487988497,0.5526434632076422,0.44860868990577263,0,0,0.10977719508129526,0.41797574711300717,0.5707596853923818,0.2053936487988497,0,0,✅ Stable performance.
2025-08-19 10:18:53,0.5143059023511023,0.4955300558237753,0.6015469688956845,0.6631583246769361,0.6305951005613597,0.5337186554968436,0,0,0.10892310792709774,0.420061719855223,0.5723669665898322,0.16315832467693614,0,0,✅ Stable performance.
2025-08-19 10:18:54,0.43296268844140906,0.48760467925297946,0.5927574849484918,0.3756021579972568,0.6748004041896034,0.4198152281813847,0,0,0.10856655094332889,0.42803912148589457,0.5722572890308765,0.12439784200274318,0,0,✅ Stable performance.
2025-08-19 10:18:55,0.5774261190248084,0.5472670675750982,0.6264356169083873,0.5987069476845215,0.5856416434598803,0.504185040820337,0,0,0.10429381195779497,0.43044609317999194,0.5741912165215222,0.09870694768452148,0,0,✅ Stable performance.
2025-08-19 10:18:56,0.6054435605623112,0.3396019374030771,0.5393330643897021,0.33630206113271566,0.3973342026727189,0.3991838958307201,0,0,0.1063498907794129,0.429820139109712,0.5732883594566923,0.16369793886728434,0,0,✅ Stable performance.
2025-08-19 10:18:57,0.3203921938189491,0.3770451344639653,0.5809110774072941,0.5802825098447717,0.3442994753452724,0.305598903926953,0,0,0.10523745824435335,0.4328218747219788,0.5727286906030932,0.0802825098447717,0,0,✅ Stable performance.
2025-08-19 10:18:58,0.5379245137437125,0.2360515837474566,0.5112931014460114,0.40064792495529966,0.5524556323338543,0.7226432330146662,0,0,0.10200905191012911,0.42885697037354664,0.5712068272903335,0.09935207504470034,0,0,✅ Stable performance.
2025-08-19 10:18:59,0.5515307833695537,0.3607528893939127,0.6149524489350352,0.3255910872097605,0.5080925559415985,0.3841655703576976,0,0,0.09827932858211048,0.42335823596380184,0.5719154943565287,0.1744089127902395,0,0,✅ Stable performance.
2025-08-19 10:19:00,0.43451496451632354,0.4996570510579448,0.6061547874822619,0.5186703098021721,0.5439459458159086,0.5476068426248251,0,0,0.09755284515705435,0.4284645879557874,0.5728741564141265,0.018670309802172103,0,0,✅ Stable performance.
2025-08-19 10:19:01,0.634065826911838,0.35335046207718024,0.6053349981330908,0.08095458311893422,0.5296064785904235,0.6838711122123677,0,0,0.10023947894124469,0.425714757964328,0.5741011955333849,0.4190454168810658,0,0,✅ Stable performance.
2025-08-19 10:19:02,0.45460683702360916,0.4640479795200824,0.5809592172710156,0.2177815112172885,0.8899632622576594,0.48379310595273606,0,0,0.10047359922190646,0.430286211534049,0.5732102011052912,0.2822184887827115,0,0,✅ Stable performance.
2025-08-19 10:19:03,0.4885676935705958,0.3809496894002189,0.6019504288640645,0.45088773542213234,0.34743774989489706,0.4530432330486833,0,0,0.10049143614129986,0.42712479501431094,0.5744722764858778,0.04911226457786766,0,0,✅ Stable performance.
2025-08-19 10:19:04,0.4544881477175302,0.43240570282215607,0.6617622583615111,0.48939601622061746,0.25598827715531414,0.6068357485755964,0,0,0.1004748624602585,0.42591995931241544,0.577006966092233,0.010603983779382542,0,0,✅ Stable performance.
2025-08-19 10:19:05,0.47813956871690544,0.2852308610184333,0.567624108715437,0.4224692386482678,0.5779054825860199,0.737267182674171,0,0,0.10049118292051629,0.41593229190204184,0.576548432053627,0.0775307613517322,0,0,✅ Stable performance.
2025-08-19 10:19:06,0.34771017793651704,0.40852094496339014,0.5891445993744983,0.24319446789200505,0.4796526951498432,0.40270330929333964,0,0,0.09527939426376925,0.4168015365524856,0.577660935664164,0.25680553210799495,0,0,✅ Stable performance.
2025-08-19 10:19:07,0.30827698598152975,0.10088640290992767,0.52823954385138,0.35601467308021295,0.5756447566607235,0.5517804718323411,0,0,0.10041567739751364,0.40460223396695677,0.5778810686175242,0.14398532691978705,0,0,✅ Stable performance.
2025-08-19 10:19:08,0.6690918245228683,0.38131038418380153,0.5394663293519901,0.5351388737014848,0.6127689214068672,0.3203251113887682,0,0,0.10574562080542713,0.4036523549746204,0.5786940399894569,0.03513887370148483,0,0,✅ Stable performance.
2025-08-19 10:19:09,0.3811274014719246,0.236952675628486,0.5881035607080285,0.5633715290387302,0.7098326778652488,0.5162282396846016,0,0,0.10667126404881033,0.39389787155602646,0.5795114945547081,0.06337152903873022,0,0,✅ Stable performance.
2025-08-19 10:19:10,0.36530318715755805,0.5205994516546817,0.6387430920099149,0.47477915125938974,0.32290231588813834,0.578746355143841,0,0,0.10753303890736479,0.400313961236545,0.5808338869849964,0.025220848740610258,0,0,✅ Stable performance.
2025-08-19 10:19:11,0.22891871099526706,0.47774073527645117,0.5710658920836972,0.6485635165158978,0.45466040489797344,0.44873420047145074,0,0,0.11483908759583585,0.40042196803616914,0.5807512618131926,0.14856351651589783,0,0,✅ Stable performance.
2025-08-19 10:19:12,0.40962276391498675,0.4466670981966081,0.572417625452126,0.5360555597220573,0.5912661578575498,0.5068973332553262,0,0,0.11483036211962513,0.40262652896311163,0.5800954281233058,0.03605555972205732,0,0,✅ Stable performance.
2025-08-19 10:19:13,0.3298474849433517,0.5521006227159381,0.5642027083139698,0.36644955332196893,0.6386324615366714,0.3677568933831885,0,0,0.11406143059007341,0.4079105103106712,0.5796507941046205,0.13355044667803107,0,0,✅ Stable performance.
2025-08-19 10:19:14,0.6824145400483796,0.3051083479175163,0.5581426556184288,0.43562713129776975,0.8358847995999592,0.5850176734310382,0,0,0.11643491404897806,0.4044416136264272,0.5796977423500008,0.06437286870223025,0,0,✅ Stable performance.
2025-08-19 10:19:15,0.6087842534284378,0.5747363197915558,0.5999625805675424,0.2693527301223222,0.6643102252830237,0.7281631838951284,0,0,0.11565517134639276,0.40942535629805676,0.5804422335815309,0.2306472698776778,0,0,✅ Stable performance.
2025-08-19 10:19:16,0.4088820715725403,0.49321915642603853,0.5106846441446254,0.4611621292467536,0.5239599108848356,0.4132600701170166,0,1,0.11626011647290171,0.4129200916559979,0.5791029062745758,0.038837870753246406,0,0,✅ Stable performance.
2025-08-19 10:19:17,0.7585323507454118,0.37634447127810544,0.6499280238583505,0.6419364516726587,0.40840089899334187,0.4826627536767385,0,0,0.12546372644046322,0.4114158634213664,0.5794433994074807,0.14193645167265867,0,0,✅ Stable performance.
2025-08-19 10:19:18,0.6092461623319125,0.5135620147182944,0.5529434487399973,0.5787059315579772,0.45361079102414603,0.6472523031207014,0,0,0.12720697508436132,0.4099408703867689,0.5791171376142599,0.07870593155797723,0,0,✅ Stable performance.
2025-08-19 10:19:19,0.4556991137961286,0.2893706487588366,0.6226432565398339,0.6848854344837427,0.4496722245241296,0.7510398391803541,0,0,0.12737090865951928,0.4029683930600127,0.58044318485209,0.18488543448374273,0,0,✅ Stable performance.
2025-08-19 10:19:20,0.199313111213558,0.31754858384723267,0.5233816710196894,0.43231113823859335,0.622659443414864,0.35532905366369527,0,0,0.13797339763277122,0.3973228305465975,0.5805457596432895,0.06768886176140665,0,0,✅ Stable performance.
2025-08-19 10:19:21,0.7680974988846014,0.33914102767603,0.6206571260381504,0.6766026287321152,0.5674564964497617,0.5490543869073634,0,0,0.14761687809382895,0.39681266322254477,0.5826409827605444,0.17660262873211519,0,0,✅ Stable performance.
2025-08-19 10:19:22,0.33328425545610063,0.3471022291935985,0.6211458685230207,0.44854519096587664,0.3483494008139698,0.6151576464568922,0,0,0.14700117688663017,0.3980135402897591,0.5829792304951433,0.05145480903412336,0,0,✅ Stable performance.
2025-08-19 10:19:23,0.3042088780393999,0.2943442357239747,0.6070922603540471,0.6951928447388522,0.471407810572384,0.5588149741054689,0,0,0.15019576373576157,0.39130734628643243,0.5831512687402383,0.19519284473885223,0,0,✅ Stable performance.
2025-08-19 10:19:24,0.6215274544246145,0.5223083067095325,0.5384942492852189,0.4739445482763207,0.65347629114002,0.2114541333757337,0,0,0.15246535131061395,0.3924641338683175,0.5821749606559393,0.02605545172367929,0,0,✅ Stable performance.
2025-08-19 10:19:25,0.7906526012955732,0.37411455996301685,0.6010266034765688,0.5819564584526518,0.5805788148036424,0.6470392942523078,0,0,0.16195575769034887,0.3866923836145815,0.5828236523073541,0.08195645845265176,0,0,✅ Stable performance.
2025-08-19 10:19:26,0.6668215637819124,0.43525049683568795,0.5297299033814018,0.6957153994580434,0.6106565946789471,0.7959817255674952,0,0,0.16390990478802558,0.3898806689290018,0.5809988451532887,0.1957153994580434,0,0,✅ Stable performance.
2025-08-19 10:19:27,0.5708404278330392,0.34296486335863197,0.5765780684847684,0.448526909362128,0.5849119432203884,0.5908076368585502,0,0,0.1615066844568142,0.3887446598921574,0.5815251598076522,0.05147309063787198,0,0,✅ Stable performance.
2025-08-19 10:19:28,0.575701189418492,0.2179396699451483,0.6410204049088003,0.5095361317782237,0.7572854383364032,0.4229196510466169,0,0,0.16199886365265354,0.38814092943208045,0.581920464982232,0.009536131778223655,0,0,✅ Stable performance.
2025-08-19 10:19:29,0.607546692525267,0.42700573583914225,0.6297183648360275,0.6681232564856692,0.5645518291325935,0.4986862113652968,0,0,0.16297694603678275,0.3903493576469214,0.5829501876220721,0.16812325648566917,0,0,✅ Stable performance.
2025-08-19 10:19:30,0.5975465632825054,0.20877450245802232,0.5909759342309684,0.45747858702379984,0.47832192275020935,0.8326344527757752,0,0,0.16349763780184906,0.3806532726935907,0.5838033176662114,0.04252141297620016,0,0,✅ Stable performance.
2025-08-19 10:19:31,0.5421342927635284,0.3931365953914532,0.541809976929261,0.28149687913952004,0.40489117440498257,0.7068465004738886,0,0,0.16182152781430167,0.3819794771373998,0.5828307222183006,0.21850312086047996,0,0,✅ Stable performance.
2025-08-19 10:19:32,0.5223468654801366,0.263168496116719,0.6231632099555692,0.7946617122438155,0.5664323838934786,0.6673620349342815,0,0,0.16163063597333432,0.3752834943572877,0.5833608671676654,0.29466171224381554,0,0,✅ Stable performance.
2025-08-19 10:19:33,0.5037608872725061,0.5987275999230808,0.5921864048532172,0.4075885527872658,0.1935048641568886,0.6258768243596566,0,0,0.16160823210910413,0.38254275804138305,0.5834130595211477,0.0924114472127342,0,0,✅ Stable performance.
2025-08-19 10:19:34,0.4230184893302755,0.4911362722174722,0.47553508167825104,0.5007017162876859,0.5062859815704726,0.47703629388434177,0,0,0.16203774907134533,0.3845004436878936,0.5817452497923653,0.000701716287685894,0,0,✅ Stable performance.
2025-08-19 10:19:35,0.48025345988774615,0.4105753791271481,0.6310158715270545,0.6484409827648814,0.5032986315326822,0.544404873381279,0,0,0.16202734880532216,0.38867859429151747,0.5827625375038495,0.14844098276488138,0,0,✅ Stable performance.
2025-08-19 10:19:36,0.3140867987040308,0.5263706677654669,0.5910062571392003,0.38703626108207656,0.3426908112515812,0.5623450876912777,0,0,0.16324562520532052,0.39260691838491996,0.5810855521030224,0.11296373891792344,0,0,✅ Stable performance.
2025-08-19 10:19:37,0.5041579278613872,0.31536840225342644,0.6526739798532949,0.3278703682594766,0.4031569450161703,0.654131262308077,0,0,0.15912733760306122,0.3997563183630366,0.5814342328934679,0.17212963174052343,0,0,✅ Stable performance.
2025-08-19 10:19:38,0.39982486941752216,0.45434793786700933,0.5381214101334575,0.5147728628265638,0.6440654703343593,0.7944579279521422,0,0,0.15729704270181005,0.40219090348581016,0.5802526703367339,0.01477286282656376,0,0,✅ Stable performance.
2025-08-19 10:19:39,0.3873332017022608,0.41998104337187137,0.434383264037254,0.21154441828642145,0.5638128096813677,0.73732632309779,0,0,0.1571409820196951,0.4082918490772564,0.5778457698153576,0.28845558171357855,0,0,✅ Stable performance.
2025-08-19 10:19:40,0.5405203003979486,0.42640200813336704,0.6075061662357697,0.4345302505597619,0.5459416247760336,0.3661248342831731,0,0,0.15524557888522256,0.40515193429321256,0.5775725606516043,0.06546974944023809,0,0,✅ Stable performance.
2025-08-19 10:19:41,0.6852434669008776,0.5272353500106768,0.6084636757740653,0.513484190194978,0.5742973372032774,0.6065076396514337,0,0,0.14952968253498805,0.4068017547843534,0.5777173866899694,0.01348419019497804,1,1,⚠ Performance drop predicted — monitor closely.
2025-08-19 10:19:42,0.6302329603645003,0.4732492102779803,0.5096854291811005,0.43719010089274013,0.5446717749132111,0.681512052168229,0,0,0.1493367118241853,0.40768782518706576,0.5766201749944421,0.06280989910725987,0,0,✅ Stable performance.
2025-08-19 10:19:43,0.3364700778953078,0.42887236628250236,0.5456275518895491,0.24852557516985385,0.7041157507229636,0.6642659683902845,0,0,0.14903922075515605,0.4035802166392847,0.5763912475987313,0.25147442483014615,0,0,✅ Stable performance.
2025-08-19 10:19:44,0.40638320019115226,0.2345112563771704,0.732646934990331,0.7133545594470685,0.5489414490899307,0.4817029075935375,0,0,0.14766727046633776,0.4012269802546064,0.5790882121213397,0.2133545594470685,0,0,✅ Stable performance.
2025-08-19 10:19:45,0.6361744391174766,0.30399537047205366,0.579939035718102,0.49252137380804495,0.3296963892474234,1.0,0,0,0.14832847223233134,0.3922022819439564,0.5818090766775662,0.007478626191955051,0,0,✅ Stable performance.
2025-08-19 10:19:46,0.4093919204755978,0.3877291066404276,0.6321010338660594,0.6892028393667236,0.7577982205016487,0.38693951963448536,0,0,0.14831540998584894,0.3886859469511027,0.5825762270799214,0.18920283936672355,0,0,✅ Stable performance.
2025-08-19 10:19:47,0.5002480311529329,0.40933723742766515,0.5633536123002858,0.4386590700111763,0.5831679210911713,0.41530137835640213,0,0,0.14128191362231948,0.3897857058227547,0.5827745925786628,0.06134092998882368,0,0,✅ Stable performance.
2025-08-19 10:19:48,0.5930895845926105,0.28697962753260764,0.49170497734750346,0.34681178698464876,0.4501503328926333,0.6079118814514817,0,0,0.14092379203795266,0.3822329595832318,0.5800389671191725,0.15318821301535124,0,0,✅ Stable performance.
2025-08-19 10:19:49,0.4142475652866022,0.6411676675578422,0.5880407285718224,0.5170607827961042,0.35808706063699747,0.8833752568312783,0,0,0.14167774751760054,0.39395952687653196,0.5802144838092891,0.017060782796104235,0,0,✅ Stable performance.
2025-08-19 10:19:50,0.5424998687323925,0.5516394055253573,0.5836069315187687,0.44521442628654295,0.5867129470491368,0.4514299900609793,0,0,0.12912465109905957,0.40176255426580276,0.5813174681467862,0.05478557371345705,0,0,✅ Stable performance.
2025-08-19 10:19:51,0.3729990141442636,0.46021183203924837,0.5772267662211118,0.3027012209885247,0.515589646523233,0.5348594781320613,0,0,0.12297700390705125,0.40579824774457673,0.5813593216977924,0.1972987790114753,0,0,✅ Stable performance.
2025-08-19 10:19:52,0.460825536895596,0.4072036861283745,0.5918221550006671,0.6949260588580244,0.7500379099496759,0.731322606731531,0,0,0.11889839202899442,0.4078016296424026,0.5824690738605455,0.1949260588580244,0,0,✅ Stable performance.
2025-08-19 10:19:53,0.5709745083019813,0.3787791030098849,0.6111011289797249,0.3849953465415563,0.4838826800686462,0.571130357583362,0,0,0.11268675435185833,0.41061612521859964,0.5826283098619461,0.11500465345844368,0,0,✅ Stable performance.
2025-08-19 10:19:54,0.3453623815702902,0.30480815399777644,0.5907153864562091,0.20455338321684113,0.4157553043654372,0.5247994483447271,0,0,0.11537424168727786,0.4033661201282077,0.5825942748870748,0.29544661678315887,0,0,✅ Stable performance.
2025-08-19 10:19:55,0.5872753666463908,0.4077480518518863,0.5353544442429876,0.6739458064390176,0.65600589572511,0.6564802074677207,0,0,0.10376834313521659,0.40448723652450336,0.5810762553426515,0.17394580643901758,0,0,✅ Stable performance.
2025-08-19 10:19:56,0.5337495791698841,0.4257752540142751,0.6231975108399092,0.40247252531220123,0.6600931589984578,0.6136052706223292,0,0,0.09932825576863508,0.40417139509712297,0.5824739961168216,0.09752747468779877,0,0,✅ Stable performance.
2025-08-19 10:19:57,0.602509574192615,0.2758239424518376,0.5017532021171474,0.3871355209360283,0.5552100857363826,0.7244689795110288,0,0,0.10027299752185766,0.40193336440022975,0.5811546981953192,0.11286447906397168,0,0,✅ Stable performance.
2025-08-19 10:19:58,0.5645480628096777,0.43341764172448977,0.49703743564051495,0.21564642086576447,0.6255875424617692,0.7626507599464698,0,0,0.10000628376644083,0.4091159634595412,0.5809171037652274,0.28435357913423553,0,0,✅ Stable performance.
2025-08-19 10:19:59,0.70059412735115,0.38447409511752517,0.6368478518612597,0.735097074240572,0.5266077308583474,0.6186495216308707,0,0,0.10477036218728038,0.40769824210215394,0.5812820271473312,0.23509707424057202,0,0,✅ Stable performance.
2025-08-19 10:20:00,0.55475917137107,0.2092192442122609,0.6255733593544055,0.2861504143048563,0.564249922949958,0.6164158767131098,0,0,0.10373337033789476,0.4077130668272952,0.5816056700118669,0.21384958569514367,0,0,✅ Stable performance.
2025-08-19 10:20:01,0.48998532818310947,0.31396149892204983,0.5976860961153923,0.4858416411633488,0.6933212864787324,0.6050618745775951,0,0,0.103477155384483,0.4050738969449818,0.581478188311572,0.014158358836651175,0,0,✅ Stable performance.
2025-08-19 10:20:02,0.5562748835305158,0.3586394466578356,0.5311169577527968,0.6123841283537557,0.6185126268118122,0.6452899435468731,0,0,0.10390946593387311,0.408256261963019,0.5806474839862684,0.11238412835375566,0,0,✅ Stable performance.
2025-08-19 10:20:03,0.6070688774618627,0.588768765734019,0.565827354578303,0.5396584710966899,0.5083672795241281,0.5818131180048312,0,0,0.1056816464461211,0.4079243008233836,0.5800454327481723,0.03965847109668985,0,0,✅ Stable performance.
2025-08-19 10:20:04,0.5493949357807193,0.45565531245337587,0.5884190828491379,0.46834496843391893,0.7192944864006994,0.5736541122344383,0,0,0.10481616298036964,0.40674160216458044,0.5788230464896328,0.03165503156608107,0,0,✅ Stable performance.
2025-08-19 10:20:05,0.5493096540816813,0.2664518430900109,0.5220952404262138,0.2250865769191308,0.20401889763825043,0.7487779248848698,0,0,0.10491640858427777,0.4019374842966758,0.5780642320181458,0.2749134230808692,0,0,✅ Stable performance.
2025-08-19 10:20:06,0.4622149732903522,0.44860362894176375,0.5652720245752142,0.3572245871260895,0.8162874215845051,0.7955107000023345,0,0,0.0985999385949871,0.399345249669219,0.5776663557714911,0.1427754128739105,0,0,✅ Stable performance.
2025-08-19 10:20:07,0.46771888796430816,0.24526960110616347,0.6351734930066661,0.5050045280308746,0.2953541851981014,0.35322810836507335,0,0,0.09898036236347003,0.3970086229643103,0.5794485882574123,0.005004528030874589,0,0,✅ Stable performance.
2025-08-19 10:20:08,0.38094336590930666,0.5082691053887074,0.6742557629337493,0.36056540590627195,0.4449051302024234,0.5752089457519762,0,0,0.09979622900398986,0.39880599521503357,0.5816950788171085,0.13943459409372805,0,0,✅ Stable performance.
2025-08-19 10:20:09,0.7552512628991181,0.35288753481821217,0.5822522757078175,0.507309558704379,0.5261599352903912,0.47300538872934683,0,0,0.10602780900191836,0.3965695449299116,0.5815975574004383,0.007309558704378993,0,0,✅ Stable performance.
2025-08-19 10:20:10,0.40144013391232103,0.39063638112608295,0.6413819496780062,0.5781805036609629,0.511526919953968,0.5282562398780322,0,0,0.10842413974139474,0.3953773573630021,0.5816415383615731,0.07818050366096285,0,0,✅ Stable performance.
2025-08-19 10:20:11,0.46754323698082745,0.532579664754219,0.5081880470542843,0.6197740593993433,0.6713391687993129,0.6326205619966598,0,0,0.10434683128038648,0.3955555011877869,0.5805935742777495,0.11977405939934327,0,0,✅ Stable performance.
2025-08-19 10:20:12,0.46533829915659286,0.27128364314157505,0.6371971312607946,0.29552827481915456,0.3851960233303191,0.6716641942889121,0,0,0.10239126642167021,0.3888233156165733,0.5816732327078941,0.20447172518084544,0,0,✅ Stable performance.
2025-08-19 10:20:13,0.657284038390511,0.2602881814887009,0.5643606670901964,0.8026081465960928,0.5679790015506412,0.5573419924573726,0,0,0.10043252625837769,0.38320384279011327,0.5816758653541644,0.3026081465960928,0,0,✅ Stable performance.
2025-08-19 10:20:14,0.5171059585012747,0.34164006736539954,0.6202588872834253,0.5908819891468218,0.45168090867553135,0.2938721765075699,0,0,0.09811414290565404,0.3867748031563876,0.5827111358819145,0.09088198914682177,0,0,✅ Stable performance.
2025-08-19 10:20:15,0.7006591984020021,0.5038378851019317,0.5928375041574977,0.47692860461455133,0.5727439001589607,0.43258254598345913,0,0,0.1013135442556916,0.39343622031071684,0.5825923846084138,0.023071395385448668,0,0,✅ Stable performance.
2025-08-19 10:20:16,0.4738092087022363,0.24806539245231576,0.6715793441801312,0.6385936669334007,0.5228532264739445,0.7048772395923499,0,0,0.09942144707229635,0.38878076317111315,0.5852739629423388,0.1385936669334007,0,0,✅ Stable performance.
2025-08-19 10:20:17,0.5874134120738881,0.11678444018894313,0.5621703798954,0.827609617459335,0.5447144784190825,0.17289141998880697,0,0,0.09985013312570165,0.37902900326315575,0.5838113355429563,0.32760961745933503,0,0,✅ Stable performance.
2025-08-19 10:20:18,0.4561366236398654,0.35488411415910015,0.6376059958119438,0.2640410910355864,0.45560205019462385,0.7474322134236149,0,0,0.10004750998833899,0.3812924861507055,0.5852223779941552,0.23595890896441363,0,0,✅ Stable performance.
2025-08-19 10:20:19,0.8099870626939893,0.45517407999109205,0.5925838263904819,0.4438106609927992,0.46112751038555677,0.6499852393185503,0,0,0.11029949047887576,0.37509269989848054,0.5847213874916661,0.0561893390072008,0,0,✅ Stable performance.
2025-08-19 10:20:20,0.4158583755674974,0.5200261749738829,0.5989774442762817,0.12482603935016634,0.5716531844183406,0.7662647668578217,0,0,0.11258827321276862,0.3740389255467647,0.5859813170459426,0.37517396064983366,0,0,✅ Stable performance.
2025-08-19 10:20:21,0.5939754978691125,0.3536838637914601,0.5980335421402608,0.5057232159105811,0.6626484008539251,0.5446977119686249,0,0,0.10875508411347946,0.3704879932718384,0.5856042573143111,0.005723215910581114,0,0,✅ Stable performance.
2025-08-19 10:20:22,0.6330532150721391,0.3588573392883998,0.565276100194972,0.5313144571533526,0.44889921627558316,0.2722141812972304,0,0,0.10882196897978011,0.3688764483771726,0.5846730945088437,0.03131445715335257,0,0,✅ Stable performance.
2025-08-19 10:20:23,0.607675425254824,0.5153900734255747,0.6071883257458004,0.47138081722710634,0.4114045159642301,0.6366937563517643,0,0,0.10928765005242387,0.3734301473910289,0.5846746955987062,0.02861918277289366,1,1,⚠ Performance drop predicted — monitor closely.
2025-08-19 10:20:24,0.5373698236900044,0.21302583003045794,0.6050943815564993,0.3802156419271494,0.6168688639731448,0.7601910595529808,0,0,0.10230072702127024,0.3703707365921183,0.5857846978032275,0.1197843580728506,0,0,✅ Stable performance.
2025-08-19 10:20:25,0.5446003934600576,0.3611479224816991,0.6206223237043832,0.1735539886115336,0.527326222686173,0.7090053894103072,0,0,0.1021504291990765,0.36881739894644544,0.5861112931403578,0.3264460113884664,0,0,✅ Stable performance.
2025-08-19 10:20:26,0.5658179690425142,0.4190423889925058,0.6131190871901463,0.5325202875559056,0.6469543659136496,0.47680893059252205,0,0,0.10209047798830097,0.3685929701123864,0.5875011128705036,0.032520287555905636,0,0,✅ Stable performance.
2025-08-19 10:20:27,0.5438447387165917,0.4449218721285034,0.6491270760075712,0.6928001888165625,0.40627151466892997,0.5864339611034743,0,0,0.10172721268371446,0.3742295677682753,0.5887102629958837,0.19280018881656247,0,0,✅ Stable performance.
2025-08-19 10:20:28,0.6760780058063562,0.34901933068091173,0.6557362979507843,0.38962518890084175,0.2851685130723842,0.4958033041580938,0,0,0.10413916063036968,0.37141629073348936,0.5889555278799167,0.11037481109915825,0,0,✅ Stable performance.
2025-08-19 10:20:29,0.8243829289617459,0.40344410117058416,0.5573632196784821,0.5423759231861505,0.45794758116373924,0.4539061639908999,0,0,0.11214443024799826,0.37204862426859125,0.5877496087939577,0.042375923186150466,0,0,✅ Stable performance.
2025-08-19 10:20:30,0.49703472341123667,0.15116726465870106,0.6536665294208671,0.24486733687193896,0.42560113215482653,0.7134911238063064,0,0,0.11276190348333194,0.37011355828347264,0.5887944520471227,0.25513266312806104,0,0,✅ Stable performance.
2025-08-19 10:20:31,0.40137706244459936,0.3341751587666152,0.5512446016572922,0.544917101388291,0.5209103285610093,0.3985759038807821,0,0,0.11577438727623089,0.3707873469449582,0.5889516957925898,0.04491710138829097,0,0,✅ Stable performance.
2025-08-19 10:20:32,0.5537747696935325,0.44535087125544676,0.6402877360411281,0.41890430938326784,0.443553267505548,0.44300148130920713,0,0,0.11577572681830209,0.3736777277648785,0.5892371045606825,0.08109569061673216,0,0,✅ Stable performance.
2025-08-19 10:20:33,0.8704224993386058,0.3017705965745321,0.642215399490841,0.3642329402759952,0.6345506085657915,0.4122534506228508,0,0,0.1289541842792695,0.3641111221262289,0.5900709211379761,0.13576705972400482,0,0,✅ Stable performance.
2025-08-19 10:20:34,0.470115082271511,0.40589842215895977,0.5159961342940288,0.3645372791816688,0.4918888777766539,0.3557594324884332,0,0,0.13010410469661696,0.36245255911641505,0.5907452720149059,0.13546272081833122,0,0,✅ Stable performance.
2025-08-19 10:20:35,0.7600553569159849,0.4446872500802698,0.6165444598250809,0.41887034170057413,0.5526904334059886,0.5951596443873972,0,0,0.13494351492291193,0.3683937393494237,0.5905040818198729,0.08112965829942587,0,0,✅ Stable performance.
2025-08-19 10:20:36,0.7651416745106221,0.3657450799142235,0.588804210452051,0.5338387376231886,0.5536829509395806,0.7436402047496424,0,0,0.13790568499608089,0.3656317877151724,0.5904673810417538,0.033838737623188564,0,0,✅ Stable performance.
2025-08-19 10:20:37,0.5012893418830273,0.4170463770996571,0.5746242718447544,0.2827900626642159,0.5588562715614707,0.5467005513855838,0,0,0.13709666993995973,0.3713576802482888,0.5891665525749448,0.2172099373357841,0,0,✅ Stable performance.
2025-08-19 10:20:38,0.6347748993135742,0.3037267434715388,0.6804386698979298,0.4183512731970427,0.5284871234271935,0.35349215306183945,0,0,0.13205405715546095,0.3645396015177165,0.5915385069043526,0.08164872680295732,0,0,✅ Stable performance.
2025-08-19 10:20:39,0.7607641546608332,0.37933887203039535,0.5805456149525648,0.4710386486231908,0.602610626271153,0.6966047241035715,0,0,0.13229610674398795,0.3654213127581227,0.5939745460862744,0.02896135137680922,0,0,✅ Stable performance.
2025-08-19 10:20:40,0.52338164363365,0.4610216169589223,0.5732442441499898,0.31436365048301607,0.4215392568692109,0.8203165712570926,0,0,0.12811643899673517,0.367767487285884,0.5934035140515115,0.18563634951698393,0,0,✅ Stable performance.
2025-08-19 10:20:41,0.5446266679368839,0.41569729609684347,0.6176813562276032,0.743352351939254,0.7258172379689705,0.4792150062982474,0,0,0.12625499798399878,0.3638714083306381,0.5935571420590704,0.24335235193925397,0,0,✅ Stable performance.
2025-08-19 10:20:42,0.5002639807747677,0.34134687304360645,0.6485096151637257,0.35074011595987775,0.49904338343755406,0.5037433212561693,0,0,0.12516073011452872,0.3662068493273725,0.5958708784921142,0.14925988404012225,0,0,✅ Stable performance.
2025-08-19 10:20:43,0.44937419752263197,0.4224216404290793,0.6074812171697549,0.37800776271594216,0.3500267460343953,0.6491705895930269,0,0,0.12747682482923087,0.3716112979587185,0.5969017729134509,0.12199223728405784,0,0,✅ Stable performance.
2025-08-19 10:20:44,0.49307999044723827,0.4714609790636618,0.6732156923751803,0.33224957568104063,0.5579023349486598,0.8109802269494588,0,0,0.12802921106834228,0.37593866168199386,0.5959112522031984,0.16775042431895937,0,0,✅ Stable performance.
2025-08-19 10:20:45,0.4253877143613902,0.1950058721422522,0.6417794668113785,0.743621221009958,0.41384241010695666,0.49770516988602465,0,0,0.12966906770697917,0.3656442612500045,0.5969419260547529,0.24362122100995798,0,0,✅ Stable performance.
2025-08-19 10:20:46,0.5748105195386479,0.5159074064955897,0.5066536363480588,0.5590935681545308,0.6240596169848502,0.3788410566789078,0,0,0.12809988672017905,0.37457232838478033,0.5948511360961197,0.05909356815453082,0,0,✅ Stable performance.
2025-08-19 10:20:47,0.47991253952668145,0.3663745261318928,0.5894243727807363,0.33842964996761316,0.8381243254670148,0.6661029110856291,0,0,0.12949884401921713,0.382891997916212,0.5952856487707938,0.16157035003238684,0,0,✅ Stable performance.
2025-08-19 10:20:48,0.5991829820226553,0.44254899332402303,0.5881391346099581,0.641066970464423,0.42279833558203217,0.6906255812683675,0,0,0.1273787908332278,0.38581416055504275,0.5968928847251681,0.14106697046442296,0,0,✅ Stable performance.
2025-08-19 10:20:49,0.38748402168768625,0.5197246923645228,0.6405328058704706,0.5069153753697697,0.5779048587612863,0.5746399856234343,1,0,0.12500858332601977,0.3879658476341571,0.5977677526801456,0.006915375369769716,0,0,✅ Stable performance.
2025-08-19 10:20:50,0.6113423013922759,0.2628326302769534,0.48565742400175027,0.5152937646146385,0.2884861189912442,0.4921030253830543,0,0,0.12168472818179614,0.37939272947759284,0.5961352608881952,0.015293764614638494,0,0,✅ Stable performance.
2025-08-19 10:20:51,0.6712007188255122,0.32905589975724536,0.7446822808777983,0.42614943096111046,0.5947515801593175,0.7191943499918614,0,0,0.1228525665057447,0.37857179734311897,0.5989261861324734,0.07385056903888954,0,0,✅ Stable performance.
2025-08-19 10:20:52,0.3365305630305997,0.3711451304124295,0.644116618808079,0.36615913669658795,0.4090554495844172,0.6509807786264223,0,0,0.1301686343012102,0.37898139038058665,0.5997977605292636,0.13384086330341205,0,0,✅ Stable performance.
2025-08-19 10:20:53,0.6173348866642432,0.3216246478875572,0.6253426728807094,0.5272214423323596,0.4452181596308047,0.46134138331274355,0,0,0.13027599682367727,0.3725225428626527,0.60003511959428,0.02722144233235957,0,0,✅ Stable performance.
2025-08-19 10:20:54,0.7187311423855391,0.5734936575836809,0.6773107371272387,0.396429742814302,0.37917306248458926,0.5809243740347134,0,0,0.13285876533735635,0.38453813711442675,0.6014783754387971,0.10357025718569801,0,0,✅ Stable performance.
2025-08-19 10:20:55,0.43021820177193915,0.3143227906173207,0.7357485725683689,0.7463286800819189,0.633321654031989,0.3760241585061912,0,0,0.13542920767771474,0.3829772993856142,0.6048182775775535,0.24632868008191888,0,0,✅ Stable performance.
2025-08-19 10:20:56,0.7719259290819365,0.34444532205131334,0.6624367207786142,0.28914141696850315,0.6714629992239391,0.6740706979255904,0,0,0.1402001136637964,0.3804907304875744,0.6054722644098652,0.21085858303149685,0,0,✅ Stable performance.
2025-08-19 10:20:57,0.6236307473890326,0.4204389031602977,0.6666735619942314,0.7047589196861161,0.5350734932292478,0.5353853014752872,0,0,0.1402513849121799,0.37967463152196756,0.6082209370744833,0.20475891968611615,0,0,✅ Stable performance.
2025-08-19 10:20:58,0.4906664062053989,0.27978504739239113,0.6261009270153258,0.4606910441055274,0.41200623707463446,0.5100101792978884,0,0,0.140068552792746,0.37736682207901684,0.6103719952640635,0.039308955894472586,0,0,✅ Stable performance.
2025-08-19 10:20:59,0.5677776932462886,0.36043192882437364,0.6128236567452157,0.5214910786193374,0.7521693443938693,0.5689344518603734,0,0,0.13199738978841918,0.37593308300080985,0.6099715920121295,0.02149107861933741,0,0,✅ Stable performance.
2025-08-19 10:21:00,0.6407104362267062,0.43174532612501754,0.5964436908347744,0.6006120226215046,0.42781105681520826,0.5796390643284457,0,0,0.1319507487320652,0.3852856850496871,0.6094860975368023,0.1006120226215046,0,0,✅ Stable performance.
2025-08-19 10:21:01,0.583729661713263,0.3667139595617489,0.5792613820707487,0.3838132743132916,0.2321339505003377,0.7046476474822105,0,0,0.12793453738403127,0.3863703117428582,0.6091790189693914,0.1161867256867084,0,0,✅ Stable performance.
2025-08-19 10:21:02,0.6387025701526219,0.3906613141100052,0.5865497952929574,0.6052179912943672,0.5953731155913635,0.6602039834033715,0,0,0.12830563812769852,0.3845473265046768,0.6101028995950609,0.10521799129436715,0,0,✅ Stable performance.
2025-08-19 10:21:03,0.46592898744207134,0.34706678875516295,0.5537062206822394,0.07606919382872457,0.37868953528725324,0.5508645882509267,0,0,0.1177034282589319,0.38605719957736456,0.6099008806967932,0.42393080617127543,0,0,✅ Stable performance.
2025-08-19 10:21:04,0.5951907454000618,0.24855296908192331,0.6177739649865938,0.37051856511822034,0.6688714460934415,0.6854475114372385,0,0,0.11632612901131684,0.3808123511414633,0.6103901287324174,0.12948143488177966,0,0,✅ Stable performance.
2025-08-19 10:21:05,0.4077389637320026,0.43215932113392386,0.537667677280982,0.3402858079093076,0.47899908869813945,0.6323603479134068,0,0,0.11446646733068908,0.38039475350991847,0.6106496693466635,0.15971419209069238,0,0,✅ Stable performance.
2025-08-19 10:21:06,0.5621421993016333,0.5754933071647241,0.6317804009709432,0.2914799244597921,0.6155177587397169,0.5113429056170962,0,0,0.1077463611506041,0.3873863610849352,0.6117581422865922,0.2085200755402079,0,0,✅ Stable performance.
2025-08-19 10:21:07,0.46830377137208834,0.40184016307834386,0.620751562983097,0.4453377269425287,0.7261059001250771,0.5555001585968025,0,0,0.10846443593735533,0.3868794872842247,0.6115177767861996,0.05466227305747129,0,0,✅ Stable performance.
2025-08-19 10:21:08,0.48831303557510264,0.42252641172475497,0.6302483769260048,0.5343300883396602,0.3642615291922606,0.5520620399605651,0,0,0.10792810208803087,0.39083947622599857,0.6107843203527371,0.034330088339660225,0,0,✅ Stable performance.
2025-08-19 10:21:09,0.7219487036094565,0.469272275511686,0.5971285521271272,0.58127922484476,0.4533824476100099,0.6476494497542242,0,0,0.10548983871695253,0.39383725634204153,0.611032258293059,0.08127922484476002,0,0,✅ Stable performance.
2025-08-19 10:21:10,0.7048267139553304,0.27306695034533013,0.7774116677586084,0.5128676178982041,0.5213424481618767,0.5200574436205327,0,0,0.10926339821091811,0.3875721007882552,0.6132994202610689,0.01286761789820412,0,0,✅ Stable performance.
2025-08-19 10:21:11,0.6477176417592498,0.5702514658129606,0.6919079628800552,0.3785623418364428,0.7449650971052866,0.5166366084982301,0,0,0.11062420718757725,0.3927239064454591,0.6163614188581652,0.12143765816355723,0,0,✅ Stable performance.
2025-08-19 10:21:12,0.44613882419911555,0.42023287964228023,0.5620085614882598,0.5318510730805546,0.4405677686387266,0.8617200911014358,0,0,0.11199411988878015,0.3953534399987482,0.6151082760286228,0.03185107308055457,0,0,✅ Stable performance.
2025-08-19 10:21:13,0.5380521283042092,0.5631856899089109,0.6362126094852972,0.49559505099321255,0.4494225900094255,0.7112014920128571,1,0,0.11029483303752935,0.40004557498140925,0.6163058084018745,0.004404949006787451,1,1,⚠ Performance drop predicted — monitor closely.
2025-08-19 10:21:14,0.7192344096082521,0.3266967004476011,0.5945024165885425,0.6158560686501442,0.5981110502014451,0.46248741441468644,0,0,0.11346169381601354,0.39522009902754063,0.6158765338902933,0.1158560686501442,0,0,✅ Stable performance.
2025-08-19 10:21:15,0.5922597614688319,0.5818061922557825,0.5745122560214944,0.5922830644267445,0.45181722240793043,0.6572566405408848,0,0,0.11045756655418579,0.4081134430313249,0.6155711130880266,0.0922830644267445,0,0,✅ Stable performance.
2025-08-19 10:21:16,0.8501977385405886,0.47751554940347835,0.5585661574221247,0.4816975270447772,0.5529747934261002,0.5910545924860864,0,0,0.12173374915638999,0.40683371446158795,0.613687559975393,0.018302472955222804,0,0,✅ Stable performance.
2025-08-19 10:21:17,0.6219407079078205,0.4553040085852359,0.6475141141377405,0.34425758820923713,0.31675990331526904,0.6310166682951246,0,0,0.12049327637052992,0.409798030543366,0.6151099555460987,0.15574241179076287,0,0,✅ Stable performance.
2025-08-19 10:21:18,0.5980094516473538,0.4234024454353148,0.5921677864677555,0.38045021946547797,0.8387792105962628,0.5938325099307302,0,0,0.1204883576493846,0.40915981228040904,0.6143526520570289,0.11954978053452203,0,0,✅ Stable performance.
2025-08-19 10:21:19,0.5385330539513551,0.3751471381925551,0.6749616180439507,0.3957331383987639,0.3450142842110471,0.7477562814021357,0,0,0.11502847116592498,0.40434056047467676,0.6157256152512534,0.1042668616012361,0,0,✅ Stable performance.
2025-08-19 10:21:20,0.5908622891654605,0.5200531658473873,0.6765929461906688,0.4304769221066058,0.4872309539634001,0.6242982060699556,0,0,0.11495183993114584,0.41291457832702455,0.6170192069498266,0.06952307789339418,1,1,⚠ Performance drop predicted — monitor closely.
2025-08-19 10:21:21,0.5568473707784181,0.4140359869848047,0.6959330733461757,0.5168933041763424,0.527329391121675,0.5646611873821745,0,0,0.11399952545447134,0.41574724790127654,0.6186508658032586,0.016893304176342383,0,0,✅ Stable performance.
2025-08-19 10:21:22,0.6586610259024488,0.2032930296412848,0.5849515344033545,0.5831331891395086,0.7969660417925515,0.726187954874449,0,0,0.10462598592862715,0.41015217787557173,0.6189787897067315,0.08313318913950862,0,0,✅ Stable performance.
2025-08-19 10:21:23,0.6879547070101755,0.28828135382929976,0.6516726718631165,0.46960949117589834,0.3481835838314371,0.6078665307977329,0,0,0.10592731066783045,0.40904073474029645,0.6197201954753535,0.03039050882410166,0,0,✅ Stable performance.
2025-08-19 10:21:24,0.4813146286501462,0.3814154247807253,0.6598606207820874,0.4795713827620758,0.8068101813049036,0.5915122110542759,1,0,0.10543022158219223,0.4026381269801979,0.6206329661291132,0.020428617237924218,0,0,✅ Stable performance.
2025-08-19 10:21:25,0.4165287494630816,0.43099989831655555,0.6048625198162304,0.4984128892970614,0.636790667284397,0.6196762945058647,0,0,0.10617107532657898,0.4065273639035058,0.6203703027309773,0.001587110702938599,0,0,✅ Stable performance.
2025-08-19 10:21:26,0.3564995384551579,0.39434115111001045,0.5903163493232413,0.40075294393520133,0.58964904221421,0.560050599873674,0,0,0.1085800008708073,0.4081905582054624,0.6199902570998623,0.09924705606479867,0,0,✅ Stable performance.
2025-08-19 10:21:27,0.6340136055119412,0.5218970789793663,0.7097144991031401,0.34008885439654657,0.3953433121092247,0.5750927813922415,0,0,0.10875562145330257,0.41157249739943136,0.6210000474847883,0.15991114560345343,0,0,✅ Stable performance.
2025-08-19 10:21:28,0.44287554357740366,0.20488981359613753,0.6409467782224004,0.21712043334919695,0.6110026735135055,0.4879252605103994,0,0,0.11038185318717278,0.40907598960622293,0.6207535554893154,0.28287956665080305,0,0,✅ Stable performance.
2025-08-19 10:21:29,0.3182868350711552,0.41435879365051603,0.6617038905928411,0.3741985520612894,0.43154315575756774,0.46386727717158927,0,0,0.11986562091200124,0.41087355176709434,0.6224925666712213,0.12580144793871062,0,0,✅ Stable performance.
2025-08-19 10:21:30,0.619129727264977,0.21820207746128453,0.5891352210873141,0.5472774303822079,0.7074146921476832,0.42767875610849604,0,0,0.1194645288437538,0.40375544347830317,0.6214170448656621,0.047277430382207886,0,0,✅ Stable performance.
2025-08-19 10:21:31,0.8681786135108929,0.47597122954841686,0.5696083169740571,0.37304862647715176,0.39722459649262243,0.37013288387773313,0,0,0.1316624678302498,0.4073973524778588,0.6217231067876082,0.12695137352284824,0,0,✅ Stable performance.
2025-08-19 10:21:32,0.571810643034768,0.39055412855579974,0.6024335701970177,0.4419522518109642,0.5161459937809236,0.4450638011618038,0,0,0.1311036980252093,0.40739377962605194,0.6210922040235397,0.0580477481890358,0,0,✅ Stable performance.
2025-08-19 10:21:33,0.6715680618523261,0.44196099720241183,0.6250385081735798,0.5462827496870264,0.4548606824332939,0.5482524722640605,0,0,0.13072489547472127,0.4105569199076269,0.6208059225015854,0.04628274968702639,0,0,✅ Stable performance.
2025-08-19 10:21:34,0.5816049800978333,0.3136117039410234,0.5783620958236685,0.5543209176768378,0.39494280476205157,0.588826484226717,0,0,0.1306910075491311,0.4127255444029302,0.6218453551937458,0.05432091767683778,0,0,✅ Stable performance.
2025-08-19 10:21:35,0.5598629718982178,0.5279464931657751,0.6314143743534731,0.3172534527969546,0.6345925913709611,0.5340596258789878,0,0,0.126719185508737,0.41591845013732526,0.6220931871025525,0.1827465472030454,0,0,✅ Stable performance.
2025-08-19 10:21:36,0.680122054375538,0.5041724664058852,0.5478148740040236,0.6248934822722059,0.6060564156318784,0.22916618033878955,0,0,0.12784995506265626,0.41354108877869733,0.6214100314950853,0.12489348227220587,0,0,✅ Stable performance.
2025-08-19 10:21:37,0.5364837326588072,0.4583544303011888,0.5765712809054114,0.6441956084883675,0.6994231830149276,0.8040633360640894,0,0,0.1262499847455469,0.41542489768612545,0.6214424816460963,0.14419560848836754,0,0,✅ Stable performance.
2025-08-19 10:21:38,0.6021802931504299,0.38704827531365593,0.6664527330642052,0.3097991606864432,0.28510805002014283,0.7326663406820964,0,0,0.12479090384615563,0.41424229313908884,0.6212093826988677,0.1902008393135568,0,0,✅ Stable performance.
2025-08-19 10:21:39,0.6082266692854748,0.45798572852951325,0.6634302152857124,0.3551339375999607,0.6793457330246584,0.6389459597289531,0,0,0.12246921839147763,0.4138660749063498,0.62259079270442,0.1448660624000393,0,0,✅ Stable performance.
2025-08-19 10:21:40,0.490559179668723,0.32931074320126513,0.6139803696239308,0.6536385593340595,0.8791337171753617,0.8527584071934475,0,0,0.1217876071875807,0.4157408680015475,0.6232697281289856,0.15363855933405945,0,0,✅ Stable performance.
2025-08-19 10:21:41,0.6868294207851682,0.4855555659020712,0.5830195110608828,0.45542670398287743,0.4692260062810245,0.4307806707770696,0,0,0.12271173546926524,0.41291767133785123,0.6226920307095404,0.044573296017122566,0,0,✅ Stable performance.
2025-08-19 10:21:42,0.5481385795544542,0.5649480894323922,0.5828710675598863,0.14833004392222637,0.7945347375616771,0.8498526038705629,0,0,0.1201418782515892,0.4177415116641884,0.6215980549161432,0.3516699560777736,0,0,✅ Stable performance.
2025-08-19 10:21:43,0.4788864443267853,0.5070610559979186,0.6159113514605775,0.26982452548843305,0.4953528169384871,0.43255789946242773,0,0,0.12146095591508205,0.4158706905338219,0.6217385571543235,0.23017547451156695,0,0,✅ Stable performance.
2025-08-19 10:21:44,0.6315306024186209,0.3270397530192591,0.6671342069613642,0.4402392940042317,0.34159033417764517,0.6086641431216093,0,0,0.11916706363359782,0.4158821256195438,0.6216371990640932,0.059760705995768326,0,0,✅ Stable performance.
2025-08-19 10:21:45,0.4610498264539207,0.4361417317273103,0.6816540855677722,0.30488176198157646,0.48946552225076667,0.38741450430501123,0,0,0.12119331118106787,0.4110266436019281,0.6223017760433665,0.19511823801842354,0,0,✅ Stable performance.
2025-08-19 10:21:46,0.5703511664969279,0.2706858456241352,0.6107487328479139,0.4159352337575557,0.6771324464255355,0.575892473482917,0,0,0.10977488510104474,0.4041323201426167,0.6240366943183641,0.0840647662424443,0,0,✅ Stable performance.
2025-08-19 10:21:47,0.5654342069489362,0.4572390311175676,0.5782342169442295,0.4819819388099802,0.41564500655476655,0.630229032837675,0,0,0.10931833174713858,0.40419682089369435,0.6238501917210889,0.018018061190019807,0,0,✅ Stable performance.
2025-08-19 10:21:48,0.6946556706939908,0.44506034128625394,0.6496345387582417,0.6938105662733633,0.4486137555287488,0.5511160246990803,0,0,0.11166026498094564,0.40491875075539235,0.6248751151235602,0.19381056627336335,0,0,✅ Stable performance.
2025-08-19 10:21:49,0.6217187664905057,0.2130183660467836,0.5953991269550889,0.4341527968774668,0.6141074795602006,0.6781644518779146,0,0,0.11187687612544531,0.39951445835053334,0.6241228871416371,0.06584720312253323,0,0,✅ Stable performance.
2025-08-19 10:21:50,0.5619752213430096,0.2838216156087636,0.6109967621647776,0.6360759479145401,0.5322560563648091,0.5882263047085063,0,0,0.11184278790617319,0.39164007334257916,0.626211876111021,0.13607594791454014,0,0,✅ Stable performance.
2025-08-19 10:21:51,0.6612743601071809,0.3716861103256233,0.703506717251146,0.6888484793114951,0.612871489504621,0.4973276990926916,0,0,0.11297076974997085,0.3902284107872731,0.6255256167172435,0.18884847931149507,0,0,✅ Stable performance.
2025-08-19 10:21:52,0.7285300517670865,0.3699140252859174,0.6789322027790389,0.6896706198294877,0.5647994680857273,0.4908333631107651,0,0,0.11543569100544716,0.39578244397542756,0.6261058764500927,0.18967061982948774,0,0,✅ Stable performance.
2025-08-19 10:21:53,0.6293331150406458,0.2790523064581195,0.6458086655847795,0.5193679691762654,0.5983168633534603,0.6923582928999257,0,0,0.1139960053213847,0.3954748090630549,0.6264469763284939,0.019367969176265376,0,0,✅ Stable performance.
2025-08-19 10:21:54,0.5638815127832413,0.4388978729352184,0.5746475185380272,0.18632798186374755,0.4719068768439443,0.47811799828616897,0,0,0.11262045575175887,0.3973908906682046,0.6247359226853405,0.31367201813625245,0,0,✅ Stable performance.
2025-08-19 10:21:55,0.4066299280575314,0.42514736089405125,0.6491468155886526,0.54545217745201,0.5639540887943104,0.7076422910231934,0,0,0.11312539834152235,0.3971958060874545,0.6232925600690119,0.04545217745201002,0,0,✅ Stable performance.
2025-08-19 10:21:56,0.43524348424789916,0.3805730868021481,0.6920433703759523,0.6324994063025833,0.4032807082819305,0.7525934205159555,0,0,0.10862345445157862,0.3967368706105257,0.6237860042289676,0.13249940630258328,0,0,✅ Stable performance.
2025-08-19 10:21:57,0.524641967073304,0.3244208499841637,0.6204623411697556,0.4651727363612581,0.7104327477628476,0.3296545408184298,0,0,0.10861864658346677,0.39015432964401897,0.6230158172152263,0.03482726363874189,0,0,✅ Stable performance.
2025-08-19 10:21:58,0.48794841923438015,0.5048707126416564,0.7071332475788246,0.7356366808884065,0.4439095862948981,0.7394601972008685,0,0,0.10699377395743542,0.40015369294553627,0.6243663558912846,0.2356366808884065,1,1,⚠ Performance drop predicted — monitor closely.
2025-08-19 10:21:59,0.5373537433999782,0.5655407113088295,0.7045483261768555,0.6045639503404763,0.6883111392252692,0.8751283061339796,0,0,0.09544870226844882,0.4051930902008134,0.6258951003818118,0.10456395034047627,1,1,⚠ Performance drop predicted — monitor closely.
2025-08-19 10:22:00,0.565548747891164,0.3516438516153463,0.7234312219295752,0.561370306771912,0.4994495945215198,0.6106045830454996,0,0,0.09531192033367011,0.40964114933928214,0.6280115592333918,0.06137030677191202,0,0,✅ Stable performance.
2025-08-19 10:22:01,0.6209120948823392,0.33878330828451797,0.6558402552704256,0.6381261353153374,0.5598326897462127,0.6613732429513519,0,0,0.07926470970269868,0.40506821863048553,0.6292878737867198,0.13812613531533735,0,0,✅ Stable performance.
2025-08-19 10:22:02,0.5491105953724043,0.44912076654119965,0.6702812025556149,0.5265701532659612,0.4632205681469368,0.7254294899533376,0,0,0.07941569612087158,0.40702043989666553,0.6306833972410975,0.02657015326596124,0,0,✅ Stable performance.
2025-08-19 10:22:03,0.614395989774086,0.3641970620253014,0.7119545006033251,0.1078812056867049,0.39099599066213475,0.5334473613818274,0,0,0.07769537968483352,0.4044283087240952,0.6333208685731155,0.3921187943132951,0,0,✅ Stable performance.
2025-08-19 10:22:04,0.563677930784094,0.3860602799336766,0.6639483516616758,0.4032368230398573,0.2899756038543586,0.6004058788680722,0,0,0.07769967776481664,0.4068432612571836,0.634090441684367,0.0967631769601427,0,0,✅ Stable performance.
2025-08-19 10:22:05,0.32126393294453903,0.47396531517246715,0.6168504680401727,0.6545388970656592,0.3855442970509375,0.38151058437606933,0,0,0.09027255469447931,0.4050438886574067,0.6354101548636868,0.15453889706565915,0,0,✅ Stable performance.
2025-08-19 10:22:06,0.4432780588127758,0.20906439124927073,0.6198185502247466,0.3575406572084914,0.4869320715502532,0.5940217445059939,0,0,0.090207585348463,0.3952069528188529,0.6352107906845835,0.14245934279150863,0,0,✅ Stable performance.
2025-08-19 10:22:07,0.5367412777057889,0.531830232485267,0.654506958361283,0.4440758637010762,0.5612022649315977,0.6466036898435905,0,0,0.0902055743460278,0.3976561462249888,0.6357733806075532,0.05592413629892379,1,1,⚠ Performance drop predicted — monitor closely.
2025-08-19 10:22:08,0.40972615906052434,0.4072680524329342,0.5783846581967415,0.32239362620683387,0.6718892453305876,0.6492440763402434,0,0,0.09366203453559631,0.3983301387956314,0.6349089852953989,0.17760637379316613,0,0,✅ Stable performance.
2025-08-19 10:22:09,0.6233445770621056,0.35885068554378197,0.6360833021472991,0.7414645783962595,0.47004158681979913,0.7295864942497545,0,0,0.09402259321524391,0.3950256373627737,0.6355582311290685,0.24146457839625945,0,0,✅ Stable performance.
2025-08-19 10:22:10,0.7328344903884119,0.3910765845778551,0.6984071224484778,0.7262899040060988,0.40957569016109296,0.46041010964708007,0,0,0.09891781030343522,0.3970844987419933,0.634241488707233,0.22628990400609883,0,0,✅ Stable performance.
2025-08-19 10:22:11,0.6950696364117681,0.3962429355020519,0.5343505926001575,0.34624039845564125,0.3318447459391387,0.4958368756915674,0,0,0.09929512894036284,0.3941074110619927,0.6316155325359013,0.15375960154435875,0,0,✅ Stable performance.
2025-08-19 10:22:12,0.5245747015063025,0.22687986965550747,0.7209709088696036,0.4990042453091159,0.5983776196627737,0.8510055643693311,0,0,0.09948098524901418,0.3828384704027632,0.6342649049922571,0.0009957546908840875,0,0,✅ Stable performance.
2025-08-19 10:22:13,0.7256528440406826,0.5494938227453237,0.7006990333364922,0.37636968613272215,0.7235683712076506,0.5517540633636435,0,0,0.10280080453877793,0.3842528959610101,0.6353396787231103,0.12363031386727785,0,0,✅ Stable performance.
2025-08-19 10:22:14,0.5658152048325167,0.40413256322706187,0.6219256102312668,0.5682844945071737,0.707368811432795,0.6030027543436567,0,0,0.10207422268253481,0.38682265630127016,0.6357967319504889,0.06828449450717367,0,0,✅ Stable performance.
2025-08-19 10:22:15,0.5074177961348401,0.44430021304473755,0.6724169010378375,0.5526903543399433,0.630241759461498,0.563941325362761,0,0,0.10079314699817511,0.3870946056785177,0.6374284760340948,0.05269035433994329,0,0,✅ Stable performance.
2025-08-19 10:22:16,0.47382242516525763,0.4951549770574043,0.6457382646110197,0.5974339533406465,0.6203458556344192,0.4535530068531577,0,0,0.10218970144418718,0.3945769100596267,0.638881344487243,0.09743395334064653,0,0,✅ Stable performance.
2025-08-19 10:22:17,0.5097909066555215,0.29788375424397,0.7074139153090938,0.5263551327963816,0.767154119439339,0.8112223772916258,0,0,0.10264906680138956,0.38926506749717343,0.6398796745067655,0.026355132796381575,0,0,✅ Stable performance.
2025-08-19 10:22:18,0.4987561697888492,0.44734718990352285,0.6953820726471132,0.9120529349427815,0.5778645385150769,0.49655439751703856,0,1,0.10006546627543408,0.38934129578441573,0.6415999126097548,0.4120529349427815,0,0,✅ Stable performance.
2025-08-19 10:22:19,0.5640446086005579,0.37323589091012066,0.576577897970922,0.32489916244940575,0.6213974661561412,0.4088511456387789,0,0,0.09928397601803625,0.3946818799465269,0.639960183941871,0.17510083755059425,0,0,✅ Stable performance.
2025-08-19 10:22:20,0.5619764687997886,0.4846770775216494,0.6762780734247376,0.22376251744932674,0.4873652535159416,0.5078117701550777,0,0,0.09928398001391546,0.4013770620102898,0.6399549360624388,0.27623748255067326,0,0,✅ Stable performance.
2025-08-19 10:22:21,0.542400524149748,0.18727725796485048,0.6369670786908228,0.41894758256064213,0.34302730554301686,0.2809466232812816,0,0,0.09715277989980706,0.3952301002649307,0.6389721694848496,0.08105241743935787,0,0,✅ Stable performance.
2025-08-19 10:22:22,0.5928830792576674,0.3900905699758731,0.6517236185203465,0.2448904548283597,0.43703768175691815,0.47847703601375424,0,0,0.09149067228880804,0.39590265175459594,0.640085037553466,0.2551095451716403,0,0,✅ Stable performance.
2025-08-19 10:22:23,0.6812457149621196,0.33971793442160386,0.611506913567407,0.25607937261492353,0.5305622540198107,0.43213158233148796,0,0,0.09362114320287629,0.39792483935337875,0.6394156082485376,0.24392062738507647,0,0,✅ Stable performance.
2025-08-19 10:22:24,0.6517382743254518,0.4432262950634156,0.7356558806933959,0.3288412111582337,0.5402578512017024,0.6640565487699153,0,0,0.09555397017818613,0.3980691200909854,0.6406788625803927,0.17115878884176627,0,0,✅ Stable performance.
2025-08-19 10:22:25,0.36236049181137053,0.44700441873682023,0.7005856368539394,0.3405634200645782,0.7988509389357783,0.4752404757950863,0,0,0.09813425748772173,0.3987976886857443,0.6422742478643547,0.15943657993542182,0,0,✅ Stable performance.
2025-08-19 10:22:26,0.23474302714356177,0.3292374105177974,0.6119275062816186,0.3357591455751634,0.5430983953964645,0.7036052842673703,0,0,0.11190142158355043,0.397086499476266,0.6426344338136609,0.1642408544248366,0,0,✅ Stable performance.
2025-08-19 10:22:27,0.6470413982632313,0.3287826135823957,0.5825190527562116,0.5539549147446743,0.6952415093225732,0.7783042311388184,0,0,0.11351291460206094,0.39723189159620703,0.6405145097078788,0.05395491474467429,0,0,✅ Stable performance.
2025-08-19 10:22:28,0.37342118514528577,0.3889334631442671,0.6302994701742872,0.4021923734263271,0.47152206384644435,0.6880083484626416,0,0,0.11735341107016549,0.39336731661296065,0.6403370545737435,0.09780762657367292,0,0,✅ Stable performance.
2025-08-19 10:22:29,0.5077406028841001,0.3103357772684792,0.6716417526492013,0.45058808065771316,0.4886277885201209,0.5422375234675558,0,0,0.1175098514517057,0.38486048547828233,0.6405026856080162,0.049411919342286836,0,0,✅ Stable performance.
2025-08-19 10:22:30,0.3947367598245315,0.4841983695452127,0.6622604311634036,0.6096600760350723,0.3476066730886638,0.5943844249333332,0,0,0.12033568508082097,0.3892789694092779,0.6417214391092844,0.10966007603507233,0,0,✅ Stable performance.
2025-08-19 10:22:31,0.31886332263490846,0.3630792799552554,0.713240298825961,0.36365449097315183,0.4289313883624333,0.3506782697970442,0,0,0.1253739748257794,0.3900888351316357,0.6441153054734827,0.13634550902684817,0,0,✅ Stable performance.
2025-08-19 10:22:32,0.595483032709242,0.10930117806783585,0.6904131623180477,0.4379909810146114,0.604881296302529,0.5541747432912316,0,0,0.12597506539658965,0.37876151551585696,0.6455816320088332,0.062009018985388575,0,0,✅ Stable performance.
2025-08-19 10:22:33,0.620243439189516,0.3625177943378194,0.6997291461181069,0.5313686409002085,0.5328798489431001,0.44788379189094596,0,0,0.12612126653606842,0.37870553992627426,0.6468264759745754,0.03136864090020852,0,0,✅ Stable performance.
2025-08-19 10:22:34,0.4609593862285948,0.2961456179156028,0.6679269834824397,0.18954592512236257,0.662540710014417,0.6753046499520774,0,0,0.12645761258000104,0.37570838452567185,0.6483192241022216,0.31045407487763743,0,0,✅ Stable performance.
2025-08-19 10:22:35,0.22123714582993892,0.23687241845390547,0.5824527955628247,0.12386696076329784,0.5569570379867144,0.9500685506028599,0,0,0.13309368598591217,0.3678052879683864,0.6475031977890441,0.37613303923670216,0,0,✅ Stable performance.
2025-08-19 10:22:36,0.4624386562163816,0.2762573361777428,0.6424663241374855,0.5284586484403593,0.4829752201208839,0.6468537648763868,0,0,0.13276202952749033,0.37004505279933547,0.6490807219579351,0.02845864844035928,0,0,✅ Stable performance.
2025-08-19 10:22:37,0.5725084300966139,0.41094084718329704,0.7055892563117202,0.5500727825762337,0.8296257968645873,0.2824921272875689,0,0,0.1330786735188353,0.3660154066226032,0.6512310215480402,0.05007278257623371,0,0,✅ Stable performance.
2025-08-19 10:22:38,0.34979896755310746,0.5328640828248231,0.650342141511511,0.7829896996993395,0.5188150848634945,0.5209047212897735,0,0,0.13524023985622813,0.37020194096899944,0.6509625116888287,0.2829896996993395,0,0,✅ Stable performance.
2025-08-19 10:22:39,0.5456547553706197,0.43131844738649805,0.678406324990387,0.50060376546354,0.6930454475200727,0.5916602904287325,0,0,0.13391254105283382,0.37261753303042333,0.65121211351724,0.000603765463540018,0,0,✅ Stable performance.
2025-08-19 10:22:40,0.5210256823000916,0.339349661178426,0.6376479094183494,0.5986241845245659,0.4762168038570529,0.586521191260978,0,0,0.12754613869534545,0.37089330225044237,0.6516065725138136,0.0986241845245659,0,0,✅ Stable performance.
2025-08-19 10:22:41,0.5903719517347599,0.4455904195170703,0.6024282513750201,0.44822394738734417,0.6301955622080215,0.4668445412435873,0,0,0.12366535028594129,0.3725382183842763,0.6519300515190493,0.05177605261265583,0,0,✅ Stable performance.
2025-08-19 10:22:42,0.5347996615253188,0.35409096897810083,0.6480851592212632,0.5212157463618903,0.66047210990746,0.6096227927624593,0,0,0.1237325002757636,0.37677858836169614,0.6530169530467388,0.021215746361890275,0,0,✅ Stable performance.
2025-08-19 10:22:43,0.4042316273453721,0.33053996308368555,0.6700382531966578,0.7241809462600033,0.5607327348246343,0.39199820134577545,0,0,0.11786025884271954,0.3694801263729748,0.6539190680756735,0.2241809462600033,0,0,✅ Stable performance.
2025-08-19 10:22:44,0.6601584288466873,0.2845637331767016,0.6221350136934093,0.16252028304904842,0.20545671227447393,0.4355280341725962,0,0,0.12101519099856191,0.36549449870462947,0.6531690815212076,0.3374797169509516,0,0,✅ Stable performance.
2025-08-19 10:22:45,0.4984809030577202,0.2248171193248281,0.6434673560451044,0.5384583837525567,0.534361998020914,0.6682061825577013,0,0,0.12100406597286771,0.3581783955806325,0.6525326360291631,0.038458383752556724,0,0,✅ Stable performance.
2025-08-19 10:22:46,0.5128896884359091,0.3610076293440555,0.6086132748100951,0.7935624165608495,0.7023965312934943,0.42517852635251785,0,0,0.12094029044933469,0.35370681732352083,0.652497045061866,0.29356241656084947,0,0,✅ Stable performance.
2025-08-19 10:22:47,0.40440939182662006,0.4158053489920132,0.7118822014090553,0.5189649550513526,0.604950528212814,0.6524691991417213,0,0,0.12216235042866085,0.35763753714845564,0.6547245114696133,0.01896495505135265,0,0,✅ Stable performance.
2025-08-19 10:22:48,0.46130819897696784,0.39033763299851104,0.6415306862729052,0.7217092867510586,0.5936334333337365,0.3734268911848897,0,0,0.12232676977061438,0.3557372185849552,0.6545894472615242,0.2217092867510586,0,0,✅ Stable performance.
2025-08-19 10:22:49,0.40783900646079463,0.35840330720526414,0.7292247700300725,0.3839669238662333,0.29309500136645017,0.8318903327115632,0,0,0.12260948317310551,0.35524279912812673,0.6568198746461074,0.11603307613376668,0,0,✅ Stable performance.
2025-08-19 10:22:50,0.49101027824801724,0.3054253939303219,0.7333579039222651,0.47243482402290615,0.43196338525293054,0.4604879645427711,0,0,0.12185050792686428,0.34926774300841584,0.6588592270087321,0.027565175977093848,0,0,✅ Stable performance.
2025-08-19 10:22:51,0.7131230506428012,0.4608246191684969,0.6532017317805888,0.4821491205498667,0.5888536911362219,0.5410266302503579,0,0,0.12832244929919626,0.3583859883818707,0.6580208105842228,0.017850879450133306,0,0,✅ Stable performance.
2025-08-19 10:22:52,0.3466099195795247,0.26828680800534155,0.607165112010765,0.1486540209466134,0.5887186274865153,0.6221030678005464,0,0,0.12958949769639566,0.3543258629828529,0.6568246924047517,0.3513459790533866,0,0,✅ Stable performance.
2025-08-19 10:22:53,0.31679272137216574,0.4776027913843476,0.5536261733729219,0.3041210029981398,0.7002072904545198,0.4910474146392867,0,0,0.12761441985270733,0.35892202488161107,0.655288317534554,0.19587899700186018,0,0,✅ Stable performance.
2025-08-19 10:22:54,0.681066353122348,0.29977829810732753,0.5846527322297056,0.31468426118083004,0.511750638691999,0.5947196053900623,0,0,0.12913624636087437,0.35414042498307474,0.6554550710960819,0.18531573881916996,0,0,✅ Stable performance.
2025-08-19 10:22:55,0.4807696722915624,0.3247564762646965,0.5898963632575684,0.5989688269123423,0.5880866388807449,0.6579025447993363,0,0,0.12741357139837925,0.35006549356733735,0.6544675635572307,0.09896882691234232,0,0,✅ Stable performance.
2025-08-19 10:22:56,0.42509579344123805,0.2533214809384323,0.7278451044970331,0.6063890486578947,0.5341016419203375,0.7142553531763611,0,0,0.11938627708897788,0.34753496258135846,0.6550642591259151,0.10638904865789467,0,0,✅ Stable performance.
2025-08-19 10:22:57,0.6263577851743916,0.34985978531143636,0.6650463711067616,0.5251874407281583,0.3950232348745395,0.6895181978579508,0,0,0.11846846568380914,0.34823753497232646,0.6558073262915319,0.02518744072815826,0,0,✅ Stable performance.
2025-08-19 10:22:58,0.43018711967960344,0.4975312458477979,0.67906888657147,0.599270574650872,0.21913720372817158,0.5486118033929019,0,0,0.11709812328350676,0.3518574610624442,0.6553395869414094,0.09927057465087197,0,0,✅ Stable performance.
2025-08-19 10:22:59,0.7170541879425814,0.4515628088443957,0.5489011285415706,0.45286437684977,0.5915778325539667,0.5522947778521909,0,0,0.12448962678407971,0.3565650287816415,0.6527454669808214,0.04713562315023001,0,0,✅ Stable performance.
2025-08-19 10:23:00,0.5798067831411191,0.49784221120280353,0.6003573761489203,0.6552446143696842,0.5559441878383389,0.9173553901389819,0,0,0.12407903761229465,0.35701982350356115,0.6506942362178105,0.15524461436968418,0,0,✅ Stable performance.
2025-08-19 10:23:01,0.4404507829014206,0.4522142545933936,0.704943205053554,0.47848452831600685,0.44614130085943504,0.7126866923991979,0,0,0.11993045071807147,0.35999098932483237,0.651512618714196,0.021515471683993148,0,0,✅ Stable performance.
2025-08-19 10:23:02,0.7526079006584034,0.2896330171469631,0.6752614404718253,0.4857549112264712,0.30738434538720316,0.43890476706165016,0,0,0.12733758738926665,0.36600205062747,0.651595622679466,0.014245088773528813,0,0,✅ Stable performance.
2025-08-19 10:23:03,0.4240139215470422,0.3669210775672443,0.6538959895398725,0.43783591087188256,0.61912548470093,0.5883687332801244,0,0,0.12639052410837306,0.3661488267351175,0.6506279808284086,0.06216408912811744,0,0,✅ Stable performance.
2025-08-19 10:23:04,0.5824496463304698,0.32198008708825376,0.6898318900256148,0.5785815466430733,0.4949703956153768,0.5247205653635112,0,0,0.12700480603608869,0.3670099757075391,0.6510593731344743,0.07858154664307326,0,0,✅ Stable performance.
2025-08-19 10:23:05,0.5287363339311211,0.533057490403904,0.7437131810238559,0.4147833873028479,0.6090250683573761,0.5539473083100783,0,0,0.11515706777906581,0.3768828114392058,0.6531737516842022,0.08521661269715208,0,0,✅ Stable performance.
2025-08-19 10:23:06,0.6462459480566873,0.28032113535736886,0.6512046861616689,0.6218375177357607,0.7902236874006419,0.393900587245092,0,0,0.11711508659684042,0.37701827141186,0.6536968539498176,0.12183751773576068,0,0,✅ Stable performance.
2025-08-19 10:23:07,0.67576174064727,0.4893697689389111,0.6660588180928814,0.309458529704592,0.23498969069363262,0.5134896739306776,0,0,0.12014300772797405,0.37963256880371377,0.6538893849453443,0.19054147029540802,0,0,✅ Stable performance.
2025-08-19 10:23:08,0.4932872611938357,0.48929538701087694,0.6725536925179995,0.31438186803861834,0.4348541741039358,0.8387256760435808,0,0,0.11570301718620217,0.37818027894324896,0.6554588688506986,0.18561813196138166,0,0,✅ Stable performance.
2025-08-19 10:23:09,0.3989648815403066,0.5829620201716088,0.7828628469665903,0.5790224719682153,0.5028085103049569,0.6584466201601795,0,0,0.11808295200247941,0.3832350647027526,0.6579051945976867,0.07902247196821532,1,1,😴 Fatigue predicted — substitute player advised.
2025-08-19 10:23:10,0.5414496074692352,0.3590313407370503,0.5586230706033957,0.46406502822818885,0.73349785233526,0.20935227988706062,0,0,0.11811893281707661,0.3838911206880401,0.6555754604002686,0.03593497177181115,0,0,✅ Stable performance.
2025-08-19 10:23:11,0.405384731348587,0.47123221595801623,0.6980855531852437,0.40994009055713754,0.30499595187251094,0.7517174910138387,0,0,0.11943912419576089,0.3847458472360717,0.6583043764100202,0.09005990944286246,0,0,✅ Stable performance.
2025-08-19 10:23:12,0.7229354872780818,0.6281651836538843,0.6585178086293065,0.6090415578462598,0.8001782358261806,0.7331270143685444,0,0,0.125082506871251,0.3938816543919311,0.6572634914060151,0.1090415578462598,1,1,⚠ Performance drop predicted — monitor closely.
2025-08-19 10:23:13,0.4992905682112221,0.33823583230663035,0.692930025997925,0.38721885020534197,0.5506640237502345,0.5211892069058959,0,0,0.12308879553923749,0.39413818336602924,0.6571340079503724,0.11278114979465803,0,0,✅ Stable performance.
2025-08-19 10:23:14,0.4385461371130206,0.24649597524676403,0.6320563306104362,0.44752341989161515,0.518524388739507,0.6786597484483694,0,0,0.12157533522454132,0.39286925810169804,0.6573028532900252,0.05247658010838485,0,0,✅ Stable performance.
2025-08-19 10:23:15,0.5024185056800283,0.21199899660922364,0.6628102253887063,0.6844733831699137,0.5043770977395705,0.44803580766077555,0,0,0.12155182720122325,0.39244198734451113,0.6571427420292063,0.18447338316991369,0,0,✅ Stable performance.
2025-08-19 10:23:16,0.3196439476054749,0.47127120288613317,0.7011625245263599,0.7052012221026818,0.4713576911987176,0.5049571790722007,0,0,0.12702450099299256,0.39611743979591374,0.658066479694462,0.20520122210268177,0,0,✅ Stable performance.
2025-08-19 10:23:17,0.36283787202119533,0.21168497919414164,0.8215710242267336,0.7101279646186809,0.6771203577173157,0.7929407014132879,0,0,0.12849217634043902,0.3893134274693181,0.6599690981764227,0.21012796461868088,0,0,✅ Stable performance.
2025-08-19 10:23:18,0.6188729414585381,0.36276809470620774,0.7066608422661014,0.43538658221442805,0.38371500329968367,0.5339962197323078,0,0,0.12949169123684887,0.38839444285957464,0.6601570776700726,0.06461341778557195,0,0,✅ Stable performance.
2025-08-19 10:23:19,0.39752656616781223,0.4437313187038961,0.6241892715159287,0.6595069744438367,0.5797127016884551,0.30025096863472855,0,0,0.12981021440194251,0.39123870990952897,0.6609506005624893,0.15950697444383666,0,0,✅ Stable performance.
2025-08-19 10:23:20,0.3500165384521394,0.41851755368299143,0.6457380859377754,0.3365984365582033,0.47857713793543555,0.5644835346526869,0,0,0.13334927117750242,0.3950084485679513,0.66044160077104,0.16340156344179668,0,0,✅ Stable performance.
2025-08-19 10:23:21,0.5363260339003904,0.44254448641841726,0.6445888832411742,0.3428279932044229,0.42618598636234184,0.5622477196939075,0,0,0.12804436062887942,0.3943991108096153,0.6605686308468791,0.15717200679557708,0,0,✅ Stable performance.
2025-08-19 10:23:22,0.6119164493313765,0.4222289855800854,0.5778109486503226,0.12897055945909397,0.8902961570056056,0.7490326526161082,0,0,0.12564925762126378,0.39953051672877343,0.659336753015712,0.37102944054090603,0,0,✅ Stable performance.
2025-08-19 10:23:23,0.5553094695873171,0.5278865813313394,0.6514221163182078,0.7250122500636427,0.5899200984802682,0.5758401553562014,0,0,0.11996886370420032,0.4012066430603399,0.660002006394892,0.22501225006364267,0,0,✅ Stable performance.
2025-08-19 10:23:24,0.5868285713897081,0.30476836192612033,0.7049015986158232,0.349186892568528,0.6168418858787565,0.5120768071599346,0,0,0.11693263999002125,0.40137297852096626,0.6594894350269326,0.15081310743147203,0,0,✅ Stable performance.
2025-08-19 10:23:25,0.37784769147839925,0.33230048615414687,0.6048820571923527,0.45843718192775773,0.6895489054444885,0.726607111501359,0,0,0.11965320046748523,0.4016244455172812,0.657894375365906,0.04156281807224227,0,0,✅ Stable performance.
2025-08-19 10:23:26,0.2977467743589224,0.3227340554729176,0.7213513143201784,0.342321114546301,0.3348063105024961,0.5914115241714111,0,0,0.12520312261468447,0.40393819800176417,0.6597181054998821,0.157678885453699,0,0,✅ Stable performance.
2025-08-19 10:23:27,0.6427550254397376,0.483019181186261,0.6936494414433221,0.5801689032547142,0.7747321396645783,0.4640346927311847,0,0,0.12574502925122188,0.40837684453092493,0.6615702786446672,0.08016890325471415,0,0,✅ Stable performance.
2025-08-19 10:23:28,0.4253387528684589,0.4900398588395064,0.6328825529120096,0.42153370922189026,0.18404370533065206,0.7426886244188622,0,0,0.1258602891386419,0.4081271316306486,0.6616133300236292,0.07846629077810974,0,0,✅ Stable performance.
2025-08-19 10:23:29,0.43253534092679913,0.44512253193185086,0.6628512557651255,0.28387839346414356,0.4252665344417199,0.6020706964234674,0,0,0.12067701749649264,0.4079124557335637,0.661466821742228,0.21612160653585644,0,0,✅ Stable performance.
2025-08-19 10:23:30,0.6182957613356448,0.5183493666889928,0.7501773466355259,0.5426133481012165,0.46820153378407214,0.5741711083738554,0,0,0.12170078340578136,0.40859602758310337,0.6629321036667635,0.04261334810121653,0,0,✅ Stable performance.
2025-08-19 10:23:31,0.5255200120234178,0.28219591326236193,0.7072721655502239,0.2647803537551656,0.6124695527074611,0.5997663957887216,0,0,0.12110532354025792,0.40292874953873564,0.6628326347788344,0.23521964624483438,0,0,✅ Stable performance.
2025-08-19 10:23:32,0.5123149235655988,0.5667224111551137,0.6713674762412943,0.3531237580653026,0.5621502897228954,0.4171327332765087,0,0,0.11204872177977387,0.4121650626723407,0.6625152066775553,0.1468762419346974,0,0,✅ Stable performance.
2025-08-19 10:23:33,0.7134866179820245,0.5523238621712259,0.6593776462697941,0.16505413819253656,0.5087082393963689,0.49656136536261775,0,0,0.11751765229108137,0.4183451554924734,0.6618426816800833,0.33494586180746344,0,0,✅ Stable performance.
2025-08-19 10:23:34,0.3794276572850981,0.4735621997245747,0.6754257842618826,0.2662280291686132,0.5301688119684775,0.5742671566798625,0,0,0.11907785012023774,0.4233978925803507,0.6619676616930741,0.2337719708313868,0,0,✅ Stable performance.
2025-08-19 10:23:35,0.5642787521995902,0.5781798908771061,0.6463406714636408,0.5036310361704963,0.396259673108009,0.5452689818359324,0,0,0.11950931178722252,0.4249019725961241,0.6630324596247543,0.0036310361704963157,0,0,✅ Stable performance.
2025-08-19 10:23:36,0.45979019611074023,0.23433767923222262,0.5670248926962617,0.18614325933808207,0.3242875907164784,0.759865638922415,0,0,0.11673209946818781,0.42336919072528595,0.6617751024340672,0.31385674066191793,0,0,✅ Stable performance.
2025-08-19 10:23:37,0.4835411294980767,0.34755518637373484,0.7747047821304053,0.25775588008766004,0.6325398999917171,0.6055438267282629,0,0,0.11186273593918915,0.41864203797311345,0.6629270278643787,0.24224411991233996,0,0,✅ Stable performance.
2025-08-19 10:23:38,0.6314906028579164,0.32646965393180477,0.6806956551850952,0.47683160379618705,0.6279924457540562,0.6987928850306844,0,0,0.11470670061733043,0.41321451353714433,0.6634329197589383,0.023168396203812947,0,0,✅ Stable performance.
2025-08-19 10:23:39,0.5092556792196627,0.4721479323757344,0.6931702871027083,0.3966490492161654,0.7514722783927064,0.5751174082257422,0,0,0.11321106977095308,0.40952071061061524,0.6636789857941437,0.1033509507838346,0,0,✅ Stable performance.
2025-08-19 10:23:40,0.5115508790010161,0.29498592603978546,0.6707010549741924,0.7722959613548905,0.422320793734583,0.7282501046937915,0,0,0.1129719068188711,0.40738586345403965,0.6642298715534078,0.27229596135489054,0,0,✅ Stable performance.
2025-08-19 10:23:41,0.5735295488070629,0.47574951493374856,0.6371741210532648,0.7488680481965626,0.627868950122688,0.6318908836153214,0,0,0.11229689076811714,0.4075364400865641,0.6648089693813785,0.2488680481965626,0,0,✅ Stable performance.
2025-08-19 10:23:42,0.40191409324313554,0.5370536143996714,0.664967255663512,0.34860280784444253,0.49250483430055914,0.5757061780989958,0,0,0.10596713497114692,0.4044993877780903,0.665090337655416,0.15139719215555747,0,0,✅ Stable performance.
2025-08-19 10:23:43,0.3444164213470753,0.46952029000839995,0.5946272602226914,0.5597205822204838,0.6968538574158321,0.5718001534712429,0,0,0.10944968606628101,0.40887553636814933,0.6638334877725166,0.05972058222048382,0,0,✅ Stable performance.
2025-08-19 10:23:44,0.31874980036009104,0.4283751023661501,0.7887848418565285,0.5881861973233926,0.6734949289496859,0.43413406205109784,0,0,0.11348415800559129,0.4149381739387955,0.6666109849085686,0.08818619732339261,0,0,✅ Stable performance.
2025-08-19 10:23:45,0.20826244404390493,0.3012126659099251,0.6135384356541999,0.3886681024093459,0.5611094210124201,0.647891441222239,0,0,0.12417737584981839,0.41791196291548555,0.6661121695687201,0.1113318975906541,0,0,✅ Stable performance.
2025-08-19 10:23:46,0.6835348156195196,0.31531490338746354,0.6239992400044171,0.2556231898215504,0.4847666681468268,0.5678622308067913,0,0,0.12616363383988785,0.41271341959886326,0.6663686023219589,0.2443768101784496,0,0,✅ Stable performance.
2025-08-19 10:23:47,0.3079182115707777,0.5249618905296667,0.6539181125989124,0.47536057743577365,0.6650349521496626,0.5003150083758472,0,0,0.12841828948539938,0.4231559833100474,0.6654025341751232,0.024639422564226354,0,0,✅ Stable performance.
2025-08-19 10:23:48,0.4111086644083648,0.47793490039053327,0.7406683776823076,0.4515760553799568,0.6215048744040845,0.7355891257695757,0,0,0.12659536485568726,0.42699487683285825,0.6670548290319466,0.04842394462004318,0,0,✅ Stable performance.
2025-08-19 10:23:49,0.4032287407345665,0.39609804806224563,0.6773235600242778,0.4126255316025458,0.43695568862792866,0.3908696738402966,0,0,0.12647291138348404,0.4254071011448033,0.6661898088651833,0.08737446839745422,0,0,✅ Stable performance.
2025-08-19 10:23:50,0.47114985995184844,0.358209045423411,0.6151248388810784,0.54271028099655,0.3477742579649372,0.5119431740542542,0,0,0.12411560198547433,0.42339681753615055,0.6642192577811634,0.042710280996550054,0,0,✅ Stable performance.
2025-08-19 10:23:51,0.5300826700642203,0.1974192126888623,0.7399820653419248,0.3659645283816757,0.491835836992216,0.7240711102664628,0,0,0.1240288494264361,0.41522597507849873,0.6656655966738525,0.1340354716183243,0,0,✅ Stable performance.
2025-08-19 10:23:52,0.5340936800708569,0.29291475813155615,0.7141486972647882,0.30651805615034,0.7418964270689772,0.6198957542230341,0,0,0.12203969944297813,0.41091550083021444,0.6674486564280862,0.19348194384966,0,0,✅ Stable performance.
2025-08-19 10:23:53,0.36178167893797664,0.5911419087139724,0.7048539324077931,0.49334281938308466,0.6907563259626306,0.5667426253776038,0,0,0.12306012197188992,0.41302401174296893,0.6699691190786674,0.006657180616915337,0,0,✅ Stable performance.
2025-08-19 10:23:54,0.40977954973065156,0.27195444289975335,0.7140524152269689,0.5343626990143413,0.37764257718423666,0.6104582776748197,0,0,0.1217034364558285,0.41193021444209,0.6721257804619551,0.0343626990143413,0,0,✅ Stable performance.
2025-08-19 10:23:55,0.46177889785819337,0.4189479821221081,0.7983173168190059,0.3028666287303685,0.3699589549691993,0.5999866514095715,0,0,0.12051471101937442,0.4148184643076887,0.6755994630213122,0.19713337126963149,0,0,✅ Stable performance.
2025-08-19 10:23:56,0.3975602227943298,0.5007443973195199,0.7881874851631453,0.6146759986473986,0.7085267733373208,0.3518956152710526,0,0,0.1168912900325362,0.4207521423692421,0.6766051693657477,0.11467599864739864,0,0,✅ Stable performance.
2025-08-19 10:23:57,0.6161835814461842,0.27450773319977073,0.6449304918826313,0.21489182875318624,0.374411594262241,0.5226553672332195,0,0,0.1156649470794101,0.4138017607696925,0.6762699047120121,0.28510817124681376,0,0,✅ Stable performance.
2025-08-19 10:23:58,0.48265232563264315,0.41847104747810837,0.76079402729481,0.39153702004729984,0.60242967814145,0.8101973576655304,0,0,0.11531660045949343,0.41141613372431246,0.6776319903907344,0.10846297995270016,0,0,✅ Stable performance.
2025-08-19 10:23:59,0.5102846529814027,0.49379155375106554,0.6990917057636538,0.43895946889876614,0.44643293040553633,0.4773014843916401,0,0,0.11519580638865717,0.41303843445161964,0.6801351666777691,0.061040531101233864,0,0,✅ Stable performance.
2025-08-19 10:24:00,0.5004947204730488,0.4012499321907251,0.7052216057040526,0.38292818478365565,0.7559843903686931,0.5271841214741555,0,0,0.11221420782360136,0.409135119968344,0.6818829038370213,0.11707181521634435,0,0,✅ Stable performance.
2025-08-19 10:24:01,0.5597318680458481,0.6868403055666769,0.595986791936455,0.3934707751312603,0.42503665084644693,0.49451836561289464,0,0,0.11292771028029094,0.4226232663784879,0.680066963618403,0.10652922486873972,0,0,✅ Stable performance.
2025-08-19 10:24:02,0.44089898971003527,0.2331400741121805,0.672414563870668,0.7543758322317156,0.6903230556742517,0.5610150979234001,0,0,0.11286914773056235,0.41150385514372345,0.6800195156750505,0.25437583223171556,0,0,✅ Stable performance.
2025-08-19 10:24:03,0.2645624405442797,0.5058728529883879,0.640626191244706,0.3511269846035048,0.5574567172899969,0.4884477138843928,0,0,0.10955990568112373,0.40995548817096217,0.679798352370131,0.14887301539649522,0,0,✅ Stable performance.
2025-08-19 10:24:04,0.464317284581087,0.3827198262603536,0.723003830127656,0.8388411947815508,0.5667907679021318,0.6449404882433114,0,0,0.10855847486440125,0.40692740905548813,0.6803512180384982,0.33884119478155084,0,0,✅ Stable performance.
2025-08-19 10:24:05,0.338557016335995,0.4771920154836675,0.7354884330245872,0.5419413871559522,0.2587104262758215,0.6026048356345497,0,0,0.1089462104827824,0.40356114654237357,0.6802141389051771,0.04194138715595219,0,0,✅ Stable performance.
2025-08-19 10:24:06,0.3518670415662495,0.44413071516992464,0.5785436090750877,0.4908202041888656,0.22646707563375434,0.6868926151755061,1,0,0.11048769344919313,0.410554247740297,0.6790031209537342,0.009179795811134372,0,0,✅ Stable performance.
2025-08-19 10:24:07,0.4827388652786202,0.3266843802890004,0.6814997020471463,0.5477359292440216,0.5012573227134647,0.4200183001468165,0,0,0.11047926085288969,0.40985855420413914,0.6792604690196385,0.04773592924402159,0,0,✅ Stable performance.
2025-08-19 10:24:08,0.5587544807632256,0.42289963924593404,0.7390280391085288,0.8519826890912996,0.5660576430593034,0.523960331778009,0,0,0.10709270270847872,0.4130728870479434,0.6803683747961473,0.3519826890912996,0,0,✅ Stable performance.
2025-08-19 10:24:09,0.41335252540532963,0.2142098548601713,0.6739345343746003,0.32998514722123584,0.37585850601175164,0.54072588323633,0,0,0.10660126969417895,0.40447495113075793,0.6785529029196142,0.17001485277876416,0,0,✅ Stable performance.
2025-08-19 10:24:10,0.4462118430517965,0.4603247500571394,0.720055183361847,0.31119647006624884,0.38091869766800945,0.6403921741924348,0,0,0.10583462389095859,0.4099862452646698,0.6812434381322551,0.18880352993375116,0,0,✅ Stable performance.
2025-08-19 10:24:11,0.6100900494290975,0.4298158465990526,0.7014937931145394,0.36535170679310003,0.6096624239077624,0.45771589571241433,0,0,0.10760133114551759,0.40845512298684655,0.6813002421310766,0.13464829320689997,0,0,✅ Stable performance.
2025-08-19 10:24:12,0.4357442345855047,0.4638660168643103,0.701352049952273,0.4819444478415682,0.6098539741243592,0.7076789813509994,0,0,0.1073342642873579,0.4060155364023345,0.682014146153126,0.018055552158431798,0,0,✅ Stable performance.
2025-08-19 10:24:13,0.7142656890414372,0.5058118325087151,0.6710368080726831,0.22151546417319734,0.5127383926096174,0.7472842488564306,0,0,0.11636276420133938,0.40722525448567837,0.6816492591877055,0.27848453582680266,1,1,⚠ Performance drop predicted — monitor closely.
2025-08-19 10:24:14,0.47184288729062773,0.4367619840209711,0.6241070353907688,0.48049203247342165,0.6399823469777686,0.42909732195604144,0,0,0.11344165257685296,0.4075048172075057,0.6815167709340443,0.01950796752657835,0,0,✅ Stable performance.
2025-08-19 10:24:15,0.19505682296637117,0.41480894197982765,0.6291930868477593,0.7280757630029804,0.3690655746733742,0.5019414326996461,0,0,0.11447876343673537,0.41129135974316916,0.6809564852916952,0.22807576300298038,0,0,✅ Stable performance.
2025-08-19 10:24:16,0.4917451161899704,0.31189316633387076,0.7210707385632329,0.49961303740993657,0.48249266302545246,0.4959356466191329,0,0,0.10671406136352408,0.41117730184138274,0.6812882888589764,0.00038696259006343325,0,0,✅ Stable performance.
2025-08-19 10:24:17,0.44648477556687327,0.32877792363509495,0.6869095442378675,0.43382220145590944,0.7602583738525235,0.9587913960428471,0,0,0.10308360357129684,0.4046378362782304,0.6790439308591619,0.06617779854409056,0,0,✅ Stable performance.
2025-08-19 10:24:18,0.5529725412998638,0.5186734620177331,0.6793445378530185,0.3856041955269114,0.5413025860575571,0.5108601345571577,0,0,0.104050141079711,0.40599578833247035,0.6785886591189438,0.11439580447308861,0,0,✅ Stable performance.
2025-08-19 10:24:19,0.478772028578629,0.5436335405705979,0.6654091665887185,0.6102939848792999,0.5493411326924407,0.8191352210494516,0,0,0.10344248811528765,0.4109136380827488,0.679275657370157,0.11029398487929987,1,1,⚠ Performance drop predicted — monitor closely.
2025-08-19 10:24:20,0.38146808945108845,0.3761889563687946,0.6716777450522549,0.3548382513121915,0.8514789825510913,0.3884684529701843,0,0,0.10459176601315556,0.4115129684475949,0.679707985022065,0.1451617486878085,0,0,✅ Stable performance.
2025-08-19 10:24:21,0.2516848068637909,0.40460027472532745,0.7396162956721558,0.7507197877661684,0.33785699834797844,0.4289834307177576,0,0,0.11065267016451806,0.41841900384881037,0.681291775229248,0.25071978776616843,0,0,✅ Stable performance.
2025-08-19 10:24:22,0.3708406330404397,0.3095385625006234,0.6708420204758039,0.7636031811574764,0.6422319392871318,0.4733110858993723,0,0,0.1106019322472165,0.41897313066111264,0.6828422930930061,0.2636031811574764,0,0,✅ Stable performance.
2025-08-19 10:24:23,0.29371656410346136,0.5172756845267446,0.6208845075255831,0.5152193028187191,0.7624913358885457,0.45004120229031286,0,0,0.113116993655152,0.416510923188205,0.6823333329464625,0.015219302818719083,0,0,✅ Stable performance.
2025-08-19 10:24:24,0.32459028202784834,0.4665416823691779,0.7254538505891266,0.4754766297214945,0.48680051232903576,0.5345566381343427,0,0,0.11512160085102749,0.4229971645038525,0.6826758704793507,0.024523370278505485,0,0,✅ Stable performance.
2025-08-19 10:24:25,0.4619940855896536,0.5941217436463749,0.6783609472403385,0.6298712742216845,0.6509926938211001,0.47006766599641225,0,0,0.11512277666221928,0.42883628988799477,0.6839005186468172,0.12987127422168454,0,0,✅ Stable performance.
2025-08-19 10:24:26,0.5890065926606061,0.3121676922820261,0.6905080923316695,0.63937320224895,0.39570568747204105,0.4538951746774851,0,0,0.1177559891016155,0.4225503997200783,0.6833864649470087,0.13937320224895,0,0,✅ Stable performance.
2025-08-19 10:24:27,0.4368319056148966,0.3621992100981783,0.7696507329964626,0.3577776338136367,0.43663797567262863,0.7431968422379529,0,0,0.1135056513575346,0.42547344895002515,0.684653153139561,0.1422223661863633,0,0,✅ Stable performance.
2025-08-19 10:24:28,0.24730750296570436,0.42314459225255724,0.6885773084304181,0.399175209545922,0.5851953775269245,0.7527516635033153,0,0,0.11875709398166412,0.42562923377584017,0.6855813990648678,0.100824790454078,0,0,✅ Stable performance.
2025-08-19 10:24:29,0.44059176531243227,0.4646489537725771,0.704398038575336,0.28128130332410173,0.6425280711248109,0.7126000151442622,0,0,0.1179368457560731,0.4246578137765572,0.6862738454450381,0.21871869667589827,0,0,✅ Stable performance.
2025-08-19 10:24:30,0.5286238870419453,0.3784332362452368,0.6313261989759399,0.5377841213824088,0.6872145308305764,0.650390265443797,0,0,0.11859467641218244,0.4238972572450409,0.6842929929840449,0.03778412138240883,0,0,✅ Stable performance.
2025-08-19 10:24:31,0.3135509529153011,0.31270389095462997,0.6796224195447644,0.5759411903054357,0.7494116034622289,0.5873089676174625,0,0,0.11816989974785684,0.41142604342463934,0.683832163883954,0.07594119030543567,0,0,✅ Stable performance.
2025-08-19 10:24:32,0.3688700602912698,0.48814075289235714,0.7214157130441989,0.27719568689766483,0.5224825188918683,0.5010407105106811,0,0,0.118600618992956,0.41992606605064525,0.6846663011640023,0.22280431310233517,0,0,✅ Stable performance.
2025-08-19 10:24:33,0.3854493507498351,0.4721135362545582,0.6135042427131631,0.4097463905860197,0.6972886721168097,0.4343214561506723,0,0,0.11498787226866604,0.4188007554928509,0.6839017444380584,0.0902536094139803,0,0,✅ Stable performance.
2025-08-19 10:24:34,0.289688023197221,0.30837258994362754,0.701648702682467,0.27759149311433706,0.48438204491593506,0.6268397601867357,0,0,0.11749157562693582,0.4163225142822934,0.6843387930784015,0.22240850688566294,0,0,✅ Stable performance.
2025-08-19 10:24:35,0.45846465305203976,0.5355442801105497,0.6969795202803782,0.3440284344776652,0.6568785128286452,0.4020721206025444,0,0,0.11657618977369545,0.4182675897698561,0.6851827738920139,0.15597156552233482,0,0,✅ Stable performance.
2025-08-19 10:24:36,0.3663185225362833,0.5170198709196604,0.6943378580489663,0.5588138424714773,0.5605936764140216,0.4283588483879299,0,0,0.11628700171322676,0.4206972282948473,0.6873046566478923,0.05881384247147725,0,0,✅ Stable performance.
2025-08-19 10:24:37,0.4293507464292239,0.4134296497247793,0.7444649488239629,0.36851969245897864,0.5936111201525627,0.742383745979543,0,0,0.11581055561422442,0.42358873727603996,0.6868006594261182,0.13148030754102136,0,0,✅ Stable performance.
2025-08-19 10:24:38,0.2735077886459245,0.40795978623760365,0.7096624482549331,0.43261621467421474,0.5905379409396105,0.851757658073766,0,0,0.11616978442482455,0.42309074217576226,0.6872834393106155,0.06738378532578526,0,0,✅ Stable performance.
2025-08-19 10:24:39,0.3258435233335599,0.45540577711159075,0.7671776360517856,0.2361018868844127,0.3093898859430442,0.6312717638105638,0,0,0.11732145076874423,0.4311306062508096,0.6885168951264334,0.2638981131155873,0,0,✅ Stable performance.
2025-08-19 10:24:40,0.4622839154249787,0.3138296929743742,0.643928083975718,0.5048845102928952,0.3760076553241358,0.7355884502029799,0,0,0.11751630768831306,0.4262474376813841,0.6880706789431256,0.004884510292895161,0,0,✅ Stable performance.
2025-08-19 10:24:41,0.33156478116586063,0.40300314791640823,0.7007373067377936,0.4706236097858354,0.546046019299792,0.5377820292231295,0,0,0.11231466253530471,0.4253536810586293,0.689130065371201,0.029376390214164605,0,0,✅ Stable performance.
2025-08-19 10:24:42,0.5793874062615723,0.18476164553908198,0.6984979363178299,0.36918973226758434,0.2979435829859862,0.3780768647891135,0,0,0.11669340861176679,0.41605020201445503,0.689688910048773,0.13081026773241566,0,0,✅ Stable performance.
2025-08-19 10:24:43,0.32649421837484605,0.48764556455029356,0.6411453909320348,0.44918072923207353,0.6470531967165365,0.6632875873088335,0,0,0.10226844013728742,0.41544465974917427,0.690464212227262,0.05081927076792647,0,0,✅ Stable performance.
2025-08-19 10:24:44,0.39952901667862073,0.24385067775581407,0.7427563843458125,0.5038926201806175,0.6526457456431758,0.6570150449313104,0,0,0.10126181893645446,0.4090142828736691,0.6896970712687501,0.0038926201806175342,0,0,✅ Stable performance.
2025-08-19 10:24:45,0.4824770444923159,0.5503419828428999,0.8115088181553425,0.3564626228848411,0.5771837951892524,0.5842263255177413,0,0,0.09526839265343041,0.4135320509024381,0.6929965776437691,0.1435373771151589,0,0,✅ Stable performance.
2025-08-19 10:24:46,0.2030342322841654,0.36698799060335496,0.6947583677599664,0.2584793065859463,0.37642182640407906,0.5382900164285067,0,0,0.10043469906602095,0.4153685450447543,0.694175896439695,0.2415206934140537,0,0,✅ Stable performance.
2025-08-19 10:24:47,0.16156239250558224,0.37883330180688235,0.7211932445193027,0.7446722240256918,0.7231448114394881,0.7144890025386903,0,0,0.10839370971095581,0.4170370576504805,0.6952971486383681,0.24467222402569178,0,0,✅ Stable performance.
2025-08-19 10:24:48,0.1885324202036065,0.33722660939154947,0.700501632517837,0.3833653665116734,0.8142271786608708,0.42955652035590974,0,0,0.10920602695538308,0.4109888292296077,0.694627702885627,0.11663463348832659,0,0,✅ Stable performance.
2025-08-19 10:24:49,0.5179925609323828,0.3711961126077924,0.6609299938531682,0.46284787244682235,0.5522194529221425,0.46055954251918285,0,0,0.1107556600557016,0.40524091496418085,0.6943544767827752,0.03715212755317765,0,0,✅ Stable performance.
2025-08-19 10:24:50,0.3021569171408449,0.5418531345148037,0.6059047320798826,0.6269349981995189,0.6026015728180325,0.42628387465276485,0,0,0.11149114363500094,0.4107630542357145,0.6942008083360885,0.12693499819951892,0,0,✅ Stable performance.
2025-08-19 10:24:51,0.6697666274275094,0.15121913434649206,0.6619875904366715,1.0,0.5597965995642085,0.5861724076257311,0,0,0.121796841201598,0.4023170162230867,0.692900900421001,0.5,0,0,✅ Stable performance.
2025-08-19 10:24:52,0.29898626046348054,0.5276965386088188,0.6280118641653096,0.2928161417761115,0.6053509081087718,0.4146132252183643,0,0,0.12277346621303316,0.4095889487600265,0.6914652865360097,0.20718385822388852,0,0,✅ Stable performance.
2025-08-19 10:24:53,0.38686630709367487,0.4338023481101708,0.7831484057373085,0.5438229129906795,0.5152587983218049,0.47365663523916735,0,0,0.12163860680917006,0.40680650421280734,0.6927701944248349,0.04382291299067953,0,0,✅ Stable performance.
2025-08-19 10:24:54,0.5468810623745803,0.2792978352142785,0.692521335759647,0.37236110083766905,0.527040620274239,0.4705097981266637,0,0,0.12456577874625453,0.4005650426409774,0.6924113431003797,0.12763889916233095,0,0,✅ Stable performance.
2025-08-19 10:24:55,0.6010401565702328,0.2924687606950762,0.6813143726249068,0.3973626107666264,0.6573811839642945,0.535623030546921,0,0,0.12972341987675481,0.39050994320926746,0.690461294030478,0.10263738923337362,0,0,✅ Stable performance.
2025-08-19 10:24:56,0.6068048881937977,0.5676393027208203,0.743401548938112,0.37048560431426214,0.8569790330577836,0.35617968743121886,0,0,0.13066876761837673,0.39902566355722724,0.6897148617600607,0.12951439568573786,0,0,✅ Stable performance.
2025-08-19 10:24:57,0.5049402995026322,0.3054493120057269,0.6431898211773837,0.31042061919853525,0.3377559358770412,0.5864988943236706,0,0,0.13195815221205998,0.39713400028747886,0.6896858505816399,0.18957938080146475,0,0,✅ Stable performance.
2025-08-19 10:24:58,0.4823281234979533,0.28466494894040406,0.6612676930414068,0.4710653766679709,0.517441524723151,0.7561905570298535,0,0,0.12953908270272188,0.39251801217707377,0.6880270783440832,0.02893462333202912,0,0,✅ Stable performance.
2025-08-19 10:24:59,0.4304368154143512,0.5137314542364729,0.7033480270255218,0.25874002337127067,0.3681980731289767,0.5935619109858787,0,0,0.12946358557357415,0.3941540955258703,0.688098017031781,0.24125997662872933,0,0,✅ Stable performance.
2025-08-19 10:25:00,0.4517008767373538,0.43385528762859144,0.7517163817557212,0.6174488515571812,0.7525161490974317,0.7991975177514385,0,0,0.12773054032322453,0.3960014972386488,0.6888729299659755,0.11744885155718121,0,0,✅ Stable performance.
2025-08-19 10:25:01,0.2934409565961398,0.3062074423463601,0.7256957030644429,0.4853310473644483,0.45036044564459443,0.7688716680011496,0,0,0.12827785455303808,0.39578494895170646,0.6910347451514418,0.01466895263555168,0,0,✅ Stable performance.
2025-08-19 10:25:02,0.2610777646890059,0.4216624975404619,0.713361226553254,0.5397648462504505,0.33177737621477865,0.6875051254281157,0,0,0.1307863931687628,0.3935690071066433,0.6917171895294849,0.039764846250450514,0,0,✅ Stable performance.
2025-08-19 10:25:03,0.35689844505438106,0.2974247316359723,0.705184374810717,0.4081183030821838,0.620296463269709,0.5846676748307256,0,0,0.13100411610469948,0.38774604695269044,0.6927931592555852,0.09188169691781622,0,0,✅ Stable performance.
2025-08-19 10:25:04,0.33643146427240955,0.5100821398422606,0.7216237994467114,0.4227825443566289,0.7736258530243245,0.577034327046978,0,0,0.12992475758083025,0.3944696986159782,0.6927701587442362,0.07721745564337112,0,0,✅ Stable performance.
2025-08-19 10:25:05,0.3022060678584244,0.5061370964873134,0.7120281705482917,0.5197841591030881,0.623818882761443,0.6854667643388679,0,0,0.13067999168976066,0.3934894591618703,0.6923791543696313,0.01978415910308806,1,1,⚠ Performance drop predicted — monitor closely.
2025-08-19 10:25:06,0.43772866022870494,0.45320061988219434,0.6507804301744385,0.30473243287969654,0.560220664739302,0.516452095759907,0,0,0.1307711361455373,0.3913621507939548,0.6935831013879538,0.19526756712030346,0,0,✅ Stable performance.
2025-08-19 10:25:07,0.46773766915550663,0.4361661061247017,0.7049165236163992,0.42414749282257613,0.588546414097789,0.29838026406341445,0,0,0.1312715232191763,0.3921200326739522,0.6939733817474412,0.07585250717742387,0,0,✅ Stable performance.
2025-08-19 10:25:08,0.3643773308043916,0.5761188124867374,0.6492616482103104,0.3498337501861766,0.727955116251858,0.6457102600062272,0,0,0.1292938903905042,0.39772533354892325,0.692477275232471,0.15016624981382343,1,1,⚠ Performance drop predicted — monitor closely.
2025-08-19 10:25:09,0.5283138118558375,0.39996863273882255,0.7073337269226956,0.34524782890922223,0.41065157772226213,0.4082977775426635,0,0,0.13042403902839297,0.39587742873649767,0.6930339284416059,0.15475217109077777,0,0,✅ Stable performance.
2025-08-19 10:25:10,0.21737134998865915,0.2818125874579199,0.6795807213246987,0.16461723526780014,0.5163277768939016,0.4330073757009707,0,0,0.1345999607412737,0.39481019188594924,0.69235935407432,0.33538276473219986,0,0,✅ Stable performance.
2025-08-19 10:25:11,0.32907463784230373,0.4449473912832307,0.8309157181597102,0.6755992015846326,0.469080587132332,0.5737758747101649,0,0,0.13464518813498835,0.39620833333150995,0.6945163861584063,0.1755992015846326,0,0,✅ Stable performance.
2025-08-19 10:25:12,0.266490125546627,0.6086047049537114,0.7022854364544379,0.3754741837146045,0.36994399921421195,0.5598288706133936,0,0,0.13246653879894738,0.41033643531199765,0.6945319426001091,0.1245258162853955,0,0,✅ Stable performance.
2025-08-19 10:25:13,0.1296874579667795,0.2985240506814148,0.6344016959504004,0.6495327320396664,0.48631294452161633,0.36719391047114236,0,0,0.1403947911245625,0.40403238484970166,0.693921357398071,0.14953273203966644,0,0,✅ Stable performance.
2025-08-19 10:25:14,0.3404551497274957,0.36385372333060145,0.69823818235109,0.6355204755533554,0.6853826281475981,0.5979501433081613,0,0,0.14058645982273446,0.40803248636886125,0.6951568765140763,0.13552047555335545,0,0,✅ Stable performance.
2025-08-19 10:25:15,0.3352637207893523,0.4416446038101453,0.731248648788287,0.28666609486775574,0.6103734706521995,0.7150637230592563,0,0,0.13953185212678737,0.40440924040110277,0.6968578025464185,0.21333390513224426,0,0,✅ Stable performance.
2025-08-19 10:25:16,0.5284454244318828,0.3946095150994261,0.7892824274354752,0.3159381506628196,0.6211452945155052,0.4086966740383384,0,0,0.13815769938027925,0.4053299578843051,0.6979946640276224,0.1840618493371804,0,0,✅ Stable performance.
2025-08-19 10:25:17,0.42333778874868266,0.3017696419622686,0.6764751287523694,0.8565123018378369,0.5521361132233924,0.7598736763620508,0,0,0.13145634126797234,0.40276116922281796,0.6978207571028642,0.3565123018378369,0,0,✅ Stable performance.
2025-08-19 10:25:18,0.2267374985589834,0.5121857856230472,0.6271598686695796,0.7365762371302877,0.6043742836699209,0.34553150811204436,0,0,0.12953930003477226,0.4085931417638679,0.6969510126164735,0.23657623713028775,0,0,✅ Stable performance.
2025-08-19 10:25:19,0.5672346342813004,0.6320040722017259,0.7474566365637672,0.47251319072349585,0.4208551451134306,0.8834514783898946,0,0,0.1314084789810786,0.41728674041699904,0.6983184704493911,0.027486809276504154,1,1,⚠ Performance drop predicted — monitor closely.
2025-08-19 10:25:20,0.4917365174766968,0.41961314590239074,0.6379183693186918,0.5153114955831288,0.48892803641147164,0.5135866245610587,0,0,0.1311086467892836,0.4132120741299186,0.6977558141871649,0.015311495583128831,0,0,✅ Stable performance.
2025-08-19 10:25:21,0.4155556993261975,0.3095931710264,0.6854740511597566,0.3837248148149146,0.5584472280753863,0.5950430212744597,0,0,0.12133219945793076,0.4184912086859155,0.6968534434452917,0.1162751851850854,0,0,✅ Stable performance.
2025-08-19 10:25:22,0.31928960473095747,0.2451039474946525,0.6947343175810374,0.5412341256847357,0.570300730423337,0.29698879067138795,1,0,0.12081840685427697,0.40907145564877667,0.6972516483970456,0.04123412568473572,0,0,✅ Stable performance.
2025-08-19 10:25:23,0.2319971566546415,0.4257975981221181,0.7044671878130381,0.37093450626511837,0.5762158632898959,0.5646542586628849,0,0,0.124575299522874,0.4088046306491749,0.6986446930685032,0.12906549373488163,0,0,✅ Stable performance.
2025-08-19 10:25:24,0.3011288264582561,0.5103877343316258,0.7427406019532167,0.17609629527883452,0.5126560224322025,0.6071639992803566,0,0,0.12217584963802046,0.41650762728641977,0.6989328055912378,0.3239037047211655,1,1,💺 Posture drift — adjust seating for stability.
2025-08-19 10:25:25,0.4737893879675763,0.4475167746495382,0.6744341836066369,0.28139858329174894,0.4795139591912485,0.5611398866365165,0,0,0.11649263027774732,0.4216758944182352,0.6988673595306764,0.21860141670825106,0,0,✅ Stable performance.
2025-08-19 10:25:26,0.5676634398833704,0.39975961590811465,0.6952629537340745,0.48030736902800797,0.9695577398115574,0.4913792909366199,0,0,0.11406727448121083,0.41607990485781166,0.6989466072207163,0.01969263097199203,0,0,✅ Stable performance.
2025-08-19 10:25:27,0.5268229970126552,0.3410728348210694,0.7085694173163996,0.3096188102596109,0.6575294604726394,0.4352858351599793,0,0,0.1149639947594801,0.4172673556183231,0.6979285852927153,0.1903811897403891,0,0,✅ Stable performance.
2025-08-19 10:25:28,0.28568346672807965,0.2907836367281911,0.7170963514612647,0.46721562441554054,0.5891017969384347,0.7391091748297047,0,0,0.11454300045059865,0.41747131187791603,0.6984039026765628,0.03278437558445946,0,0,✅ Stable performance.
2025-08-19 10:25:29,0.21058112518188832,0.48347513263248826,0.7148413309421778,0.31797519518171935,0.49950482887856706,0.5782493837644649,0,0,0.11776921674068982,0.41646276782444985,0.6985779575493434,0.18202480481828065,0,0,✅ Stable performance.
2025-08-19 10:25:30,0.3595628765623913,0.4913771621385586,0.732083779589367,0.36127949426132133,0.4692845396857148,0.7991143220377102,0,0,0.11666081270155447,0.41838016364144875,0.7002572505595671,0.13872050573867867,0,0,✅ Stable performance.
2025-08-19 10:25:31,0.13301052159993176,0.2454270213309267,0.7528089849317813,0.6035760711733835,0.5137004704654813,0.4967327132396304,0,0,0.12344855792246853,0.416354149607601,0.7014770266493507,0.10357607117338352,0,0,✅ Stable performance.
2025-08-19 10:25:32,0.3804862274330538,0.5589838978180685,0.7305822338536991,0.5138459468532508,0.5724233951102096,0.5101441861352796,0,0,0.12213864134616162,0.42093152961685454,0.701629801996176,0.013845946853250801,0,0,✅ Stable performance.
2025-08-19 10:25:33,0.32439629199995723,0.45740712208940015,0.7339633228680681,0.47575079966937706,0.2711685019698562,0.6930429218034317,0,0,0.12232796001284657,0.42626427596530214,0.7036374533320909,0.024249200330622944,0,0,✅ Stable performance.
2025-08-19 10:25:34,0.2863687763513656,0.5399594645145793,0.6325064069767397,0.6073980553539937,0.3142852596760819,0.33634492873652766,0,0,0.12301075374386428,0.42726018678771277,0.7024850817369954,0.10739805535399372,0,0,✅ Stable performance.
2025-08-19 10:25:35,0.15236253263230326,0.2657872251514885,0.7144624688938039,0.5483830690456508,0.4435481144045861,0.3962456139918029,0,0,0.12832718052494518,0.41924852440985194,0.7027764642138858,0.04838306904565082,0,0,✅ Stable performance.
2025-08-19 10:25:36,0.4018733413339981,0.2634175844584561,0.7362599799570566,0.6914859519811878,0.5605452484668758,0.734276058113964,0,0,0.12768671779448287,0.41292242322906064,0.7034751662456873,0.19148595198118779,0,0,✅ Stable performance.
2025-08-19 10:25:37,0.2776540872574149,0.38510306902327035,0.7490651809069551,0.40905597457058773,0.4986641556588798,0.4023202681889255,0,0,0.1265021218304206,0.4112203219923463,0.703551836780404,0.09094402542941227,0,0,✅ Stable performance.
2025-08-19 10:25:38,0.2019158956911864,0.45027844268951944,0.6783341010881992,0.41353359878428764,0.7367269801057379,0.3076642029605514,0,0,0.1291624164766501,0.4070256429991057,0.7030296976609585,0.08646640121571236,0,0,✅ Stable performance.
2025-08-19 10:25:39,0.0,0.5796360822926964,0.6803331946769131,0.2844276652781801,0.3263440820361678,0.8470590829014164,1,0,0.13844540344964656,0.41301455798423486,0.7015822903047105,0.2155723347218199,1,1,⚠ Performance drop predicted — monitor closely.
2025-08-19 10:25:40,0.3368192109656003,0.47060789138151315,0.6849136432786218,0.41363052533549016,0.4276814010263008,0.36986456550768176,0,0,0.13699704298302162,0.41930773478168787,0.7022653829597588,0.08636947466450984,0,0,✅ Stable performance.
2025-08-19 10:25:41,0.5498478922078716,0.3757318723187967,0.7407728906588252,0.6201099089511173,0.7425448746290972,0.600674901356679,0,0,0.142886821432218,0.41700055081620674,0.702932642691776,0.12010990895111728,0,0,✅ Stable performance.
2025-08-19 10:25:42,0.5365122744356623,0.2973630792334108,0.7659797670319248,0.6697712311751305,0.5500074460354836,0.5838484483030171,0,0,0.14687953204050602,0.4066258299588634,0.7040573398703444,0.1697712311751305,0,0,✅ Stable performance.
2025-08-19 10:25:43,0.28536711523349334,0.523000057271915,0.6942462275425907,0.6194484750408291,0.6544875179837026,0.16262274488230022,0,0,0.14171044078342546,0.4141083635118801,0.7049423538138536,0.11944847504082912,0,0,✅ Stable performance.
2025-08-19 10:25:44,0.2680177327154496,0.30352945742492854,0.7603508672099796,0.2113791654250483,0.816172871578126,0.5346417270226804,0,0,0.1424772216344978,0.4120975546483577,0.7052355951949231,0.2886208345749517,0,0,✅ Stable performance.
2025-08-19 10:25:45,0.39476163142097365,0.5628468554772322,0.7214602606083133,0.6376468072779637,0.4356576617518906,0.6393340815145863,0,0,0.14272716122699305,0.4161376297039272,0.7037347859024726,0.13764680727796375,1,1,⚠ Performance drop predicted — monitor closely.
2025-08-19 10:25:46,0.2208110885999277,0.3715615350393491,0.7094054999134181,0.20481230810559525,0.5180650515633767,0.6255691816911941,0,0,0.14039487683424162,0.4153693637019247,0.7039789047716968,0.29518769189440475,0,0,✅ Stable performance.
2025-08-19 10:25:47,0.37473773605762184,0.5590582072617851,0.7053840959020978,0.6102355587683066,0.49406842832415787,0.7059042276535572,0,0,0.13965919205037736,0.4239456492119086,0.70371541896141,0.1102355587683066,1,1,⚠ Performance drop predicted — monitor closely.
2025-08-19 10:25:48,0.42964632358637256,0.46789312900592783,0.7536173942445604,0.42269653158542164,0.2608888977296173,0.5170634157059315,0,0,0.1390593439413512,0.42246922732467124,0.7046006816568554,0.07730346841457836,0,0,✅ Stable performance.
2025-08-19 10:25:49,0.4841625029795269,0.38630045105575417,0.7328992354752625,0.5812604569599111,0.4888050930930059,0.6779636181038191,0,0,0.13522519748123898,0.41427910661980555,0.7058001690172236,0.08126045695991113,0,0,✅ Stable performance.
2025-08-19 10:25:50,0.32686555922059624,0.34806036281738734,0.8307451346397472,0.2797848875978248,0.6539634848173281,0.47291255851564395,0,0,0.13219372144189273,0.4118940138503054,0.7095475090598881,0.22021511240217517,0,0,✅ Stable performance.
2025-08-19 10:25:51,0.3145464572596597,0.365909212265392,0.6746761497289555,0.6506870275893237,0.6067676392309336,0.36742914599747745,0,0,0.13136170698480612,0.4137712152249385,0.7097589850480929,0.15068702758932373,0,0,✅ Stable performance.
2025-08-19 10:25:52,0.2346172571413152,0.44283166923752376,0.7435259856017769,0.2601515552168019,0.6176483169441083,0.38391987730844246,0,0,0.13254604651683144,0.4203621392830341,0.7116842204053672,0.2398484447831981,0,0,✅ Stable performance.
2025-08-19 10:25:53,0.24064638868591093,0.4077156496217717,0.6914943686311588,0.3781532430673691,0.47977933350266166,0.3598751392299888,0,0,0.13233686580762774,0.419759407666356,0.7101566531202648,0.12184675693263092,0,0,✅ Stable performance.
2025-08-19 10:25:54,0.31176885500653384,0.3406188591931295,0.6748235883937586,0.3293182470545428,0.44088457897250644,0.7214187653856663,0,0,0.1322728516326849,0.41410044516173944,0.7098616906641665,0.17068175294545718,0,0,✅ Stable performance.
2025-08-19 10:25:55,0.38212911037899433,0.3834368589682368,0.7180780995128986,0.21729125294433294,0.70777432686711,0.3522011860067227,0,0,0.12986676786640294,0.4119644479723627,0.7104744194456332,0.28270874705566706,0,0,✅ Stable performance.
2025-08-19 10:25:56,0.44686156250078324,0.407857702971915,0.7258225989564553,0.4911864862735107,0.4628944546284748,0.6138277306989173,0,0,0.12387061752960088,0.4122343842078227,0.7101814369459389,0.008813513726489308,0,0,✅ Stable performance.
2025-08-19 10:25:57,0.2434998549794105,0.1871265905585188,0.8651971713605645,0.7447484728694005,0.572597111290428,0.5348454609752216,0,0,0.11844740431924215,0.4071028427324043,0.7138815594489919,0.2447484728694005,0,0,✅ Stable performance.
2025-08-19 10:25:58,0.515552665048554,0.44581681147886987,0.7104147214448562,0.8722754329806315,0.5544730939728124,0.5587283534660024,0,0,0.12391590664898099,0.41227061522409364,0.7147006765890495,0.3722754329806315,0,0,✅ Stable performance.
2025-08-19 10:25:59,0.3066461011054249,0.30202787752831933,0.6634465943762384,0.49157584799817133,0.7344530513048069,0.7732026953278905,0,0,0.12219755989503527,0.406222373387288,0.7140356527115613,0.008424152001828666,0,0,✅ Stable performance.
2025-08-19 10:26:00,0.3363133970551626,0.2846667596794255,0.7339395853466483,0.6426150601609728,0.666487700026078,0.509612822306942,0,0,0.12203817851577378,0.39933202663865025,0.7137393727714101,0.1426150601609728,0,0,✅ Stable performance.
2025-08-19 10:26:01,0.25041018394709647,0.23126556528892897,0.6168905662160669,0.511566576981052,0.3522849149234104,0.663204203080139,0,0,0.11752562220435556,0.398859978103917,0.7119259538239373,0.011566576981052012,0,0,✅ Stable performance.
2025-08-19 10:26:02,0.05182921546379293,0.22061075021321097,0.7163582475846284,0.5510903887092935,0.36721489545743147,0.5792376390159777,0,0,0.12729767043913123,0.38758087318375506,0.7119759041744601,0.0510903887092935,0,0,✅ Stable performance.
2025-08-19 10:26:03,0.44390217926192355,0.2644552496887711,0.722090869451056,0.4264943988048131,0.6120795427409171,0.5515067833917437,0,0,0.12941424066174378,0.38114914410373407,0.7122576790851324,0.0735056011951869,0,0,✅ Stable performance.
2025-08-19 10:26:04,0.4265979365989139,0.32909790423695096,0.761353143105015,0.5060825295502851,0.5229134718442272,0.910167594397167,0,0,0.13067591420433125,0.37412042542781315,0.7129198348127708,0.0060825295502850985,0,0,✅ Stable performance.
2025-08-19 10:26:05,0.30611934416369624,0.5953259137526569,0.7706377550506032,0.5568081814155148,0.4687365862713171,0.3629130505470317,0,0,0.12662848988912614,0.3851050483811854,0.7138966612211426,0.0568081814155148,0,0,✅ Stable performance.
2025-08-19 10:26:06,0.34755132230147856,0.34741203241047963,0.6971116802552813,0.3914857213079528,0.6726167949180786,0.7623089109899126,0,0,0.12595208938951394,0.38790486331291957,0.71466884872249,0.10851427869204722,0,0,✅ Stable performance.
2025-08-19 10:26:07,0.4009200695315607,0.41777501062680317,0.7150929790906269,0.4657020352759993,0.5578172265997612,0.6697579867257304,0,0,0.12625642495610298,0.3889939280330373,0.7148384563137272,0.03429796472400071,0,0,✅ Stable performance.
2025-08-19 10:26:08,0.15486346976217735,0.4400481386506329,0.6846511569130463,0.4685263284368171,0.5391034373946053,0.5036013295104258,0,0,0.12820927833819465,0.3886529178984077,0.7154282814587727,0.031473671563182926,0,0,✅ Stable performance.
2025-08-19 10:26:09,0.2775156116865294,0.4131065186215849,0.6668875893246515,0.5996113740720297,0.6399306310862185,0.8120691992813303,0,0,0.11258182838145633,0.3831019324427041,0.714754179165472,0.09961137407202969,0,0,✅ Stable performance.
2025-08-19 10:26:10,0.43451936517474676,0.39225565392740064,0.7391189746555243,0.31925353241851795,0.47983477896469173,0.30341362783524595,0,0,0.11389227091027766,0.38049019119423366,0.7157464833876525,0.18074646758148205,0,0,✅ Stable performance.
2025-08-19 10:26:11,0.19205219792588024,0.2804706236400756,0.660278476878119,0.4695467487902003,0.7492577920468988,0.49742249470169786,0,0,0.11018539524837842,0.3773148162382763,0.7129025293662926,0.030453251209799692,0,0,✅ Stable performance.
2025-08-19 10:26:12,0.37568614091956976,0.5450927548279212,0.7035599279008121,0.7604396178494635,0.42259379942911357,0.3969742249748798,0,0,0.10357201137104337,0.3855724720914266,0.7129237708903988,0.26043961784946346,0,0,✅ Stable performance.
2025-08-19 10:26:13,0.18045020114860755,0.5807196643637885,0.6748660935558998,0.6496340787317676,0.6228944626535271,0.6340199976563017,0,0,0.10671375073104918,0.38749645899448903,0.7135981775171572,0.1496340787317676,1,1,⚠ Performance drop predicted — monitor closely.
2025-08-19 10:26:14,0.39671316691590897,0.23173413058773143,0.752442469486831,0.6770588097302839,0.7305877853067493,0.4109313625371236,0,0,0.10703571322822074,0.3851032814332491,0.7145015823027527,0.17705880973028387,0,0,✅ Stable performance.
2025-08-19 10:26:15,0.3375242073189493,0.2975971409113621,0.8153633337570988,0.4808020441297307,0.3409130780564342,0.6370888856568149,0,0,0.10628924784996512,0.37626162428105353,0.7159034937188996,0.01919795587026929,0,0,✅ Stable performance.
2025-08-19 10:26:16,0.15070138484408968,0.3720189657622994,0.6605459482750642,0.5247372412005085,0.4842392216681888,0.5464724145587823,0,0,0.109381384662286,0.37627687197181847,0.7137578857328928,0.024737241200508464,0,0,✅ Stable performance.
2025-08-19 10:26:17,0.4803718398534269,0.3035462205089809,0.6333079418918086,0.6256604089952607,0.690163070760744,0.5036263498774005,0,0,0.11276840066497859,0.367759805746725,0.7130384326185502,0.12566040899526065,0,0,✅ Stable performance.
2025-08-19 10:26:18,0.2556840222189589,0.45059655534558657,0.7200480403906401,0.7083290680201721,0.6922475002953412,0.6305919004745526,0,0,0.11172458092489508,0.36718325329138035,0.7145865688139013,0.20832906802017215,0,0,✅ Stable performance.
2025-08-19 10:26:19,0.24707120145834982,0.3271727797593387,0.7274107930774878,0.18805925758144637,0.5080593851227313,0.5344508985338912,0,0,0.10805420103591089,0.3652123309148331,0.7142524714224633,0.31194074241855363,0,0,✅ Stable performance.
2025-08-19 10:26:20,0.36719440907720524,0.6165056067806602,0.7378923872389211,0.28230442249978527,0.4299927798748522,0.4145047150271155,0,0,0.10849124009348915,0.37416050571360887,0.7159187050544671,0.21769557750021473,0,0,✅ Stable performance.
2025-08-19 10:26:21,0.47989689022166604,0.5190548594343596,0.7049769147607954,0.6711722132357636,0.6643423641769233,0.9835096803900898,0,0,0.11265718889923197,0.3792653606192412,0.716243752781151,0.1711722132357636,1,1,⚠ Performance drop predicted — monitor closely.
2025-08-19 10:26:22,0.22385404873981285,0.4212574030632215,0.7175944942026974,0.43616234009066934,0.6958938011806124,0.5024834800532114,0,0,0.11295255220233029,0.3785462184134311,0.7166247557248454,0.06383765990933066,0,0,✅ Stable performance.
2025-08-19 10:26:23,0.3519192248426033,0.5026986263319733,0.7463354982924554,0.37766941435772816,0.37038785029619925,0.2493657296313222,0,0,0.11212062296240563,0.38171231763710445,0.7173225608995023,0.12233058564227184,0,0,✅ Stable performance.
2025-08-19 10:26:24,0.39583720111135046,0.5105900424357309,0.7803150410191236,0.2913828922106352,0.364947028122796,0.45056641500921035,0,0,0.1128901389827166,0.3873780237451912,0.7179488015506007,0.20861710778936482,0,0,✅ Stable performance.
2025-08-19 10:26:25,0.4275840749983646,0.3436052511941757,0.630874576492424,0.3949587255836775,0.5630566358522553,0.38837415144552523,0,0,0.11397842123799705,0.38605030348605585,0.7172228080986971,0.1050412744163225,0,0,✅ Stable performance.
2025-08-19 10:26:26,0.36682065324989166,0.31837827554580356,0.7105135616782213,0.2694263402730921,0.6190729647453534,0.6945863075757601,0,0,0.11199190572368387,0.38306765590518543,0.7174769848977662,0.2305736597269079,0,0,✅ Stable performance.
2025-08-19 10:26:27,0.30289518434588625,0.40781430629696475,0.739984491948304,0.7869710112612474,0.490375325713317,0.6207923694768527,1,0,0.11103723938161687,0.39042391309646696,0.7180005694749647,0.28697101126124736,0,0,✅ Stable performance.
2025-08-19 10:26:28,0.24880587570711787,0.48616361244979445,0.6837287656421703,0.4738587262913665,0.6259946337630775,0.6320642242978503,0,0,0.1059105955133675,0.39176880646216444,0.7174444430446465,0.026141273708633506,0,0,✅ Stable performance.
2025-08-19 10:26:29,0.3575511345193976,0.4139060398653418,0.8165195710825285,0.46859737616300423,0.43339371638910373,0.5196186449719076,0,0,0.10614196555643304,0.3954980785400652,0.719139080380319,0.03140262383699577,0,0,✅ Stable performance.
2025-08-19 10:26:30,0.22082597923111869,0.24230035178090029,0.698524114104183,0.5643040976046856,0.2386959755112512,0.5328815855430971,0,0,0.10757590593981639,0.3940858649434477,0.7185797526222326,0.06430409760468558,0,0,✅ Stable performance.
2025-08-19 10:26:31,0.0022559730305447,0.31971755560491577,0.728563492386712,0.6197506942346167,0.47307128891559325,0.5194857353672682,0,0,0.12137852826122858,0.3970342646206472,0.7181756610798148,0.1197506942346167,0,0,✅ Stable performance.
2025-08-19 10:26:32,0.40061758167986583,0.3926027136405622,0.7587627502006471,0.6173126441182974,0.5405970196193381,0.5618667078290751,0,0,0.112487700488219,0.4027673300682256,0.7186453363522638,0.11731264411829745,0,0,✅ Stable performance.
2025-08-19 10:26:33,0.456533938549891,0.392433439567417,0.7017309245398943,0.6362359676014195,0.4935953148273362,0.6959302418404825,0,0,0.1129958697564027,0.40703326973084714,0.7181081297134609,0.13623596760141954,0,0,✅ Stable performance.
2025-08-19 10:26:34,0.07004606462386276,0.5972542176789808,0.6393000302112244,0.3837249410589587,0.3712278908477118,0.6229020356716504,0,0,0.11982230350711105,0.41597181351224816,0.7182213567673691,0.11627505894104129,1,1,⚠ Performance drop predicted — monitor closely.
2025-08-19 10:26:35,0.23093802993283497,0.2614012057601002,0.710529474877075,0.4330546027796358,0.28014912613422105,0.6468963587831817,0,0,0.12062513915577218,0.4048409899124963,0.7181558068670902,0.06694539722036419,0,0,✅ Stable performance.
2025-08-19 10:26:36,0.4245049648108967,0.4505589241835875,0.7837677476407101,0.5911119586927933,0.4605695906724967,0.6468153347790015,0,0,0.12237754654477634,0.4082792196382666,0.7189476029951511,0.09111195869279332,0,0,✅ Stable performance.
2025-08-19 10:26:37,0.5955101577757893,0.548911310832829,0.7157844821265574,0.39905166589197183,0.6562636644384572,0.7031135862432327,0,0,0.13227957116128747,0.41265042964513404,0.7183929246821444,0.10094833410802817,1,1,⚠ Performance drop predicted — monitor closely.
2025-08-19 10:26:38,0.35481969738027197,0.6271449745422797,0.6906410420143219,0.4764260205550688,0.7059642128035812,0.6158918250965437,0,0,0.12900473547838193,0.41888699084152226,0.7185980403642466,0.023573979444931226,1,1,⚠ Performance drop predicted — monitor closely.
2025-08-19 10:26:39,0.26672783328826255,0.3595602576816039,0.7795798861838632,0.5362580377190325,0.6964710481104128,0.6262330718213418,0,0,0.12914284681692106,0.4171021154768562,0.7202521518893623,0.036258037719032465,0,0,✅ Stable performance.
2025-08-19 10:26:40,0.3319451109727878,0.44914294527202003,0.7170910495290309,0.5935050336052394,0.41873161986895413,0.7476339376394205,0,0,0.12734797642642265,0.4189983585216769,0.7207884419935359,0.09350503360523943,0,0,✅ Stable performance.
2025-08-19 10:26:41,0.5171516841634725,0.4569760357198647,0.708455272269129,0.21382519937782885,0.3719066978780816,0.4764645392731932,0,0,0.13019806823224775,0.4248818722576698,0.7202498150203743,0.28617480062217115,0,0,✅ Stable performance.
2025-08-19 10:26:42,0.27839169148455345,0.4195481731553291,0.7417696360562617,0.5830696727402609,0.6006746682785176,0.44857067576607657,0,0,0.13016252304436243,0.42069705286858344,0.7198463128374466,0.08306967274026089,0,0,✅ Stable performance.
2025-08-19 10:26:43,0.2609113356448898,0.3901154798760694,0.7731678606754919,0.4425571312626664,0.6198685493814562,0.4002742430893642,0,0,0.1279113231804913,0.41434358005232613,0.7211616733896614,0.05744286873733362,0,0,✅ Stable performance.
2025-08-19 10:26:44,0.29908882255412217,0.44359753895000464,0.8540495454026362,0.5819899895135663,0.5873028225067736,0.6004986659965643,0,0,0.12730965180314407,0.4214056936644019,0.7227233180262058,0.08198998951356629,0,0,✅ Stable performance.
2025-08-19 10:26:45,0.2440342952981185,0.14677539147803148,0.7766591928203365,0.5922823221269544,0.2526452114750928,0.30259125951155585,0,0,0.12809547816255934,0.41637830201662424,0.7236433002297396,0.09228232212695442,0,0,✅ Stable performance.
2025-08-19 10:26:46,0.37222499512729623,0.46820694900626314,0.7936229043783389,0.7153896645309934,0.41166552922301936,0.6413440029000705,0,0,0.12430771647924999,0.41958456812475636,0.7250469236374883,0.2153896645309934,0,0,✅ Stable performance.
2025-08-19 10:26:47,0.5508997826767785,0.4126177903661967,0.7106661147309853,0.677692076904552,0.5277164483253043,0.5577710636266273,1,0,0.1279087392291113,0.4232202871199969,0.7251349572846364,0.17769207690455202,0,0,✅ Stable performance.
2025-08-19 10:26:48,0.39742700158257227,0.3777525103221735,0.6850045380033606,0.6766725343757805,0.5993693771587325,0.7397108093777689,0,0,0.12768340909308215,0.4207921522858831,0.7239914096806164,0.17667253437578045,0,0,✅ Stable performance.
2025-08-19 10:26:49,0.32999950654752164,0.6046862195719558,0.7397480294042469,0.6910573680667116,0.638194948887004,0.4754594368163536,0,0,0.12661160088479292,0.430042600279637,0.7241055562460995,0.19105736806671159,0,0,✅ Stable performance.
2025-08-19 10:26:50,0.32608411713521757,0.3325065981209448,0.742323476307727,0.5203493500975838,0.5518280902787858,0.5440030448202504,0,0,0.12650238128577332,0.4205759666576465,0.7226318619405657,0.020349350097583763,0,0,✅ Stable performance.
2025-08-19 10:26:51,0.1762276647589014,0.3596924010934969,0.6833728620979737,0.4819506611197548,0.5776846593968252,0.7378916988233237,0,0,0.12675707452768056,0.41526388471295106,0.722776807146716,0.01804933888024518,0,0,✅ Stable performance.
2025-08-19 10:26:52,0.46683834852992945,0.5991553302204734,0.7288672912924592,0.6064874146514989,0.5435957992828149,0.7760591751838186,0,0,0.12775886493899197,0.4211938156181928,0.7225324955748942,0.10648741465149891,1,1,⚠ Performance drop predicted — monitor closely.
2025-08-19 10:26:53,0.3537842045448367,0.31679386951501437,0.7579314164950728,0.5856378383415017,0.6268714733120482,0.4742548666587145,0,0,0.12776824737961254,0.41499699039096083,0.7236397797059593,0.08563783834150174,0,0,✅ Stable performance.
2025-08-19 10:26:54,0.342430013888648,0.3449884717063461,0.7563187247814765,0.4313954452863955,0.575200869612789,0.6003328897274751,0,0,0.12725146227087802,0.4094769380333147,0.724998031979088,0.0686045547136045,0,0,✅ Stable performance.
2025-08-19 10:26:55,0.742936679152365,0.38529745765691503,0.7638469663212426,0.5371557532979496,0.5409443304280424,0.6168088041739073,0,0,0.1468897215537162,0.4108666782487393,0.7257608464258937,0.03715575329794962,0,0,✅ Stable performance.
2025-08-19 10:26:56,0.4008549942256172,0.48407344821295495,0.7535143287803574,0.47198312916290286,0.4946309567625278,0.6283986993265558,0,0,0.1472113230245108,0.4163898506709777,0.7262223752562921,0.02801687083709714,0,0,✅ Stable performance.
2025-08-19 10:26:57,0.2772316733690152,0.4207802507353314,0.7139491779314389,0.35067531243951633,0.543100371744591,0.5353352627918921,0,0,0.14753328870137572,0.41682204881892326,0.7237015753658067,0.14932468756048367,0,0,✅ Stable performance.
2025-08-19 10:26:58,0.31663966591521797,0.2707374652847737,0.7139380981839559,0.6683598934101438,0.5990052515995234,0.7611755201344224,0,0,0.14655240972405295,0.40964117724675586,0.7237602983114583,0.1683598934101438,0,0,✅ Stable performance.
2025-08-19 10:26:59,0.5040789281181564,0.3467831436872811,0.6800190782381605,0.48536012950016305,0.5689089344093556,0.29732962086773884,0,0,0.14938180573624543,0.40740374737415386,0.7240365063758236,0.014639870499836949,0,0,✅ Stable performance.
2025-08-19 10:27:00,0.3823097627592964,0.33926455667877886,0.8295389187185656,0.7806916681816785,0.584621496791327,0.5121429339811385,0,0,0.147448738926803,0.4106358875374165,0.7256298285986891,0.28069166818167846,0,0,✅ Stable performance.
2025-08-19 10:27:01,0.19937375561505433,0.3922778954776955,0.7413062036117318,0.23637143332340083,0.7179581080852326,0.6392635021189947,0,0,0.135019883292711,0.4130545655331758,0.7277034225552833,0.2636285666765992,0,0,✅ Stable performance.
2025-08-19 10:27:02,0.47957718974733576,0.44258436586298294,0.7297245512124809,0.3946976807506135,0.5685885221795246,0.6406229793815852,0,0,0.1365524220724652,0.4147206206072565,0.7279261942824143,0.10530231924938649,0,0,✅ Stable performance.
2025-08-19 10:27:03,0.29241829794532426,0.4418205755887972,0.6948611185510569,0.48201788257823885,0.44186859306730586,0.7716158819640404,0,0,0.13604474009157794,0.4163668584746359,0.7274723651007476,0.017982117421761146,0,0,✅ Stable performance.
2025-08-19 10:27:04,0.5944348278263318,0.2223988245951598,0.8884171363615252,0.6456816680373225,0.654316213545481,0.7490117097397977,0,0,0.13117078081731082,0.4038716787051752,0.7295900983216895,0.14568166803732252,0,0,✅ Stable performance.
2025-08-19 10:27:05,0.5013813913872218,0.5063940987560857,0.6883013582554478,0.5363625711558737,0.34245134980991976,0.5319759511283655,0,0,0.1300755454633316,0.41203810847170796,0.7282178250417702,0.03636257115587371,0,0,✅ Stable performance.
2025-08-19 10:27:06,0.321362773012966,0.4252568845996624,0.7208588822077453,0.5231780266888757,0.38192784528619983,0.763879801536381,0,0,0.13038565421669712,0.4111947071522438,0.7286136117409778,0.023178026688875697,0,0,✅ Stable performance.
2025-08-19 10:27:07,0.527077177975039,0.5384532047593906,0.7634266389238084,0.3101822773167968,0.5783865489424129,0.4692977495527848,0,0,0.12708873357961945,0.41084610361646257,0.7294191727381976,0.18981772268320318,0,0,✅ Stable performance.
2025-08-19 10:27:08,0.3843050804330843,0.4444198327290672,0.7729789640181756,0.30578564174281464,0.6034140566108088,0.7099072498272099,0,0,0.12699895697885835,0.40475526555602215,0.7308913028566164,0.19421435825718536,0,0,✅ Stable performance.
2025-08-19 10:27:09,0.4782670812308165,0.5101322957735762,0.7911984371132023,0.5249605124049923,0.3592445946352698,0.8385745324259426,0,0,0.12629051470586486,0.4097743334924212,0.7329631503197589,0.024960512404992308,1,1,😴 Fatigue predicted — substitute player advised.
2025-08-19 10:27:10,0.4356411492602035,0.44665453114501275,0.8340157783623375,0.27509491568871036,0.47876623932800033,0.7514572140916074,0,0,0.1261132025419994,0.4096913863548543,0.7345447637148725,0.22490508431128964,0,0,✅ Stable performance.
2025-08-19 10:27:11,0.2789269607421083,0.5346225756202748,0.7692767543683664,0.398386682029098,0.4478173675916697,0.5892145186602451,0,0,0.1254450626610506,0.41227960435153466,0.7363614016730433,0.101613317970902,0,0,✅ Stable performance.
2025-08-19 10:27:12,0.30395206532251917,0.4522250636017779,0.6915008502184538,0.5513917387475145,0.4643694708103192,0.5252126830183057,0,0,0.1247892674422137,0.41336883403308294,0.736160417045004,0.05139173874751446,0,0,✅ Stable performance.
2025-08-19 10:27:13,0.5032295583725261,0.3902084753557096,0.7317886525821544,0.3316545712535528,0.6626320813563744,0.35015075555422326,0,0,0.12434259673816853,0.4133719338824043,0.7371091263621082,0.1683454287464472,0,0,✅ Stable performance.
2025-08-19 10:27:14,0.34255755519523823,0.6272434720446882,0.7603610460853941,0.7150105428074918,0.6297666740269792,0.6191668291729306,0,1,0.12346347807656705,0.4194934649855604,0.737241102638751,0.21501054280749177,1,1,😴 Fatigue predicted — substitute player advised.
2025-08-19 10:27:15,0.3354232769335921,0.48890371222798923,0.8487142481564474,0.6585045316248355,0.529181177198017,0.41061641719929987,0,0,0.12072727348976285,0.4308977423438923,0.7377969512120734,0.15850453162483547,0,0,✅ Stable performance.
2025-08-19 10:27:16,0.2711215614871585,0.4573744421004413,0.6757461907813977,0.24438205536090418,0.4561513826340402,0.4577285532818234,0,0,0.12284293728379302,0.4305366587803649,0.738050288587179,0.2556179446390958,0,0,✅ Stable performance.
2025-08-19 10:27:17,0.43551042748393587,0.2723695583461664,0.8060988085853303,0.3390549415714754,0.3447453031237586,0.39956859036221903,0,0,0.11951890670406604,0.4258617177130306,0.7409301363654044,0.16094505842852458,0,0,✅ Stable performance.
2025-08-19 10:27:18,0.6307360764902747,0.27116923825364625,0.7552992204228461,0.13855247391912018,0.7286959323676077,0.5063999304728615,0,0,0.12734974189501874,0.422308941977413,0.7415176560326078,0.3614475260808798,0,0,✅ Stable performance.
2025-08-19 10:27:19,0.26096106527358565,0.42927154821418534,0.7885285473284557,0.3612443183310212,0.6139098742917111,0.5696519335941221,0,0,0.12922756355274642,0.41646178626548735,0.7425362852701238,0.13875568166897878,0,0,✅ Stable performance.
2025-08-19 10:27:20,0.3913772154012416,0.4145521197768241,0.7418708033566415,0.5907203807883485,0.4338743768097326,0.6137656727897427,0,0,0.12856589986657901,0.41919663698735,0.7426025922054192,0.09072038078834854,0,0,✅ Stable performance.
2025-08-19 10:27:21,0.5569001601213952,0.3385877434991684,0.7051824263035781,0.4158654312917043,0.6315817508575994,0.48590492444299827,0,0,0.12468051454826588,0.4184931484008724,0.742606017397799,0.08413456870829572,0,0,✅ Stable performance.
2025-08-19 10:27:22,0.3812372226305216,0.414098269961206,0.7851812154014174,0.5454480853786565,0.5220975664090202,0.7301509610754076,0,0,0.12432307170268145,0.41232457972556347,0.7437324627511109,0.04544808537865652,0,0,✅ Stable performance.
2025-08-19 10:27:23,0.4453628199432429,0.5588626928043596,0.7806926464080882,0.25165393088693655,0.49203314614517657,0.543288210357463,0,0,0.12408185205789432,0.42039354050187494,0.7443050818863716,0.24834606911306345,0,0,✅ Stable performance.
2025-08-19 10:27:24,0.26700266404370665,0.46954024745502987,0.7969074619612496,0.5953998538584764,0.5921602852506682,0.45852021902502704,0,0,0.12625567251874292,0.42454526636016443,0.7445816222354069,0.09539985385847638,0,0,✅ Stable performance.
2025-08-19 10:27:25,0.4447255780049284,0.2858991490247262,0.7479729005267881,0.39494501811648375,0.42904640895285295,0.6068436734642071,0,0,0.10962628222446234,0.4212319894057581,0.746533260969313,0.10505498188351625,0,0,✅ Stable performance.
2025-08-19 10:27:26,0.37292814211264425,0.38884911728570565,0.7189805497511838,0.4789854473994586,0.48418081559514725,0.8609588143248921,0,0,0.10972089781350639,0.4180578450415165,0.7466743774371957,0.021014552600541414,0,0,✅ Stable performance.
2025-08-19 10:27:27,0.5130117651524468,0.31950335191474394,0.6713658197874405,0.4634235110558005,0.5486686313730642,0.6227682179720491,0,0,0.10927467358097427,0.4146819484141636,0.7455307329011814,0.036576488944199514,0,0,✅ Stable performance.
2025-08-19 10:27:28,0.5380370060123254,0.3612300083591439,0.7906073515670595,0.28880698856509834,0.462598636060672,0.5206669633422436,0,0,0.110565638136965,0.4176983665166426,0.7473120426665961,0.21119301143490166,0,0,✅ Stable performance.
2025-08-19 10:27:29,0.7053024371818293,0.3586384334370357,0.7711666809037449,0.30635705279598646,0.6245795304529476,0.3503160358256795,0,0,0.12184482559911797,0.41809354284163436,0.7465561611636163,0.19364294720401354,0,0,✅ Stable performance.
2025-08-19 10:27:30,0.4683227035655779,0.35223544173959953,0.702016593759804,0.6205579893427786,0.7909192718903948,0.5416489143050598,0,0,0.12196001370984198,0.4185259056769951,0.7466143691578768,0.12055798934277862,0,0,✅ Stable performance.
2025-08-19 10:27:31,0.43940475165718107,0.27448646280266054,0.723710560359627,0.5362918733717965,0.42727210697872176,0.608106870404967,0,0,0.1144952411850001,0.4145995245878273,0.7465334869574253,0.03629187337179651,0,0,✅ Stable performance.
2025-08-19 10:27:32,0.42499814165298533,0.387234531848181,0.7276348220483426,0.6327437227856372,0.3010145096849217,0.5170503130618755,0,0,0.11411356671464784,0.4127545301206672,0.7460146881548869,0.13274372278563717,0,0,✅ Stable performance.
2025-08-19 10:27:33,0.36129597053365026,0.343939236315269,0.6771570596682501,0.5252795572030684,0.2543534234311209,0.33014151799896496,0,0,0.11196012210664942,0.40949181881154956,0.7456051237403596,0.025279557203068403,0,0,✅ Stable performance.
2025-08-19 10:27:34,0.4444158263544278,0.10705513099977321,0.7107556800585706,0.49836612383853973,0.5109741822904854,0.4493279614061787,0,0,0.10765266265875642,0.4056470290250367,0.7467960512378153,0.0016338761614602682,0,0,✅ Stable performance.
2025-08-19 10:27:35,0.3704982706491984,0.6052972024501664,0.695281800669966,0.22147998397826196,0.43990491215310445,0.786503512963241,0,0,0.10712191108644045,0.4089437991481727,0.7465419233343635,0.27852001602173804,1,1,⚠ Performance drop predicted — monitor closely.
2025-08-19 10:27:36,0.42664367516656143,0.5088769654216673,0.7316828865373433,0.4371286497016933,0.5606452013977834,0.783499427727161,0,0,0.10545230921566073,0.41173113517557286,0.745673842315974,0.0628713502983067,1,1,⚠ Performance drop predicted — monitor closely.
2025-08-19 10:27:37,0.5639837481555539,0.3623699275075004,0.7157054808367183,0.473125657257766,0.5502123724934731,0.44405132427530747,0,0,0.1068939956837941,0.40586169260050986,0.7456725256278101,0.026874342742233992,0,0,✅ Stable performance.
2025-08-19 10:27:38,0.28983049521231186,0.40188190497405984,0.6716236283313154,0.7665286983806339,0.3095961730581478,0.6721495904801678,0,0,0.10952010148674374,0.40444376167534296,0.7453555687330933,0.26652869838063387,0,0,✅ Stable performance.
2025-08-19 10:27:39,0.5453367176175263,0.28283456526824385,0.8544369045245832,0.5789528248504339,0.2802551896658829,0.4013491797148072,0,0,0.11136215213436507,0.3968671706584985,0.7466031857054387,0.07895282485043387,0,0,✅ Stable performance.
2025-08-19 10:27:40,0.5675479000644028,0.5695722877810866,0.816267948169027,0.7047447581850412,0.5728537222804038,0.7791573403100198,0,0,0.11436220147577758,0.4009644292130343,0.7482561340161052,0.20474475818504123,1,1,😴 Fatigue predicted — substitute player advised.
2025-08-19 10:27:41,0.3987318725275144,0.5897288694773112,0.7150234591630226,0.565705716930621,0.5506048243367219,0.6096146168441834,0,0,0.11096970168779666,0.40280130567493555,0.74836560379767,0.065705716930621,1,1,⚠ Performance drop predicted — monitor closely.
2025-08-19 10:27:42,0.16255562946407442,0.4156693728246525,0.7679290186931588,0.37180541166738834,0.4728055672892699,0.7126504795285891,0,0,0.11934190692015921,0.40158278264903136,0.748801593508285,0.12819458833261166,0,0,✅ Stable performance.
2025-08-19 10:27:43,0.3431613487315952,0.5023530644185346,0.7755147219729994,0.49453410243069884,0.3021209234097242,0.32287045238007384,0,0,0.11946993991657746,0.4053209356177922,0.7488407078632435,0.005465897569301159,0,0,✅ Stable performance.
2025-08-19 10:27:44,0.5700706688501509,0.41752867789339243,0.8145292788420648,0.5121782754362538,0.5971754698297591,0.6728634510765363,0,0,0.12137388687942206,0.3983304424794157,0.7481820367539007,0.012178275436253827,0,0,✅ Stable performance.
2025-08-19 10:27:45,0.4149384113883785,0.26632745611240694,0.7143782533918435,0.33804986680376103,0.7081408169457557,0.5726206050922453,0,0,0.12007873837031778,0.39091123394222965,0.747144021096759,0.16195013319623897,0,0,✅ Stable performance.
2025-08-19 10:27:46,0.30049900342493086,0.3588176631036343,0.810247362545425,0.42023687617070005,0.5703654072807072,0.6983577431121732,0,0,0.11882181352862181,0.3876260079756694,0.7474210953995438,0.07976312382929995,0,0,✅ Stable performance.
2025-08-19 10:27:47,0.3603377272642141,0.4131927966771957,0.7285802767574133,0.4466988746492593,0.4143562127293152,0.707564009498149,0,0,0.11959015893696412,0.392320115920037,0.747719664766651,0.05330112535074072,0,0,✅ Stable performance.
2025-08-19 10:27:48,0.5209882829286501,0.3545452281256556,0.6895159403807858,0.7150496342751311,0.5380076265871279,0.5833656722218508,0,0,0.11488748798210481,0.3950993155824373,0.7477948548062747,0.21504963427513113,0,0,✅ Stable performance.
2025-08-19 10:27:49,0.4874279898259557,0.37813467225649644,0.7928494071763976,0.16892796220556683,0.34246302936161843,0.4858576775718437,0,0,0.11088016061514104,0.39339475305051436,0.7486798777691439,0.33107203779443317,0,0,✅ Stable performance.
2025-08-19 10:27:50,0.3956079911625461,0.3908600442490886,0.8215140190382506,0.6558204232557703,0.6784849130373249,0.6877919874504672,0,0,0.11082426240636471,0.39260501719958985,0.7499997201479861,0.15582042325577028,0,0,✅ Stable performance.
2025-08-19 10:27:51,0.38172234857249565,0.3919121502134539,0.8867050651301198,0.3383995423288382,0.5431770152903037,0.5649441093642746,0,0,0.1088335817087116,0.39438249742339937,0.7533885901985218,0.16160045767116182,0,0,✅ Stable performance.
2025-08-19 10:27:52,0.38003875269082066,0.40522584904974834,0.6976568718205312,0.2739137143636863,0.28673241014903006,0.44607782855253353,0,0,0.10885239138254864,0.39408675005968413,0.7528684165406563,0.22608628563631372,0,0,✅ Stable performance.
2025-08-19 10:27:53,0.3184435362312039,0.2939394933603399,0.7929226379505376,0.6519869393422137,0.49015280469116673,0.4391492521853091,0,0,0.11069192082990124,0.38525597674488343,0.753451603564914,0.15198693934221374,0,0,✅ Stable performance.
2025-08-19 10:27:54,0.6203877381315388,0.3282983850872064,0.737820110128278,0.5856107449696077,0.5960540795617204,0.35767314401755157,0,0,0.11199194670911983,0.380547914665956,0.7531432933206941,0.08561074496960774,0,0,✅ Stable performance.
2025-08-19 10:27:55,0.39209886942082095,0.27154157343000307,0.7978116264656125,0.6630352033289739,0.4856652682471214,0.49910105563849627,0,0,0.11228998100672671,0.3800693288127986,0.753709370989767,0.16303520332897392,0,0,✅ Stable performance.
2025-08-19 10:27:56,0.5757745948175337,0.4977815549686201,0.6854527319993048,0.5958038040901257,0.49358758523953705,0.7350377150305609,0,0,0.11445053833423655,0.3837004100688957,0.752575011043416,0.09580380409012568,0,0,✅ Stable performance.
2025-08-19 10:27:57,0.6130977121061578,0.18943530581596757,0.6961722393973955,0.7823415387003374,0.3621069326377113,0.5997548999067082,0,0,0.11797483833164395,0.3793648085322698,0.7522787287345153,0.2823415387003374,0,0,✅ Stable performance.
2025-08-19 10:27:58,0.5524250200102181,0.5153590343316926,0.7208505056454558,0.5599555750691922,0.610364992556145,0.49625215351192287,0,0,0.1183902003887224,0.38450244273135475,0.7523939355255403,0.059955575069192246,0,0,✅ Stable performance.
2025-08-19 10:27:59,0.3843063256372077,0.5386349397262844,0.7639259677086406,0.45400096281765334,0.44194196673399766,0.691472192403098,0,0,0.10826925051618834,0.39050232627432974,0.7537923836833816,0.04599903718234666,1,1,😴 Fatigue predicted — substitute player advised.
2025-08-19 10:28:00,0.4845714708046107,0.36978194130173786,0.7282572207197751,0.5279859198987737,0.23290840200174623,0.45197386833665765,0,0,0.10847784625193449,0.3910872095930677,0.7521043553834018,0.027985919898773748,0,0,✅ Stable performance.
2025-08-19 10:28:01,0.43517141922591707,0.13968629121727016,0.7935975198638201,0.6613982467480062,0.48036868577576586,0.5876903330738645,0,0,0.10847651767446337,0.3865938705402213,0.7529758773209366,0.16139824674800618,0,0,✅ Stable performance.
2025-08-19 10:28:02,0.33227233006136103,0.36386894380327095,0.8123230522025012,0.36172076324975455,0.6678374790634098,0.5474679581367599,0,0,0.11011623604533903,0.385815017605391,0.7543525190041035,0.13827923675024545,0,0,✅ Stable performance.
2025-08-19 10:28:03,0.479071272880496,0.3935815838711181,0.7912907169733296,0.3806074879172048,0.4781962443616994,0.687709261522296,0,0,0.10956463558391558,0.3874697625239193,0.7559596789778081,0.11939251208279522,0,0,✅ Stable performance.
2025-08-19 10:28:04,0.3022601747897924,0.2989401780071087,0.8425847405155616,0.4314111817329902,0.7727489337164979,0.34303644160611335,0,0,0.11227623512131395,0.3938659307574971,0.7551958057137088,0.0685888182670098,0,0,✅ Stable performance.
2025-08-19 10:28:05,0.5839664978934689,0.34847816061917575,0.7827702086267417,0.1653958109949456,0.591294808892429,0.4493817379262772,0,0,0.11495509610183086,0.3853052960297975,0.7567702865532303,0.3346041890050544,0,0,✅ Stable performance.
2025-08-19 10:28:06,0.3895182065130023,0.5530195198863351,0.7014675602584226,0.4976383943085678,0.5787900535221837,0.3341112307999098,0,0,0.11529695060396711,0.38677671451195306,0.7564470978540749,0.002361605691432178,0,0,✅ Stable performance.
2025-08-19 10:28:07,0.46970720741625893,0.46649271623017413,0.8308147400738043,0.19775903757775826,0.51403347781222,0.5357710023342073,0,0,0.11301266439498013,0.39024747413604216,0.7575702328732415,0.30224096242224174,0,0,✅ Stable performance.
2025-08-19 10:28:08,0.48074931224990536,0.30754358856219,0.7327216212380439,0.4850431062532743,0.5223661278838518,0.7509428283163351,0,0,0.10988458712346699,0.38710286358897983,0.7568992771602393,0.014956893746725708,0,0,✅ Stable performance.
2025-08-19 10:28:09,0.41782567076464705,0.2402400830404568,0.8088338766240786,0.6053722669090615,0.49531644853528833,0.499809597026853,0,0,0.10817955625687499,0.3856830475147203,0.7571932011520873,0.10537226690906154,0,0,✅ Stable performance.
2025-08-19 10:28:10,0.5193228818393032,0.3672982682390229,0.8423331810890118,0.4065349348721359,0.4899317036191362,0.49904360254281044,0,0,0.10652107065862323,0.3789405801966515,0.7573318245308652,0.09346506512786412,0,0,✅ Stable performance.
2025-08-19 10:28:11,0.3948642947852423,0.3786543220649562,0.7868143894192328,0.725641527584767,0.6054199364443686,0.7012532782515197,0,0,0.10656951943517813,0.37190476194957306,0.7576241184483796,0.22564152758476697,0,0,✅ Stable performance.
2025-08-19 10:28:12,0.5556724074749892,0.44961991873633167,0.6895055668459367,0.26081434029360206,0.4021082409971095,0.7300435747047185,0,0,0.0954470167978257,0.3730364468132957,0.7575908637255043,0.23918565970639794,0,0,✅ Stable performance.
2025-08-19 10:28:13,0.2942950140243519,0.34646832874323413,0.718736417800136,0.6536637440279613,0.3826929579259315,0.5607875192214216,0,0,0.09769788755722397,0.36784028895745224,0.7573733264791375,0.15366374402796135,0,0,✅ Stable performance.
2025-08-19 10:28:14,0.47005082152061295,0.45114995753618614,0.8311177680913386,0.5772017951590467,0.3761361281607538,0.6738987384785018,0,0,0.09502010841612347,0.36896099827887874,0.7585526051792365,0.07720179515904668,0,0,✅ Stable performance.
2025-08-19 10:28:15,0.6861111945398093,0.593515404006023,0.7568579290863974,0.22295809725331317,0.8153976614628111,0.41621323342189176,0,0,0.10461513253388748,0.379867263208666,0.7570216665280689,0.27704190274668683,0,0,✅ Stable performance.
2025-08-19 10:28:16,0.3391969512020103,0.4815501022444263,0.7696262587371029,0.8787774495055412,0.6053472641958177,0.7753042120147688,0,0,0.10289927470869507,0.38395834451335903,0.7585863343273307,0.37877744950554115,0,0,✅ Stable performance.
2025-08-19 10:28:17,0.37873268858646836,0.3951911492669228,0.8039223214196314,0.46773890470772317,0.5740401536215396,0.888041854475206,0,0,0.10237594001175487,0.38335828959968327,0.7585500595412358,0.03226109529227683,0,0,✅ Stable performance.
2025-08-19 10:28:18,0.5212315733469532,0.3816849528946705,0.8011307623369235,0.34718629553893887,0.38524065135916175,0.6499831623147982,0,0,0.10238139611350859,0.3842629470919838,0.759313918573137,0.15281370446106113,0,0,✅ Stable performance.
2025-08-19 10:28:19,0.482938407498974,0.3643326865820129,0.7805881284736367,0.2687273978500748,0.6182387118118347,0.26886068673553,0,0,0.10233492215863434,0.3838028809028343,0.75918157825889,0.23127260214992518,0,0,✅ Stable performance.
2025-08-19 10:28:20,0.5045193349694692,0.5180640912452145,0.7565482379147968,0.44458763273270385,0.5156729089737664,0.49208883645509394,0,0,0.10210961481709002,0.38804301580270517,0.7594262021681927,0.05541236726729615,0,0,✅ Stable performance.
2025-08-19 10:28:21,0.5222501002582955,0.3372686554048697,0.7516817528106585,0.45830765846459753,0.561519668604058,0.6633832067260017,0,0,0.10171175187754339,0.38622156597575236,0.7602011909433107,0.041692341535402466,0,0,✅ Stable performance.
2025-08-19 10:28:22,0.5408066160692595,0.40452227089999826,0.8105436349833,0.4923891344082474,0.39645411449688206,0.5120913342039479,0,0,0.1014414602705416,0.3861981133707607,0.7606238979363421,0.007610865591752614,0,0,✅ Stable performance.
2025-08-19 10:28:23,0.5983932397580105,0.40511979018810856,0.7956606888935788,0.4330650691476503,0.5540481138075757,0.7598320210992269,0,0,0.10007118007252098,0.38990412326501966,0.7608733653111002,0.0669349308523497,0,0,✅ Stable performance.
2025-08-19 10:28:24,0.5167861614299831,0.34982158071884684,0.755450730930756,0.5709927133705972,0.4730806504024243,0.6597749242609321,0,0,0.09669685215958806,0.39062156311940766,0.7601824197939254,0.0709927133705972,0,0,✅ Stable performance.
2025-08-19 10:28:25,0.4409599032019291,0.26275344521158994,0.8227548652327589,0.41975651739977415,0.42570391123455664,0.47040449021448527,0,0,0.09567707590019234,0.39032862551212716,0.7614287858723581,0.08024348260022585,0,0,✅ Stable performance.
2025-08-19 10:28:26,0.5505358710080688,0.4322974503617668,0.762531062448069,0.19052423821684394,0.6335926686323834,0.5784626030659601,0,0,0.09487309999261404,0.3881458220252321,0.7621546277506396,0.30947576178315606,0,0,✅ Stable performance.
2025-08-19 10:28:27,0.697249575969203,0.3938996028144617,0.7267331781092949,0.4550551561588052,0.31867694499731014,0.44299902536914626,0,0,0.10020000020139609,0.3949612985918486,0.7630774170560037,0.04494484384119479,0,0,✅ Stable performance.
2025-08-19 10:28:28,0.45775100608279895,0.450024046943657,0.7317012705023037,0.12644883792783634,0.6101203691353736,0.5470357923215845,0,0,0.09924603042663897,0.3927834656789141,0.7620956490382579,0.37355116207216366,0,0,✅ Stable performance.
2025-08-19 10:28:29,0.35931014238351944,0.3466399693560833,0.721046282253439,0.5295924589554453,0.6267143850638242,0.49262083629837394,0,0,0.10012921314391131,0.3863836333332407,0.7612603090607527,0.029592458955445267,0,0,✅ Stable performance.
2025-08-19 10:28:30,0.6072318964106627,0.5220821298813048,0.7566963418601993,0.332102572726519,0.40989688178300643,0.7455796084489004,0,0,0.1030569170017267,0.39146030628589296,0.7621716381957593,0.167897427273481,1,1,😴 Fatigue predicted — substitute player advised.
2025-08-19 10:28:31,0.4631062064112923,0.31232262187881554,0.8323365752286497,0.5013838281658409,0.41811907448209507,0.8832595547852806,0,0,0.1027859491887572,0.39721485064127776,0.7639820717769098,0.001383828165840928,0,0,✅ Stable performance.
2025-08-19 10:28:32,0.22125598162103843,0.5712040284017893,0.730729120881771,0.6718582622786626,0.5009163568300474,0.36439822547848677,0,0,0.10998075177512272,0.404126020127895,0.7640336434241335,0.17185826227866263,0,0,✅ Stable performance.
2025-08-19 10:28:33,0.5803575763303512,0.22523634901717385,0.7807411866056579,0.3366286780896246,0.5709273352856017,0.29242758675982483,0,0,0.11165651156881225,0.3985145122994302,0.765760045539757,0.1633713219103754,0,0,✅ Stable performance.
2025-08-19 10:28:34,0.41782600080171717,0.44347700645568916,0.7388164498948385,0.6344040336262515,0.5106433204119432,0.5378808948205258,0,0,0.10728398728736935,0.4033324065810496,0.7662277250370282,0.13440403362625153,0,0,✅ Stable performance.
2025-08-19 10:28:35,0.4718113582016208,0.4475430682526624,0.7589689837340936,0.412977369397026,0.5919316937197046,0.35163917555556257,0,0,0.10555142164141806,0.4066345701688325,0.7672891780880969,0.087022630602974,0,0,✅ Stable performance.
2025-08-19 10:28:36,0.5231537739616334,0.3204442932059118,0.6968158938198592,0.7369123609956127,0.7762136598232878,0.5805026489353029,0,0,0.10448794084885979,0.3988820626128184,0.7667080615428056,0.23691236099561275,0,0,✅ Stable performance.
2025-08-19 10:28:37,0.5076731841201994,0.4424393937861013,0.7616245615827514,0.42308644054503164,0.46145287335068774,0.6832926053432224,0,0,0.10455379123215604,0.3980802851980159,0.7674733795552394,0.07691355945496836,0,0,✅ Stable performance.
2025-08-19 10:28:38,0.5704344666048309,0.5279518669760159,0.7632997226717865,0.35266639103277875,0.2940760001906093,0.7922964452436676,0,0,0.10573125085873196,0.4054272278118101,0.7690013144609139,0.14733360896722125,1,1,😴 Fatigue predicted — substitute player advised.
2025-08-19 10:28:39,0.4360613058531402,0.17831811606459358,0.8003329074852757,0.5789945752666767,0.6463202480092498,0.6032017991061114,0,0,0.10537132892298731,0.40336316224594804,0.7680995811769254,0.07899457526667675,0,0,✅ Stable performance.
2025-08-19 10:28:40,0.5497171551908175,0.4502744807490815,0.7848160745677158,0.4126217934713492,0.7651705974708611,0.5454896310111141,0,0,0.10583135059107297,0.4061290359962833,0.7675753832835703,0.0873782065286508,0,0,✅ Stable performance.
2025-08-19 10:28:41,0.459443144981039,0.15067291796699225,0.7140659412788014,0.35252468459068487,0.5862768725922187,0.28435787945867763,0,0,0.10450587504697369,0.39852965585968453,0.7675594246521665,0.14747531540931513,0,0,✅ Stable performance.
2025-08-19 10:28:42,0.5789869144161619,0.30343351964767923,0.8285289783500371,0.4063922119315362,0.38104965553951553,0.577573309836066,0,0,0.10508976490643256,0.3936567758900627,0.7685694239797812,0.09360778806846382,0,0,✅ Stable performance.
2025-08-19 10:28:43,0.5656202073768233,0.5629166364900946,0.7851677367804162,0.4705742455181827,0.5146580797883091,0.5841705524170675,0,0,0.09902359726725175,0.4008717194816248,0.7687303075599049,0.02942575448181728,0,0,✅ Stable performance.
2025-08-19 10:28:44,0.3831410280383716,0.3418217966607946,0.7849057792496471,0.6760219440320925,0.3767836942480103,0.6672055509600123,0,0,0.10119711038247248,0.39722744745244504,0.7682365825666978,0.17602194403209248,0,0,✅ Stable performance.
2025-08-19 10:28:45,0.623879921613721,0.28261200355910276,0.7748605043429722,0.19065406969718302,0.6209436035830547,0.4701101001060688,0,0,0.09778317172616273,0.38686400077088107,0.76924462008255,0.309345930302817,0,0,✅ Stable performance.
2025-08-19 10:28:46,0.43296317088233693,0.38020622710153185,0.7497652682725745,0.4806018712546889,0.3445178670647917,0.5101064612019826,0,0,0.09403567498552469,0.38348587159945124,0.7682365851780025,0.019398128745311105,0,0,✅ Stable performance.
2025-08-19 10:28:47,0.5934369920730973,0.6067906338163552,0.7868767762425781,0.5697598797024868,0.4902284313485432,0.3575505903963214,0,0,0.09274364168063022,0.3905391877510989,0.7692081935027554,0.06975987970248676,0,0,✅ Stable performance.
2025-08-19 10:28:48,0.5424510743766466,0.2168317752793974,0.8000995996730274,0.5058412950062805,0.39261195167018537,0.23858775483533068,0,0,0.09294481717804029,0.3850440818305899,0.7710512544909593,0.0058412950062805,0,0,✅ Stable performance.
2025-08-19 10:28:49,0.7179463387824276,0.2948690088360656,0.6893089119307768,0.6712345930236174,0.5494121290629574,0.4115993950195156,0,0,0.10047434633418363,0.38272862590572493,0.769325579570199,0.17123459302361743,0,0,✅ Stable performance.
2025-08-19 10:28:50,0.47491488329718035,0.5497431683179627,0.7500491732522062,0.4661685444254422,0.48105009239076413,0.34404610255947177,0,0,0.10072085105222915,0.3837845951414833,0.7681344988070982,0.0338314555745578,0,0,✅ Stable performance.
2025-08-19 10:28:51,0.4612233655267475,0.5857702343537733,0.7645733852207879,0.44984188600170594,0.5563343846539115,0.622995194749145,0,0,0.10115368938174624,0.3920679811064467,0.7660989708086094,0.05015811399829406,1,1,😴 Fatigue predicted — substitute player advised.
2025-08-19 10:28:52,0.5015213526574154,0.3896568775709716,0.7904627826471377,0.5649341460149975,0.5349300701387283,0.4979538478212311,0,0,0.10101514939039898,0.3915724679954791,0.7676457359890527,0.06493414601499747,0,0,✅ Stable performance.
2025-08-19 10:28:53,0.4691099839064412,0.2760947297473358,0.8376533212802364,0.4918955524414761,0.3950625621915096,0.4950133014058662,0,0,0.09987294865672512,0.3872716326474534,0.7683912473778811,0.008104447558523908,0,0,✅ Stable performance.
2025-08-19 10:28:54,0.6010046966011982,0.609584350180916,0.7397342488754973,0.41934483204217576,0.6187286957327824,0.429749599478898,0,0,0.10136311317616495,0.39593039162952237,0.7684231496903348,0.08065516795782424,0,0,✅ Stable performance.
2025-08-19 10:28:55,0.31593248327676604,0.5594442391749197,0.7537567158859007,0.5536475238013865,0.5250720402530473,0.10090453650312892,0,0,0.10667414006069366,0.4058200847616334,0.7676889011806729,0.05364752380138649,0,0,✅ Stable performance.
2025-08-19 10:28:56,0.38377947144950997,0.4678946987762233,0.7533616213159217,0.380512716968314,0.3948033481396016,0.7943689723934242,0,0,0.10852134408930252,0.4070066597087819,0.7688207160026166,0.11948728303168599,0,0,✅ Stable performance.
2025-08-19 10:28:57,0.3832892980392779,0.31875976510625803,0.7392454659644785,0.3866387470304389,0.8424659962668497,0.4274300712639185,0,0,0.10377267229128066,0.40450199845184176,0.7695386031120679,0.11336125296956112,0,0,✅ Stable performance.
2025-08-19 10:28:58,0.623562906602152,0.39509706591619637,0.7622960393355488,0.3989620431195182,0.5978739557021049,0.5134170000806193,0,0,0.106460556235949,0.40267109908425974,0.7702293620069028,0.10103795688048178,0,0,✅ Stable performance.
2025-08-19 10:28:59,0.71481036832145,0.38396399189551694,0.8185289937120168,0.6776351164038652,0.5105871020278991,0.3609309835816332,0,0,0.11065344545894812,0.40391523316890754,0.7711394124402923,0.1776351164038652,0,0,✅ Stable performance.
2025-08-19 10:29:00,0.5009320659875063,0.4330851304615578,0.7276306265658573,0.0,0.7280055545573796,0.7159107463256189,0,0,0.1089845995193575,0.4009486665215826,0.7711289692043938,0.5,0,0,✅ Stable performance.
2025-08-19 10:29:01,0.4944613109189766,0.5451001438131337,0.8020466397131761,0.5357891642202186,0.7871417907452272,0.5947229661644646,0,0,0.10874573959744355,0.4087079172527266,0.7712697878685497,0.035789164220218606,0,0,✅ Stable performance.
2025-08-19 10:29:02,0.5239108374259911,0.4879417041137403,0.6958943270760706,0.48225980260809553,0.5116837320390939,0.4528677947601747,0,0,0.09481956548424197,0.40593250644312495,0.7693293091164425,0.017740197391904466,0,0,✅ Stable performance.
2025-08-19 10:29:03,0.6544073730709548,0.2922623923015242,0.7532560573763334,0.2281673441250942,0.5799876246459399,0.5163703286179673,0,0,0.09754610507841509,0.4081667078859367,0.7686953981231592,0.2718326558749058,0,0,✅ Stable performance.
2025-08-19 10:29:04,0.4080180314076607,0.5376496450019538,0.7651820108090007,0.5230675130387707,0.3948762878481058,0.8192163267615669,0,0,0.09790197506067462,0.41130579583747884,0.7674053526280499,0.02306751303877075,1,1,😴 Fatigue predicted — substitute player advised.
2025-08-19 10:29:05,0.5472545645478153,0.43131321400131556,0.8657329780870596,0.5476635801506848,0.5114282124071403,0.5630696246528466,0,0,0.09770751006478366,0.4107648006957672,0.7687880654523885,0.04766358015068484,0,0,✅ Stable performance.
2025-08-19 10:29:06,0.635669924116725,0.4687065795858917,0.7685833978251784,0.5645355849570026,0.5042380923065566,0.5471603208987186,0,0,0.10003978620248964,0.4157068769084332,0.7699066627451678,0.06453558495700262,0,0,✅ Stable performance.
2025-08-19 10:29:07,0.5806112791963818,0.5466540859278604,0.6725948580117233,0.08432329780032166,0.5574523341086692,0.43604397532101835,0,0,0.10056823011654503,0.4191806999798252,0.7672696647107997,0.41567670219967834,0,0,✅ Stable performance.
2025-08-19 10:29:08,0.5448077996103933,0.2888419750486449,0.683046104962663,0.6796084661086912,0.5779586629397322,0.2966161475852068,0,0,0.10027110271023999,0.4112103702489128,0.7664417394395434,0.1796084661086912,0,0,✅ Stable performance.
2025-08-19 10:29:09,0.6420419116888958,0.3964174421293537,0.7850255482445159,0.367889382397951,0.6094345098197698,0.5503337040615819,0,0,0.10113087786383779,0.4184803477844048,0.7660449339665508,0.132110617602049,0,0,✅ Stable performance.
2025-08-19 10:29:10,0.20426134543070584,0.3468545448640785,0.8143461303381336,0.5788952128172888,0.5647735624214838,0.6213529556577557,0,0,0.11722935215398128,0.41503301658823805,0.7655784831207026,0.07889521281728884,0,0,✅ Stable performance.
2025-08-19 10:29:11,0.6059195745852775,0.24321405746345443,0.8027638990514573,0.5869700952207415,0.364000404717125,0.7345831582481073,0,0,0.11772209124995389,0.41811772123812013,0.7658443082812398,0.0869700952207415,0,0,✅ Stable performance.
2025-08-19 10:29:12,0.4491857060253597,0.434670997760492,0.7927031300816004,0.34730287749385,0.40174285953118316,0.24484771433492158,0,0,0.11800359190107676,0.4224923038418806,0.7675642676685009,0.15269712250614997,0,0,✅ Stable performance.
2025-08-19 10:29:13,0.31085364655169245,0.6511556551584423,0.8427711232882906,0.575027432419235,0.45608960137923393,0.40917136704625934,0,0,0.12359270310241553,0.4254336044641588,0.7696315127599701,0.07502743241923504,0,0,✅ Stable performance.
2025-08-19 10:29:14,0.5893574222898721,0.21599222554942474,0.7580121009976071,0.42007304615611396,0.4927080680992275,0.48879609938421686,0,0,0.12196926846144138,0.42123928542711314,0.7684130849750747,0.07992695384388604,0,0,✅ Stable performance.
2025-08-19 10:29:15,0.692581584043894,0.39677193889505297,0.8300707084572613,0.1703151098813218,0.6774887410042796,0.5732339612400434,0,0,0.12464684672479676,0.42504461660497816,0.769633297964589,0.3296848901186782,0,0,✅ Stable performance.
2025-08-19 10:29:16,0.5145868575151731,0.4640542935074774,0.7040579550260555,0.6501795207938383,0.3706268789161933,0.5525285349358025,0,0,0.12356749738247731,0.427839552151843,0.7685404929027383,0.15017952079383834,0,0,✅ Stable performance.
2025-08-19 10:29:17,0.6447896566132765,0.4123078201656181,0.7407448262519295,0.3623622915974076,0.48228748930890086,0.5559432900754713,0,0,0.12492897760112155,0.42135679169681844,0.7674875346499431,0.13763770840259237,0,0,✅ Stable performance.
2025-08-19 10:29:18,0.723929671845686,0.388687194748426,0.6959736667736983,0.3505922682414835,0.6639367211893128,0.6334367458783969,0,0,0.13011721282615613,0.42708530567911934,0.765734916390556,0.14940773175851652,0,0,✅ Stable performance.
2025-08-19 10:29:19,0.6897064691012387,0.2700783636554176,0.7729169901082559,0.4174697215822971,0.49026326791515107,0.44161529436063285,0,0,0.12880987854116252,0.42625895083976445,0.7656070640844664,0.08253027841770288,0,0,✅ Stable performance.
2025-08-19 10:29:20,0.7292147827628452,0.4232786742940164,0.7846797128998847,0.5175134898603937,0.5956540455995518,0.7103832324112143,0,0,0.13337709854225743,0.4220434677056329,0.7660759220008846,0.017513489860393694,0,0,✅ Stable performance.
2025-08-19 10:29:21,0.6238308848426353,0.3243236022984074,0.7930313669959842,0.46869813523440484,0.5124887429095115,0.6371457121645545,0,0,0.1334524326891631,0.4133285799704541,0.7667650822373066,0.031301864765595155,0,0,✅ Stable performance.
2025-08-19 10:29:22,0.5458221296489467,0.18100782950214467,0.7907539786504714,0.5583767899898713,0.5674268059702792,0.5269601402113417,0,0,0.13321743462376076,0.40637361170149316,0.7664352546317594,0.05837678998987128,0,0,✅ Stable performance.
2025-08-19 10:29:23,0.34805930532987683,0.5194592220513731,0.7416156630869846,0.27874178478200173,0.5001613203040232,0.8079134929683016,0,0,0.13736166074901815,0.4144857614449611,0.7655345042016496,0.22125821521799827,1,1,⚠ Performance drop predicted — monitor closely.
2025-08-19 10:29:24,0.5096596235192925,0.4958385819842043,0.7788148060283665,0.36720055032915155,0.6242995572384631,0.8014054998865403,0,0,0.13699500733167053,0.410694235838404,0.7659239054532764,0.13279944967084845,0,0,✅ Stable performance.
2025-08-19 10:29:25,0.43985614536247875,0.40516609768510803,0.7137880334401963,0.4599979812996673,0.3176582924201865,0.7102009629291299,0,0,0.13184459469882093,0.405551631122077,0.7641077915900671,0.04000201870033271,0,0,✅ Stable performance.
2025-08-19 10:29:26,0.7979029853818804,0.4229074688205703,0.8571553342485526,0.7583480583299989,0.4814700608678999,0.13220832727026832,0,0,0.13631426307652492,0.4040520567902218,0.7656848627867419,0.25834805832999885,0,0,✅ Stable performance.
2025-08-19 10:29:27,0.5207883419936807,0.5074318012715562,0.7741461004684964,0.46032161252248915,0.5729423600595189,0.8047009033747801,0,0,0.13257501504127256,0.41034112466239847,0.7664750781593951,0.039678387477510846,1,1,😴 Fatigue predicted — substitute player advised.
2025-08-19 10:29:28,0.5571407703180233,0.4224339656778083,0.7652166167826682,0.6379545152759452,0.6058119617921358,0.6899952083140224,0,0,0.13203664226925158,0.41125235465445215,0.767033667264068,0.13795451527594516,0,0,✅ Stable performance.
2025-08-19 10:29:29,0.6087885246949836,0.49040175547613146,0.8694414577785132,0.48289436693181553,0.7387828877254536,0.8672274817455345,0,0,0.12908467837068546,0.4148002801071394,0.7695069201894859,0.017105633068184467,0,0,✅ Stable performance.
2025-08-19 10:29:30,0.5495128371243079,0.370251779912615,0.728215633300304,0.4055301785891885,0.47762857061223807,0.7547513636844665,0,0,0.12869217464509786,0.41270583508884123,0.7690322417134876,0.0944698214108115,0,0,✅ Stable performance.
2025-08-19 10:29:31,0.7460550022884276,0.5311983738573947,0.7343821228976234,0.44063117148893216,0.736915575684693,0.8046127860067629,0,0,0.1326645048694588,0.41224244275698324,0.7673996675079704,0.05936882851106784,1,1,⚠ Performance drop predicted — monitor closely.
2025-08-19 10:29:32,0.4723379690519951,0.43207857259326843,0.73618398097725,0.4522317466206598,0.44047889903786297,0.7022670157486013,0,0,0.13354142782720352,0.41038033837296756,0.7674905818428951,0.04776825337934021,0,0,✅ Stable performance.
2025-08-19 10:29:33,0.5700266550486548,0.41940519436058743,0.7879349467571605,0.5666106011272696,0.7160069887683793,0.7710211585911488,0,0,0.1324315905545737,0.41461843177493635,0.7676104778454201,0.06661060112726958,0,0,✅ Stable performance.
2025-08-19 10:29:34,0.4598579165190855,0.2729938911287968,0.8132436159454708,0.6808265058982048,0.6451480257691924,0.8654305271684801,0,0,0.13070592305999051,0.40579657331249774,0.7688509306129306,0.18082650589820481,0,0,✅ Stable performance.
2025-08-19 10:29:35,0.39227312471086595,0.4286955854301709,0.828979326490939,0.5304680373484731,0.40520950671103684,0.6054193312744269,0,0,0.13431415965352875,0.4057093190267929,0.770017769658878,0.030468037348473143,0,0,✅ Stable performance.
2025-08-19 10:29:36,0.4770138952622507,0.3168045082505549,0.9209288375812521,0.6530440464643008,0.5743932201574524,0.343767491108087,0,0,0.13421887322057077,0.4006459166489484,0.7737529853882347,0.1530440464643008,0,0,✅ Stable performance.
2025-08-19 10:29:37,0.545924214706409,0.3361717273471506,0.6801909676179219,0.3342522525572167,0.5247296268184378,0.5287697426366662,0,0,0.13410755017412676,0.39362983802959134,0.7723957588221542,0.1657477474427833,0,0,✅ Stable performance.
2025-08-19 10:29:38,0.5002571334661015,0.3184624371683879,0.8234328884056372,0.4157564596260812,0.618549535355438,0.6307818151314868,0,0,0.13441566108779895,0.39461718676691615,0.7733979782510516,0.08424354037391879,0,0,✅ Stable performance.
2025-08-19 10:29:39,0.46987919106810305,0.29337650681007754,0.7654730989422612,0.369879608781551,0.5008822695198658,0.5846971842954072,0,0,0.13396830411847874,0.3911824889229403,0.7728169814420014,0.13012039121844898,0,0,✅ Stable performance.
2025-08-19 10:29:40,0.3860832526564497,0.6124771403016962,0.7643423887478905,0.523766440703227,0.48924182185573883,0.3914041658574299,0,0,0.12166407970377693,0.4000365754375275,0.7724757533450043,0.023766440703226976,0,0,✅ Stable performance.
2025-08-19 10:29:41,0.5436236433555448,0.5331339061988404,0.7630080584010916,0.42400409422897134,0.7216138581245932,0.33516118676556717,0,0,0.12119049869839553,0.4097005703953737,0.7732914552970426,0.07599590577102866,0,0,✅ Stable performance.
2025-08-19 10:29:42,0.3759564437813052,0.5920367502144261,0.7488916998948432,0.585295913906489,0.5181473138550219,0.46533067761545266,0,0,0.12393423034781312,0.41494609547717154,0.7719641673227892,0.08529591390648905,0,0,✅ Stable performance.
2025-08-19 10:29:43,0.6450255621966583,0.27771049804444364,0.8788899437868708,0.339257832983916,0.6463893828168001,0.6918939892012783,0,0,0.11703353333579787,0.4024979235733716,0.7735262041062302,0.16074216701608401,0,0,✅ Stable performance.
2025-08-19 10:29:44,0.5654801211877816,0.40712537499108925,0.8371120870288498,0.4835574420574762,0.5005939571383546,0.8049049077883843,0,0,0.11687756207853217,0.4088690285547604,0.7743963092358837,0.016442557942523806,0,0,✅ Stable performance.
2025-08-19 10:29:45,0.38375187294587354,0.27064923747959047,0.7964905382274797,0.5789381996593108,0.7628624150602841,0.7078126474453295,0,0,0.11792538922291021,0.40466493850757834,0.7747568098006253,0.07893819965931081,0,0,✅ Stable performance.
2025-08-19 10:29:46,0.5205139630124627,0.33043051228029363,0.8632150455454173,0.1712150120910021,0.4378020623724215,0.7284166814203279,0,0,0.11787837749095804,0.40021081246667217,0.7766476394218393,0.3287849879089979,0,0,✅ Stable performance.
2025-08-19 10:29:47,0.46873427841087767,0.3081873016583425,0.7203713282775799,0.7914949684372097,0.44670014329853824,0.561921942298319,0,0,0.11710707090259703,0.3967401285164297,0.7755392152890894,0.2914949684372097,0,0,✅ Stable performance.
2025-08-19 10:29:48,0.5963475422340152,0.5239584006441562,0.7297960385974337,0.43523456783364045,0.7431583229971248,0.3189226613834877,0,0,0.11237708074255746,0.401249168712954,0.7743674892711628,0.06476543216635955,0,0,✅ Stable performance.
2025-08-19 10:29:49,0.7180179603952814,0.36037703218982403,0.687766427175702,0.17717981722004872,0.47015401606525486,0.5071564205791974,0,0,0.11383356947273265,0.40425912433076755,0.7743417811919115,0.3228201827799513,0,0,✅ Stable performance.
2025-08-19 10:29:50,0.3377055612093147,0.5068379333694016,0.7620276054007284,0.5006036206813675,0.7537705654176414,0.5358927472013593,0,0,0.11331124135319724,0.40704443296661375,0.7745414217277203,0.0006036206813675449,0,0,✅ Stable performance.
2025-08-19 10:29:51,0.5741445831335661,0.46041208895885183,0.8054167773635867,0.48213708594920934,0.6554575705867127,0.5010375223091761,0,0,0.11213671962091681,0.41158071585529515,0.7752221449301003,0.017862914050790657,0,0,✅ Stable performance.
2025-08-19 10:29:52,0.5421806732237562,0.630363875210479,0.8028082985464222,0.46505017852883546,0.5103945395446554,0.5817435251081771,0,0,0.11211076322484245,0.42655925071223966,0.7754279035284218,0.034949821471164544,0,0,✅ Stable performance.
2025-08-19 10:29:53,0.6413130376324934,0.2520555776860276,0.8054659838242559,0.6240241220751899,0.28047564281031834,0.6383111194870308,0,0,0.10928211665801345,0.4176457959000615,0.7748914479041554,0.12402412207518987,0,0,✅ Stable performance.
2025-08-19 10:29:54,0.5876440716954658,0.5259233239786799,0.7277795653394141,0.5879139653269556,0.5291539907033775,0.6985166132867608,0,0,0.1096950727552351,0.41864862063321073,0.774692203178554,0.08791396532695561,1,1,⚠ Performance drop predicted — monitor closely.
2025-08-19 10:29:55,0.47389216705778603,0.5146440870400728,0.8388236626448757,0.5213118889634276,0.5459196841980045,0.5330615578954292,0,0,0.10886993443498787,0.42229788694504283,0.7761099856245369,0.021311888963427617,0,0,✅ Stable performance.
2025-08-19 10:29:56,0.5257660509186242,0.30266211619729655,0.8109808200475809,0.5438715673224177,0.6936299694377253,0.2952736123022419,0,0,0.09681655155411416,0.41828970852426706,0.777070305603398,0.043871567322417704,0,0,✅ Stable performance.
2025-08-19 10:29:57,0.4698270996875298,0.500713333647316,0.8359856768303873,0.46172220345173587,0.7520202101927431,0.5031109148221489,0,0,0.09734229431509817,0.418065759603459,0.7786826424511629,0.03827779654826413,0,0,✅ Stable performance.
2025-08-19 10:29:58,0.6921752718225969,0.4336144963026229,0.705028372499041,0.7402154440860058,0.43687989515108105,0.5801367887414621,0,0,0.10196370292534271,0.41843844395761953,0.7777281813372212,0.2402154440860058,0,0,✅ Stable performance.
2025-08-19 10:29:59,0.567763496769832,0.3772523740046592,0.8155745429398895,0.2580447223986444,0.6428905713927757,0.7526074816829786,0,0,0.10111445422008486,0.4146667979085705,0.7776789404910193,0.2419552776013556,0,0,✅ Stable performance.
